site_id,wacc_pct,scenario,pvout_used,cf_used,connection_cost_per_kw,transmission_cost_per_kw,substation_upgrade_cost_per_kw,effective_capex_usd_per_kw,lcoe_usd_mwh,lcoe_low_usd_mwh,lcoe_high_usd_mwh,is_cf_provisional,is_capex_provisional,tech_id,lifetime_yr
industropolis-batang,4.0,within_boundary,pvout_within_boundary,0.1762,0.0,0.0,0.0,960.0,46.07,40.54,69.05,False,False,TECH006,27
industropolis-batang,6.0,within_boundary,pvout_within_boundary,0.1762,0.0,0.0,0.0,960.0,55.71,48.88,84.12,False,False,TECH006,27
industropolis-batang,8.0,within_boundary,pvout_within_boundary,0.1762,0.0,0.0,0.0,960.0,66.22,57.96,100.54,False,False,TECH006,27
industropolis-batang,10.0,within_boundary,pvout_within_boundary,0.1762,0.0,0.0,0.0,960.0,77.44,67.66,118.06,False,False,TECH006,27
industropolis-batang,12.0,within_boundary,pvout_within_boundary,0.1762,0.0,0.0,0.0,960.0,89.21,77.84,136.46,False,False,TECH006,27
industropolis-batang,14.0,within_boundary,pvout_within_boundary,0.1762,0.0,0.0,0.0,960.0,101.41,88.38,155.52,False,False,TECH006,27
industropolis-batang,16.0,within_boundary,pvout_within_boundary,0.1762,0.0,0.0,0.0,960.0,113.93,99.21,175.09,False,False,TECH006,27
industropolis-batang,18.0,within_boundary,pvout_within_boundary,0.1762,0.0,0.0,0.0,960.0,126.69,110.24,195.03,False,False,TECH006,27
industropolis-batang,20.0,within_boundary,pvout_within_boundary,0.1762,0.0,0.0,0.0,960.0,139.62,121.42,215.23,False,False,TECH006,27
industropolis-batang,4.0,grid_connected_solar,pvout_buildable_best_50km,0.1781,97.5,0.0,79.4,1181.9,54.9,49.43,77.62,False,False,TECH006,27
industropolis-batang,6.0,grid_connected_solar,pvout_buildable_best_50km,0.1781,97.5,0.0,79.4,1181.9,66.64,59.88,94.73,False,False,TECH006,27
industropolis-batang,8.0,grid_connected_solar,pvout_buildable_best_50km,0.1781,97.5,0.0,79.4,1181.9,79.44,71.27,113.37,False,False,TECH006,27
industropolis-batang,10.0,grid_connected_solar,pvout_buildable_best_50km,0.1781,97.5,0.0,79.4,1181.9,93.09,83.42,133.27,False,False,TECH006,27
industropolis-batang,12.0,grid_connected_solar,pvout_buildable_best_50km,0.1781,97.5,0.0,79.4,1181.9,107.42,96.18,154.15,False,False,TECH006,27
industropolis-batang,14.0,grid_connected_solar,pvout_buildable_best_50km,0.1781,97.5,0.0,79.4,1181.9,122.28,109.4,175.79,False,False,TECH006,27
industropolis-batang,16.0,grid_connected_solar,pvout_buildable_best_50km,0.1781,97.5,0.0,79.4,1181.9,137.53,122.97,198.01,False,False,TECH006,27
industropolis-batang,18.0,grid_connected_solar,pvout_buildable_best_50km,0.1781,97.5,0.0,79.4,1181.9,153.06,136.79,220.64,False,False,TECH006,27
industropolis-batang,20.0,grid_connected_solar,pvout_buildable_best_50km,0.1781,97.5,0.0,79.4,1181.9,168.8,150.8,243.57,False,False,TECH006,27
batam-tourism-and-international-healthcare,4.0,within_boundary,pvout_centroid,0.1513,0.0,0.0,0.0,960.0,53.65,47.21,80.42,True,False,TECH006,27
batam-tourism-and-international-healthcare,6.0,within_boundary,pvout_centroid,0.1513,0.0,0.0,0.0,960.0,64.88,56.92,97.97,True,False,TECH006,27
batam-tourism-and-international-healthcare,8.0,within_boundary,pvout_centroid,0.1513,0.0,0.0,0.0,960.0,77.12,67.5,117.09,True,False,TECH006,27
batam-tourism-and-international-healthcare,10.0,within_boundary,pvout_centroid,0.1513,0.0,0.0,0.0,960.0,90.18,78.79,137.5,True,False,TECH006,27
batam-tourism-and-international-healthcare,12.0,within_boundary,pvout_centroid,0.1513,0.0,0.0,0.0,960.0,103.89,90.65,158.92,True,False,TECH006,27
batam-tourism-and-international-healthcare,14.0,within_boundary,pvout_centroid,0.1513,0.0,0.0,0.0,960.0,118.1,102.93,181.12,True,False,TECH006,27
batam-tourism-and-international-healthcare,16.0,within_boundary,pvout_centroid,0.1513,0.0,0.0,0.0,960.0,132.69,115.54,203.91,True,False,TECH006,27
batam-tourism-and-international-healthcare,18.0,within_boundary,pvout_centroid,0.1513,0.0,0.0,0.0,960.0,147.55,128.39,227.13,True,False,TECH006,27
batam-tourism-and-international-healthcare,20.0,within_boundary,pvout_centroid,0.1513,0.0,0.0,0.0,960.0,162.6,141.41,250.65,True,False,TECH006,27
batam-tourism-and-international-healthcare,4.0,grid_connected_solar,pvout_buildable_best_50km,0.1507,89.2,0.0,79.2,1173.5,64.46,58.0,91.33,False,False,TECH006,27
batam-tourism-and-international-healthcare,6.0,grid_connected_solar,pvout_buildable_best_50km,0.1507,89.2,0.0,79.2,1173.5,78.25,70.25,111.45,False,False,TECH006,27
batam-tourism-and-international-healthcare,8.0,grid_connected_solar,pvout_buildable_best_50km,0.1507,89.2,0.0,79.2,1173.5,93.26,83.6,133.37,False,False,TECH006,27
batam-tourism-and-international-healthcare,10.0,grid_connected_solar,pvout_buildable_best_50km,0.1507,89.2,0.0,79.2,1173.5,109.28,97.85,156.77,False,False,TECH006,27
batam-tourism-and-international-healthcare,12.0,grid_connected_solar,pvout_buildable_best_50km,0.1507,89.2,0.0,79.2,1173.5,126.1,112.81,181.33,False,False,TECH006,27
batam-tourism-and-international-healthcare,14.0,grid_connected_solar,pvout_buildable_best_50km,0.1507,89.2,0.0,79.2,1173.5,143.54,128.31,206.78,False,False,TECH006,27
batam-tourism-and-international-healthcare,16.0,grid_connected_solar,pvout_buildable_best_50km,0.1507,89.2,0.0,79.2,1173.5,161.43,144.22,232.91,False,False,TECH006,27
batam-tourism-and-international-healthcare,18.0,grid_connected_solar,pvout_buildable_best_50km,0.1507,89.2,0.0,79.2,1173.5,179.66,160.43,259.53,False,False,TECH006,27
batam-tourism-and-international-healthcare,20.0,grid_connected_solar,pvout_buildable_best_50km,0.1507,89.2,0.0,79.2,1173.5,198.13,176.86,286.5,False,False,TECH006,27
bumi-serpong-damai,4.0,within_boundary,pvout_centroid,0.1513,0.0,0.0,0.0,960.0,53.65,47.21,80.42,True,False,TECH006,27
bumi-serpong-damai,6.0,within_boundary,pvout_centroid,0.1513,0.0,0.0,0.0,960.0,64.88,56.92,97.97,True,False,TECH006,27
bumi-serpong-damai,8.0,within_boundary,pvout_centroid,0.1513,0.0,0.0,0.0,960.0,77.12,67.5,117.09,True,False,TECH006,27
bumi-serpong-damai,10.0,within_boundary,pvout_centroid,0.1513,0.0,0.0,0.0,960.0,90.18,78.79,137.5,True,False,TECH006,27
bumi-serpong-damai,12.0,within_boundary,pvout_centroid,0.1513,0.0,0.0,0.0,960.0,103.89,90.65,158.92,True,False,TECH006,27
bumi-serpong-damai,14.0,within_boundary,pvout_centroid,0.1513,0.0,0.0,0.0,960.0,118.1,102.93,181.12,True,False,TECH006,27
bumi-serpong-damai,16.0,within_boundary,pvout_centroid,0.1513,0.0,0.0,0.0,960.0,132.69,115.54,203.91,True,False,TECH006,27
bumi-serpong-damai,18.0,within_boundary,pvout_centroid,0.1513,0.0,0.0,0.0,960.0,147.55,128.39,227.13,True,False,TECH006,27
bumi-serpong-damai,20.0,within_boundary,pvout_centroid,0.1513,0.0,0.0,0.0,960.0,162.6,141.41,250.65,True,False,TECH006,27
bumi-serpong-damai,4.0,grid_connected_solar,pvout_buildable_best_50km,0.1663,125.3,0.0,78.6,1208.9,60.01,54.15,84.34,False,False,TECH006,27
bumi-serpong-damai,6.0,grid_connected_solar,pvout_buildable_best_50km,0.1663,125.3,0.0,78.6,1208.9,72.87,65.63,102.95,False,False,TECH006,27
bumi-serpong-damai,8.0,grid_connected_solar,pvout_buildable_best_50km,0.1663,125.3,0.0,78.6,1208.9,86.88,78.13,123.23,False,False,TECH006,27
bumi-serpong-damai,10.0,grid_connected_solar,pvout_buildable_best_50km,0.1663,125.3,0.0,78.6,1208.9,101.84,91.48,144.86,False,False,TECH006,27
bumi-serpong-damai,12.0,grid_connected_solar,pvout_buildable_best_50km,0.1663,125.3,0.0,78.6,1208.9,117.54,105.49,167.58,False,False,TECH006,27
bumi-serpong-damai,14.0,grid_connected_solar,pvout_buildable_best_50km,0.1663,125.3,0.0,78.6,1208.9,133.81,120.02,191.12,False,False,TECH006,27
bumi-serpong-damai,16.0,grid_connected_solar,pvout_buildable_best_50km,0.1663,125.3,0.0,78.6,1208.9,150.51,134.92,215.28,False,False,TECH006,27
bumi-serpong-damai,18.0,grid_connected_solar,pvout_buildable_best_50km,0.1663,125.3,0.0,78.6,1208.9,167.53,150.11,239.89,False,False,TECH006,27
bumi-serpong-damai,20.0,grid_connected_solar,pvout_buildable_best_50km,0.1663,125.3,0.0,78.6,1208.9,184.77,165.49,264.84,False,False,TECH006,27
setangga,4.0,within_boundary,pvout_centroid,0.1527,0.0,0.0,0.0,960.0,53.14,46.76,79.65,True,False,TECH006,27
setangga,6.0,within_boundary,pvout_centroid,0.1527,0.0,0.0,0.0,960.0,64.27,56.38,97.04,True,False,TECH006,27
setangga,8.0,within_boundary,pvout_centroid,0.1527,0.0,0.0,0.0,960.0,76.39,66.86,115.98,True,False,TECH006,27
setangga,10.0,within_boundary,pvout_centroid,0.1527,0.0,0.0,0.0,960.0,89.33,78.05,136.19,True,False,TECH006,27
setangga,12.0,within_boundary,pvout_centroid,0.1527,0.0,0.0,0.0,960.0,102.91,89.79,157.41,True,False,TECH006,27
setangga,14.0,within_boundary,pvout_centroid,0.1527,0.0,0.0,0.0,960.0,116.98,101.96,179.4,True,False,TECH006,27
setangga,16.0,within_boundary,pvout_centroid,0.1527,0.0,0.0,0.0,960.0,131.43,114.44,201.97,True,False,TECH006,27
setangga,18.0,within_boundary,pvout_centroid,0.1527,0.0,0.0,0.0,960.0,146.15,127.17,224.97,True,False,TECH006,27
setangga,20.0,within_boundary,pvout_centroid,0.1527,0.0,0.0,0.0,960.0,161.06,140.06,248.28,True,False,TECH006,27
setangga,4.0,grid_connected_solar,pvout_buildable_best_50km,0.1508,95.0,0.0,80.0,1180.0,64.77,58.3,91.62,False,False,TECH006,27
setangga,6.0,grid_connected_solar,pvout_buildable_best_50km,0.1508,95.0,0.0,80.0,1180.0,78.62,70.63,111.81,False,False,TECH006,27
setangga,8.0,grid_connected_solar,pvout_buildable_best_50km,0.1508,95.0,0.0,80.0,1180.0,93.71,84.06,133.81,False,False,TECH006,27
setangga,10.0,grid_connected_solar,pvout_buildable_best_50km,0.1508,95.0,0.0,80.0,1180.0,109.82,98.39,157.29,False,False,TECH006,27
setangga,12.0,grid_connected_solar,pvout_buildable_best_50km,0.1508,95.0,0.0,80.0,1180.0,126.73,113.44,181.93,False,False,TECH006,27
setangga,14.0,grid_connected_solar,pvout_buildable_best_50km,0.1508,95.0,0.0,80.0,1180.0,144.25,129.03,207.47,False,False,TECH006,27
setangga,16.0,grid_connected_solar,pvout_buildable_best_50km,0.1508,95.0,0.0,80.0,1180.0,162.24,145.03,233.69,False,False,TECH006,27
setangga,18.0,grid_connected_solar,pvout_buildable_best_50km,0.1508,95.0,0.0,80.0,1180.0,180.56,161.34,260.4,False,False,TECH006,27
setangga,20.0,grid_connected_solar,pvout_buildable_best_50km,0.1508,95.0,0.0,80.0,1180.0,199.13,177.86,287.47,False,False,TECH006,27
tanjung-sauh,4.0,within_boundary,pvout_centroid,0.1497,0.0,0.0,0.0,960.0,54.19,47.68,81.22,True,False,TECH006,27
tanjung-sauh,6.0,within_boundary,pvout_centroid,0.1497,0.0,0.0,0.0,960.0,65.54,57.49,98.95,True,False,TECH006,27
tanjung-sauh,8.0,within_boundary,pvout_centroid,0.1497,0.0,0.0,0.0,960.0,77.9,68.18,118.27,True,False,TECH006,27
tanjung-sauh,10.0,within_boundary,pvout_centroid,0.1497,0.0,0.0,0.0,960.0,91.09,79.59,138.88,True,False,TECH006,27
tanjung-sauh,12.0,within_boundary,pvout_centroid,0.1497,0.0,0.0,0.0,960.0,104.94,91.56,160.52,True,False,TECH006,27
tanjung-sauh,14.0,within_boundary,pvout_centroid,0.1497,0.0,0.0,0.0,960.0,119.29,103.97,182.95,True,False,TECH006,27
tanjung-sauh,16.0,within_boundary,pvout_centroid,0.1497,0.0,0.0,0.0,960.0,134.02,116.7,205.96,True,False,TECH006,27
tanjung-sauh,18.0,within_boundary,pvout_centroid,0.1497,0.0,0.0,0.0,960.0,149.03,129.68,229.41,True,False,TECH006,27
tanjung-sauh,20.0,within_boundary,pvout_centroid,0.1497,0.0,0.0,0.0,960.0,164.24,142.83,253.18,True,False,TECH006,27
tanjung-sauh,4.0,grid_connected_solar,pvout_buildable_best_50km,0.1543,234.6,0.0,79.8,1319.4,70.06,63.74,96.29,False,False,TECH006,27
tanjung-sauh,6.0,grid_connected_solar,pvout_buildable_best_50km,0.1543,234.6,0.0,79.8,1319.4,85.19,77.38,117.62,False,False,TECH006,27
tanjung-sauh,8.0,grid_connected_solar,pvout_buildable_best_50km,0.1543,234.6,0.0,79.8,1319.4,101.68,92.25,140.86,False,False,TECH006,27
tanjung-sauh,10.0,grid_connected_solar,pvout_buildable_best_50km,0.1543,234.6,0.0,79.8,1319.4,119.28,108.11,165.66,False,False,TECH006,27
tanjung-sauh,12.0,grid_connected_solar,pvout_buildable_best_50km,0.1543,234.6,0.0,79.8,1319.4,137.75,124.76,191.69,False,False,TECH006,27
tanjung-sauh,14.0,grid_connected_solar,pvout_buildable_best_50km,0.1543,234.6,0.0,79.8,1319.4,156.89,142.02,218.67,False,False,TECH006,27
tanjung-sauh,16.0,grid_connected_solar,pvout_buildable_best_50km,0.1543,234.6,0.0,79.8,1319.4,176.54,159.74,246.36,False,False,TECH006,27
tanjung-sauh,18.0,grid_connected_solar,pvout_buildable_best_50km,0.1543,234.6,0.0,79.8,1319.4,196.56,177.78,274.58,False,False,TECH006,27
tanjung-sauh,20.0,grid_connected_solar,pvout_buildable_best_50km,0.1543,234.6,0.0,79.8,1319.4,216.85,196.07,303.17,False,False,TECH006,27
kek-arun-lhokseumawe,4.0,within_boundary,pvout_centroid,0.1615,0.0,0.0,0.0,960.0,50.25,44.21,75.32,True,False,TECH006,27
kek-arun-lhokseumawe,6.0,within_boundary,pvout_centroid,0.1615,0.0,0.0,0.0,960.0,60.77,53.31,91.76,True,False,TECH006,27
kek-arun-lhokseumawe,8.0,within_boundary,pvout_centroid,0.1615,0.0,0.0,0.0,960.0,72.23,63.22,109.67,True,False,TECH006,27
kek-arun-lhokseumawe,10.0,within_boundary,pvout_centroid,0.1615,0.0,0.0,0.0,960.0,84.47,73.8,128.78,True,False,TECH006,27
kek-arun-lhokseumawe,12.0,within_boundary,pvout_centroid,0.1615,0.0,0.0,0.0,960.0,97.31,84.9,148.84,True,False,TECH006,27
kek-arun-lhokseumawe,14.0,within_boundary,pvout_centroid,0.1615,0.0,0.0,0.0,960.0,110.62,96.41,169.64,True,False,TECH006,27
kek-arun-lhokseumawe,16.0,within_boundary,pvout_centroid,0.1615,0.0,0.0,0.0,960.0,124.27,108.22,190.98,True,False,TECH006,27
kek-arun-lhokseumawe,18.0,within_boundary,pvout_centroid,0.1615,0.0,0.0,0.0,960.0,138.19,120.25,212.73,True,False,TECH006,27
kek-arun-lhokseumawe,20.0,within_boundary,pvout_centroid,0.1615,0.0,0.0,0.0,960.0,152.29,132.44,234.76,True,False,TECH006,27
kek-arun-lhokseumawe,4.0,grid_connected_solar,pvout_best_50km,0.1658,85.6,0.0,8.6,1099.2,55.25,49.37,79.68,True,False,TECH006,27
kek-arun-lhokseumawe,6.0,grid_connected_solar,pvout_best_50km,0.1658,85.6,0.0,8.6,1099.2,66.99,59.72,97.18,True,False,TECH006,27
kek-arun-lhokseumawe,8.0,grid_connected_solar,pvout_best_50km,0.1658,85.6,0.0,8.6,1099.2,79.78,71.0,116.25,True,False,TECH006,27
kek-arun-lhokseumawe,10.0,grid_connected_solar,pvout_best_50km,0.1658,85.6,0.0,8.6,1099.2,93.43,83.03,136.6,True,False,TECH006,27
kek-arun-lhokseumawe,12.0,grid_connected_solar,pvout_best_50km,0.1658,85.6,0.0,8.6,1099.2,107.75,95.66,157.96,True,False,TECH006,27
kek-arun-lhokseumawe,14.0,grid_connected_solar,pvout_best_50km,0.1658,85.6,0.0,8.6,1099.2,122.6,108.75,180.11,True,False,TECH006,27
kek-arun-lhokseumawe,16.0,grid_connected_solar,pvout_best_50km,0.1658,85.6,0.0,8.6,1099.2,137.84,122.19,202.83,True,False,TECH006,27
kek-arun-lhokseumawe,18.0,grid_connected_solar,pvout_best_50km,0.1658,85.6,0.0,8.6,1099.2,153.36,135.88,225.98,True,False,TECH006,27
kek-arun-lhokseumawe,20.0,grid_connected_solar,pvout_best_50km,0.1658,85.6,0.0,8.6,1099.2,169.09,149.75,249.44,True,False,TECH006,27
kek-sanur,4.0,within_boundary,pvout_centroid,0.1909,0.0,0.0,0.0,960.0,42.51,37.4,63.71,True,False,TECH006,27
kek-sanur,6.0,within_boundary,pvout_centroid,0.1909,0.0,0.0,0.0,960.0,51.41,45.1,77.62,True,False,TECH006,27
kek-sanur,8.0,within_boundary,pvout_centroid,0.1909,0.0,0.0,0.0,960.0,61.1,53.48,92.77,True,False,TECH006,27
kek-sanur,10.0,within_boundary,pvout_centroid,0.1909,0.0,0.0,0.0,960.0,71.45,62.43,108.94,True,False,TECH006,27
kek-sanur,12.0,within_boundary,pvout_centroid,0.1909,0.0,0.0,0.0,960.0,82.31,71.82,125.91,True,False,TECH006,27
kek-sanur,14.0,within_boundary,pvout_centroid,0.1909,0.0,0.0,0.0,960.0,93.57,81.55,143.5,True,False,TECH006,27
kek-sanur,16.0,within_boundary,pvout_centroid,0.1909,0.0,0.0,0.0,960.0,105.13,91.54,161.55,True,False,TECH006,27
kek-sanur,18.0,within_boundary,pvout_centroid,0.1909,0.0,0.0,0.0,960.0,116.9,101.72,179.95,True,False,TECH006,27
kek-sanur,20.0,within_boundary,pvout_centroid,0.1909,0.0,0.0,0.0,960.0,128.83,112.03,198.59,True,False,TECH006,27
kek-sanur,4.0,grid_connected_solar,pvout_buildable_best_50km,0.1847,247.5,0.0,71.2,1323.7,58.68,53.41,80.59,False,False,TECH006,27
kek-sanur,6.0,grid_connected_solar,pvout_buildable_best_50km,0.1847,247.5,0.0,71.2,1323.7,71.36,64.84,98.45,False,False,TECH006,27
kek-sanur,8.0,grid_connected_solar,pvout_buildable_best_50km,0.1847,247.5,0.0,71.2,1323.7,85.18,77.3,117.9,False,False,TECH006,27
kek-sanur,10.0,grid_connected_solar,pvout_buildable_best_50km,0.1847,247.5,0.0,71.2,1323.7,99.92,90.6,138.66,False,False,TECH006,27
kek-sanur,12.0,grid_connected_solar,pvout_buildable_best_50km,0.1847,247.5,0.0,71.2,1323.7,115.4,104.56,160.45,False,False,TECH006,27
kek-sanur,14.0,grid_connected_solar,pvout_buildable_best_50km,0.1847,247.5,0.0,71.2,1323.7,131.44,119.02,183.04,False,False,TECH006,27
kek-sanur,16.0,grid_connected_solar,pvout_buildable_best_50km,0.1847,247.5,0.0,71.2,1323.7,147.91,133.87,206.22,False,False,TECH006,27
kek-sanur,18.0,grid_connected_solar,pvout_buildable_best_50km,0.1847,247.5,0.0,71.2,1323.7,164.68,148.99,229.83,False,False,TECH006,27
kek-sanur,20.0,grid_connected_solar,pvout_buildable_best_50km,0.1847,247.5,0.0,71.2,1323.7,181.68,164.32,253.76,False,False,TECH006,27
kek-kendal,4.0,within_boundary,pvout_within_boundary,0.1782,0.0,0.0,0.0,960.0,45.54,40.07,68.25,False,False,TECH006,27
kek-kendal,6.0,within_boundary,pvout_within_boundary,0.1782,0.0,0.0,0.0,960.0,55.07,48.31,83.15,False,False,TECH006,27
kek-kendal,8.0,within_boundary,pvout_within_boundary,0.1782,0.0,0.0,0.0,960.0,65.46,57.29,99.38,False,False,TECH006,27
kek-kendal,10.0,within_boundary,pvout_within_boundary,0.1782,0.0,0.0,0.0,960.0,76.54,66.88,116.7,False,False,TECH006,27
kek-kendal,12.0,within_boundary,pvout_within_boundary,0.1782,0.0,0.0,0.0,960.0,88.18,76.94,134.89,False,False,TECH006,27
kek-kendal,14.0,within_boundary,pvout_within_boundary,0.1782,0.0,0.0,0.0,960.0,100.24,87.37,153.73,False,False,TECH006,27
kek-kendal,16.0,within_boundary,pvout_within_boundary,0.1782,0.0,0.0,0.0,960.0,112.62,98.07,173.07,False,False,TECH006,27
kek-kendal,18.0,within_boundary,pvout_within_boundary,0.1782,0.0,0.0,0.0,960.0,125.23,108.97,192.78,False,False,TECH006,27
kek-kendal,20.0,within_boundary,pvout_within_boundary,0.1782,0.0,0.0,0.0,960.0,138.01,120.02,212.75,False,False,TECH006,27
kek-kendal,4.0,grid_connected_solar,pvout_buildable_best_50km,0.1782,99.2,0.0,79.6,1183.9,54.96,49.49,77.67,False,False,TECH006,27
kek-kendal,6.0,grid_connected_solar,pvout_buildable_best_50km,0.1782,99.2,0.0,79.6,1183.9,66.71,59.95,94.79,False,False,TECH006,27
kek-kendal,8.0,grid_connected_solar,pvout_buildable_best_50km,0.1782,99.2,0.0,79.6,1183.9,79.52,71.36,113.45,False,False,TECH006,27
kek-kendal,10.0,grid_connected_solar,pvout_buildable_best_50km,0.1782,99.2,0.0,79.6,1183.9,93.19,83.53,133.35,False,False,TECH006,27
kek-kendal,12.0,grid_connected_solar,pvout_buildable_best_50km,0.1782,99.2,0.0,79.6,1183.9,107.55,96.3,154.25,False,False,TECH006,27
kek-kendal,14.0,grid_connected_solar,pvout_buildable_best_50km,0.1782,99.2,0.0,79.6,1183.9,122.42,109.54,175.91,False,False,TECH006,27
kek-kendal,16.0,grid_connected_solar,pvout_buildable_best_50km,0.1782,99.2,0.0,79.6,1183.9,137.68,123.13,198.13,False,False,TECH006,27
kek-kendal,18.0,grid_connected_solar,pvout_buildable_best_50km,0.1782,99.2,0.0,79.6,1183.9,153.24,136.98,220.78,False,False,TECH006,27
kek-kendal,20.0,grid_connected_solar,pvout_buildable_best_50km,0.1782,99.2,0.0,79.6,1183.9,169.0,151.01,243.73,False,False,TECH006,27
kek-sorong,4.0,within_boundary,pvout_centroid,0.1602,0.0,0.0,0.0,960.0,50.66,44.58,75.94,True,False,TECH006,27
kek-sorong,6.0,within_boundary,pvout_centroid,0.1602,0.0,0.0,0.0,960.0,61.27,53.75,92.51,True,False,TECH006,27
kek-sorong,8.0,within_boundary,pvout_centroid,0.1602,0.0,0.0,0.0,960.0,72.83,63.74,110.57,True,False,TECH006,27
kek-sorong,10.0,within_boundary,pvout_centroid,0.1602,0.0,0.0,0.0,960.0,85.16,74.41,129.84,True,False,TECH006,27
kek-sorong,12.0,within_boundary,pvout_centroid,0.1602,0.0,0.0,0.0,960.0,98.11,85.6,150.07,True,False,TECH006,27
kek-sorong,14.0,within_boundary,pvout_centroid,0.1602,0.0,0.0,0.0,960.0,111.53,97.2,171.04,True,False,TECH006,27
kek-sorong,16.0,within_boundary,pvout_centroid,0.1602,0.0,0.0,0.0,960.0,125.3,109.11,192.56,True,False,TECH006,27
kek-sorong,18.0,within_boundary,pvout_centroid,0.1602,0.0,0.0,0.0,960.0,139.33,121.24,214.48,True,False,TECH006,27
kek-sorong,20.0,within_boundary,pvout_centroid,0.1602,0.0,0.0,0.0,960.0,153.55,133.54,236.7,True,False,TECH006,27
kek-sorong,4.0,grid_connected_solar,pvout_best_50km,0.1749,85.3,0.0,8.6,1098.9,52.36,46.79,75.51,True,False,TECH006,27
kek-sorong,6.0,grid_connected_solar,pvout_best_50km,0.1749,85.3,0.0,8.6,1098.9,63.48,56.6,92.1,True,False,TECH006,27
kek-sorong,8.0,grid_connected_solar,pvout_best_50km,0.1749,85.3,0.0,8.6,1098.9,75.6,67.28,110.17,True,False,TECH006,27
kek-sorong,10.0,grid_connected_solar,pvout_best_50km,0.1749,85.3,0.0,8.6,1098.9,88.53,78.68,129.46,True,False,TECH006,27
kek-sorong,12.0,grid_connected_solar,pvout_best_50km,0.1749,85.3,0.0,8.6,1098.9,102.11,90.65,149.7,True,False,TECH006,27
kek-sorong,14.0,grid_connected_solar,pvout_best_50km,0.1749,85.3,0.0,8.6,1098.9,116.18,103.06,170.69,True,False,TECH006,27
kek-sorong,16.0,grid_connected_solar,pvout_best_50km,0.1749,85.3,0.0,8.6,1098.9,130.62,115.79,192.22,True,False,TECH006,27
kek-sorong,18.0,grid_connected_solar,pvout_best_50km,0.1749,85.3,0.0,8.6,1098.9,145.33,128.76,214.16,True,False,TECH006,27
kek-sorong,20.0,grid_connected_solar,pvout_best_50km,0.1749,85.3,0.0,8.6,1098.9,160.24,141.91,236.4,True,False,TECH006,27
kek-singhasari,4.0,within_boundary,pvout_centroid,0.1854,0.0,0.0,0.0,960.0,43.77,38.51,65.6,True,False,TECH006,27
kek-singhasari,6.0,within_boundary,pvout_centroid,0.1854,0.0,0.0,0.0,960.0,52.93,46.43,79.92,True,False,TECH006,27
kek-singhasari,8.0,within_boundary,pvout_centroid,0.1854,0.0,0.0,0.0,960.0,62.92,55.07,95.52,True,False,TECH006,27
kek-singhasari,10.0,within_boundary,pvout_centroid,0.1854,0.0,0.0,0.0,960.0,73.57,64.28,112.17,True,False,TECH006,27
kek-singhasari,12.0,within_boundary,pvout_centroid,0.1854,0.0,0.0,0.0,960.0,84.76,73.95,129.65,True,False,TECH006,27
kek-singhasari,14.0,within_boundary,pvout_centroid,0.1854,0.0,0.0,0.0,960.0,96.35,83.97,147.76,True,False,TECH006,27
kek-singhasari,16.0,within_boundary,pvout_centroid,0.1854,0.0,0.0,0.0,960.0,108.25,94.26,166.35,True,False,TECH006,27
kek-singhasari,18.0,within_boundary,pvout_centroid,0.1854,0.0,0.0,0.0,960.0,120.37,104.74,185.29,True,False,TECH006,27
kek-singhasari,20.0,within_boundary,pvout_centroid,0.1854,0.0,0.0,0.0,960.0,132.65,115.36,204.48,True,False,TECH006,27
kek-singhasari,4.0,grid_connected_solar,pvout_buildable_best_50km,0.1855,100.0,0.0,79.7,1184.8,52.84,47.59,74.67,False,False,TECH006,27
kek-singhasari,6.0,grid_connected_solar,pvout_buildable_best_50km,0.1855,100.0,0.0,79.7,1184.8,64.15,57.65,91.13,False,False,TECH006,27
kek-singhasari,8.0,grid_connected_solar,pvout_buildable_best_50km,0.1855,100.0,0.0,79.7,1184.8,76.47,68.62,109.06,False,False,TECH006,27
kek-singhasari,10.0,grid_connected_solar,pvout_buildable_best_50km,0.1855,100.0,0.0,79.7,1184.8,89.61,80.32,128.2,False,False,TECH006,27
kek-singhasari,12.0,grid_connected_solar,pvout_buildable_best_50km,0.1855,100.0,0.0,79.7,1184.8,103.41,92.61,148.29,False,False,TECH006,27
kek-singhasari,14.0,grid_connected_solar,pvout_buildable_best_50km,0.1855,100.0,0.0,79.7,1184.8,117.72,105.34,169.11,False,False,TECH006,27
kek-singhasari,16.0,grid_connected_solar,pvout_buildable_best_50km,0.1855,100.0,0.0,79.7,1184.8,132.4,118.41,190.48,False,False,TECH006,27
kek-singhasari,18.0,grid_connected_solar,pvout_buildable_best_50km,0.1855,100.0,0.0,79.7,1184.8,147.35,131.73,212.26,False,False,TECH006,27
kek-singhasari,20.0,grid_connected_solar,pvout_buildable_best_50km,0.1855,100.0,0.0,79.7,1184.8,162.51,145.22,234.32,False,False,TECH006,27
kek-morotai,4.0,within_boundary,pvout_centroid,0.1496,0.0,0.0,0.0,960.0,54.25,47.74,81.32,True,False,TECH006,27
kek-morotai,6.0,within_boundary,pvout_centroid,0.1496,0.0,0.0,0.0,960.0,65.61,57.56,99.07,True,False,TECH006,27
kek-morotai,8.0,within_boundary,pvout_centroid,0.1496,0.0,0.0,0.0,960.0,77.99,68.26,118.4,True,False,TECH006,27
kek-morotai,10.0,within_boundary,pvout_centroid,0.1496,0.0,0.0,0.0,960.0,91.2,79.68,139.04,True,False,TECH006,27
kek-morotai,12.0,within_boundary,pvout_centroid,0.1496,0.0,0.0,0.0,960.0,105.06,91.66,160.7,True,False,TECH006,27
kek-morotai,14.0,within_boundary,pvout_centroid,0.1496,0.0,0.0,0.0,960.0,119.43,104.09,183.16,True,False,TECH006,27
kek-morotai,16.0,within_boundary,pvout_centroid,0.1496,0.0,0.0,0.0,960.0,134.18,116.84,206.2,True,False,TECH006,27
kek-morotai,18.0,within_boundary,pvout_centroid,0.1496,0.0,0.0,0.0,960.0,149.2,129.83,229.68,True,False,TECH006,27
kek-morotai,20.0,within_boundary,pvout_centroid,0.1496,0.0,0.0,0.0,960.0,164.43,142.99,253.47,True,False,TECH006,27
kek-morotai,4.0,grid_connected_solar,pvout_best_50km,0.1795,1149.8,0.0,0.0,2154.8,95.11,89.68,117.66,True,False,TECH006,27
kek-morotai,6.0,grid_connected_solar,pvout_best_50km,0.1795,1149.8,0.0,0.0,2154.8,116.36,109.65,144.24,True,False,TECH006,27
kek-morotai,8.0,grid_connected_solar,pvout_best_50km,0.1795,1149.8,0.0,0.0,2154.8,139.51,131.4,173.18,True,False,TECH006,27
kek-morotai,10.0,grid_connected_solar,pvout_best_50km,0.1795,1149.8,0.0,0.0,2154.8,164.21,154.61,204.08,True,False,TECH006,27
kek-morotai,12.0,grid_connected_solar,pvout_best_50km,0.1795,1149.8,0.0,0.0,2154.8,190.14,178.98,236.51,True,False,TECH006,27
kek-morotai,14.0,grid_connected_solar,pvout_best_50km,0.1795,1149.8,0.0,0.0,2154.8,217.02,204.23,270.12,True,False,TECH006,27
kek-morotai,16.0,grid_connected_solar,pvout_best_50km,0.1795,1149.8,0.0,0.0,2154.8,244.6,230.15,304.62,True,False,TECH006,27
kek-morotai,18.0,grid_connected_solar,pvout_best_50km,0.1795,1149.8,0.0,0.0,2154.8,272.71,256.56,339.77,True,False,TECH006,27
kek-morotai,20.0,grid_connected_solar,pvout_best_50km,0.1795,1149.8,0.0,0.0,2154.8,301.19,283.33,375.38,True,False,TECH006,27
kek-gresik,4.0,within_boundary,pvout_within_boundary,0.1758,0.0,0.0,0.0,960.0,46.17,40.62,69.2,False,False,TECH006,27
kek-gresik,6.0,within_boundary,pvout_within_boundary,0.1758,0.0,0.0,0.0,960.0,55.83,48.98,84.3,False,False,TECH006,27
kek-gresik,8.0,within_boundary,pvout_within_boundary,0.1758,0.0,0.0,0.0,960.0,66.36,58.08,100.76,False,False,TECH006,27
kek-gresik,10.0,within_boundary,pvout_within_boundary,0.1758,0.0,0.0,0.0,960.0,77.6,67.8,118.32,False,False,TECH006,27
kek-gresik,12.0,within_boundary,pvout_within_boundary,0.1758,0.0,0.0,0.0,960.0,89.4,78.0,136.75,False,False,TECH006,27
kek-gresik,14.0,within_boundary,pvout_within_boundary,0.1758,0.0,0.0,0.0,960.0,101.63,88.57,155.86,False,False,TECH006,27
kek-gresik,16.0,within_boundary,pvout_within_boundary,0.1758,0.0,0.0,0.0,960.0,114.18,99.42,175.47,False,False,TECH006,27
kek-gresik,18.0,within_boundary,pvout_within_boundary,0.1758,0.0,0.0,0.0,960.0,126.96,110.48,195.44,False,False,TECH006,27
kek-gresik,20.0,within_boundary,pvout_within_boundary,0.1758,0.0,0.0,0.0,960.0,139.92,121.68,215.69,False,False,TECH006,27
kek-gresik,4.0,grid_connected_solar,pvout_buildable_best_50km,0.1757,97.8,0.0,77.2,1180.0,55.57,50.02,78.61,False,False,TECH006,27
kek-gresik,6.0,grid_connected_solar,pvout_buildable_best_50km,0.1757,97.8,0.0,77.2,1180.0,67.45,60.6,95.93,False,False,TECH006,27
kek-gresik,8.0,grid_connected_solar,pvout_buildable_best_50km,0.1757,97.8,0.0,77.2,1180.0,80.4,72.12,114.8,False,False,TECH006,27
kek-gresik,10.0,grid_connected_solar,pvout_buildable_best_50km,0.1757,97.8,0.0,77.2,1180.0,94.22,84.42,134.95,False,False,TECH006,27
kek-gresik,12.0,grid_connected_solar,pvout_buildable_best_50km,0.1757,97.8,0.0,77.2,1180.0,108.73,97.32,156.09,False,False,TECH006,27
kek-gresik,14.0,grid_connected_solar,pvout_buildable_best_50km,0.1757,97.8,0.0,77.2,1180.0,123.76,110.7,178.01,False,False,TECH006,27
kek-gresik,16.0,grid_connected_solar,pvout_buildable_best_50km,0.1757,97.8,0.0,77.2,1180.0,139.19,124.43,200.5,False,False,TECH006,27
kek-gresik,18.0,grid_connected_solar,pvout_buildable_best_50km,0.1757,97.8,0.0,77.2,1180.0,154.91,138.42,223.41,False,False,TECH006,27
kek-gresik,20.0,grid_connected_solar,pvout_buildable_best_50km,0.1757,97.8,0.0,77.2,1180.0,170.84,152.6,246.64,False,False,TECH006,27
kek-likupang,4.0,within_boundary,pvout_centroid,0.1805,0.0,0.0,0.0,960.0,44.97,39.57,67.4,True,False,TECH006,27
kek-likupang,6.0,within_boundary,pvout_centroid,0.1805,0.0,0.0,0.0,960.0,54.39,47.71,82.12,True,False,TECH006,27
kek-likupang,8.0,within_boundary,pvout_centroid,0.1805,0.0,0.0,0.0,960.0,64.64,56.58,98.14,True,False,TECH006,27
kek-likupang,10.0,within_boundary,pvout_centroid,0.1805,0.0,0.0,0.0,960.0,75.59,66.04,115.25,True,False,TECH006,27
kek-likupang,12.0,within_boundary,pvout_centroid,0.1805,0.0,0.0,0.0,960.0,87.08,75.98,133.2,True,False,TECH006,27
kek-likupang,14.0,within_boundary,pvout_centroid,0.1805,0.0,0.0,0.0,960.0,98.99,86.28,151.81,True,False,TECH006,27
kek-likupang,16.0,within_boundary,pvout_centroid,0.1805,0.0,0.0,0.0,960.0,111.22,96.85,170.91,True,False,TECH006,27
kek-likupang,18.0,within_boundary,pvout_centroid,0.1805,0.0,0.0,0.0,960.0,123.67,107.61,190.37,True,False,TECH006,27
kek-likupang,20.0,within_boundary,pvout_centroid,0.1805,0.0,0.0,0.0,960.0,136.29,118.53,210.09,True,False,TECH006,27
kek-likupang,4.0,grid_connected_solar,pvout_best_50km,0.1848,117.2,0.0,8.6,1130.8,50.84,45.57,72.75,True,False,TECH006,27
kek-likupang,6.0,grid_connected_solar,pvout_best_50km,0.1848,117.2,0.0,8.6,1130.8,61.67,55.15,88.75,True,False,TECH006,27
kek-likupang,8.0,grid_connected_solar,pvout_best_50km,0.1848,117.2,0.0,8.6,1130.8,73.47,65.59,106.18,True,False,TECH006,27
kek-likupang,10.0,grid_connected_solar,pvout_best_50km,0.1848,117.2,0.0,8.6,1130.8,86.06,76.74,124.79,True,False,TECH006,27
kek-likupang,12.0,grid_connected_solar,pvout_best_50km,0.1848,117.2,0.0,8.6,1130.8,99.28,88.44,144.32,True,False,TECH006,27
kek-likupang,14.0,grid_connected_solar,pvout_best_50km,0.1848,117.2,0.0,8.6,1130.8,112.98,100.56,164.56,True,False,TECH006,27
kek-likupang,16.0,grid_connected_solar,pvout_best_50km,0.1848,117.2,0.0,8.6,1130.8,127.04,113.01,185.34,True,False,TECH006,27
kek-likupang,18.0,grid_connected_solar,pvout_best_50km,0.1848,117.2,0.0,8.6,1130.8,141.36,125.68,206.5,True,False,TECH006,27
kek-likupang,20.0,grid_connected_solar,pvout_best_50km,0.1848,117.2,0.0,8.6,1130.8,155.88,138.53,227.95,True,False,TECH006,27
kek-bitung,4.0,within_boundary,pvout_centroid,0.1718,0.0,0.0,0.0,960.0,47.24,41.56,70.8,True,False,TECH006,27
kek-bitung,6.0,within_boundary,pvout_centroid,0.1718,0.0,0.0,0.0,960.0,57.13,50.12,86.26,True,False,TECH006,27
kek-bitung,8.0,within_boundary,pvout_centroid,0.1718,0.0,0.0,0.0,960.0,67.9,59.43,103.09,True,False,TECH006,27
kek-bitung,10.0,within_boundary,pvout_centroid,0.1718,0.0,0.0,0.0,960.0,79.4,69.37,121.06,True,False,TECH006,27
kek-bitung,12.0,within_boundary,pvout_centroid,0.1718,0.0,0.0,0.0,960.0,91.47,79.81,139.92,True,False,TECH006,27
kek-bitung,14.0,within_boundary,pvout_centroid,0.1718,0.0,0.0,0.0,960.0,103.99,90.63,159.47,True,False,TECH006,27
kek-bitung,16.0,within_boundary,pvout_centroid,0.1718,0.0,0.0,0.0,960.0,116.83,101.73,179.53,True,False,TECH006,27
kek-bitung,18.0,within_boundary,pvout_centroid,0.1718,0.0,0.0,0.0,960.0,129.91,113.04,199.98,True,False,TECH006,27
kek-bitung,20.0,within_boundary,pvout_centroid,0.1718,0.0,0.0,0.0,960.0,143.17,124.5,220.69,True,False,TECH006,27
kek-bitung,4.0,grid_connected_solar,pvout_best_50km,0.1848,88.5,0.0,0.0,1093.5,49.33,44.06,71.24,True,False,TECH006,27
kek-bitung,6.0,grid_connected_solar,pvout_best_50km,0.1848,88.5,0.0,0.0,1093.5,59.81,53.29,86.88,True,False,TECH006,27
kek-bitung,8.0,grid_connected_solar,pvout_best_50km,0.1848,88.5,0.0,0.0,1093.5,71.22,63.34,103.93,True,False,TECH006,27
kek-bitung,10.0,grid_connected_solar,pvout_best_50km,0.1848,88.5,0.0,0.0,1093.5,83.39,74.07,122.12,True,False,TECH006,27
kek-bitung,12.0,grid_connected_solar,pvout_best_50km,0.1848,88.5,0.0,0.0,1093.5,96.18,85.33,141.22,True,False,TECH006,27
kek-bitung,14.0,grid_connected_solar,pvout_best_50km,0.1848,88.5,0.0,0.0,1093.5,109.43,97.01,161.01,True,False,TECH006,27
kek-bitung,16.0,grid_connected_solar,pvout_best_50km,0.1848,88.5,0.0,0.0,1093.5,123.02,108.99,181.32,True,False,TECH006,27
kek-bitung,18.0,grid_connected_solar,pvout_best_50km,0.1848,88.5,0.0,0.0,1093.5,136.88,121.2,202.01,True,False,TECH006,27
kek-bitung,20.0,grid_connected_solar,pvout_best_50km,0.1848,88.5,0.0,0.0,1093.5,150.92,133.57,222.99,True,False,TECH006,27
kek-palu,4.0,within_boundary,pvout_centroid,0.1657,0.0,0.0,0.0,960.0,48.97,43.09,73.4,True,False,TECH006,27
kek-palu,6.0,within_boundary,pvout_centroid,0.1657,0.0,0.0,0.0,960.0,59.23,51.96,89.42,True,False,TECH006,27
kek-palu,8.0,within_boundary,pvout_centroid,0.1657,0.0,0.0,0.0,960.0,70.4,61.61,106.88,True,False,TECH006,27
kek-palu,10.0,within_boundary,pvout_centroid,0.1657,0.0,0.0,0.0,960.0,82.32,71.92,125.51,True,False,TECH006,27
kek-palu,12.0,within_boundary,pvout_centroid,0.1657,0.0,0.0,0.0,960.0,94.83,82.74,145.06,True,False,TECH006,27
kek-palu,14.0,within_boundary,pvout_centroid,0.1657,0.0,0.0,0.0,960.0,107.8,93.96,165.33,True,False,TECH006,27
kek-palu,16.0,within_boundary,pvout_centroid,0.1657,0.0,0.0,0.0,960.0,121.12,105.47,186.13,True,False,TECH006,27
kek-palu,18.0,within_boundary,pvout_centroid,0.1657,0.0,0.0,0.0,960.0,134.68,117.19,207.32,True,False,TECH006,27
kek-palu,20.0,within_boundary,pvout_centroid,0.1657,0.0,0.0,0.0,960.0,148.42,129.07,228.79,True,False,TECH006,27
kek-palu,4.0,grid_connected_solar,pvout_buildable_best_50km,0.1688,87.0,0.0,79.8,1171.7,57.48,51.71,81.46,False,False,TECH006,27
kek-palu,6.0,grid_connected_solar,pvout_buildable_best_50km,0.1688,87.0,0.0,79.8,1171.7,69.77,62.63,99.41,False,False,TECH006,27
kek-palu,8.0,grid_connected_solar,pvout_buildable_best_50km,0.1688,87.0,0.0,79.8,1171.7,83.15,74.53,118.97,False,False,TECH006,27
kek-palu,10.0,grid_connected_solar,pvout_buildable_best_50km,0.1688,87.0,0.0,79.8,1171.7,97.44,87.23,139.84,False,False,TECH006,27
kek-palu,12.0,grid_connected_solar,pvout_buildable_best_50km,0.1688,87.0,0.0,79.8,1171.7,112.43,100.56,161.74,False,False,TECH006,27
kek-palu,14.0,grid_connected_solar,pvout_buildable_best_50km,0.1688,87.0,0.0,79.8,1171.7,127.98,114.38,184.45,False,False,TECH006,27
kek-palu,16.0,grid_connected_solar,pvout_buildable_best_50km,0.1688,87.0,0.0,79.8,1171.7,143.93,128.56,207.75,False,False,TECH006,27
kek-palu,18.0,grid_connected_solar,pvout_buildable_best_50km,0.1688,87.0,0.0,79.8,1171.7,160.18,143.01,231.49,False,False,TECH006,27
kek-palu,20.0,grid_connected_solar,pvout_buildable_best_50km,0.1688,87.0,0.0,79.8,1171.7,176.65,157.65,255.55,False,False,TECH006,27
kek-kura-kura,4.0,within_boundary,pvout_centroid,0.1923,0.0,0.0,0.0,960.0,42.2,37.13,63.25,True,False,TECH006,27
kek-kura-kura,6.0,within_boundary,pvout_centroid,0.1923,0.0,0.0,0.0,960.0,51.04,44.77,77.06,True,False,TECH006,27
kek-kura-kura,8.0,within_boundary,pvout_centroid,0.1923,0.0,0.0,0.0,960.0,60.66,53.1,92.1,True,False,TECH006,27
kek-kura-kura,10.0,within_boundary,pvout_centroid,0.1923,0.0,0.0,0.0,960.0,70.94,61.98,108.15,True,False,TECH006,27
kek-kura-kura,12.0,within_boundary,pvout_centroid,0.1923,0.0,0.0,0.0,960.0,81.72,71.3,125.0,True,False,TECH006,27
kek-kura-kura,14.0,within_boundary,pvout_centroid,0.1923,0.0,0.0,0.0,960.0,92.9,80.97,142.47,True,False,TECH006,27
kek-kura-kura,16.0,within_boundary,pvout_centroid,0.1923,0.0,0.0,0.0,960.0,104.37,90.88,160.39,True,False,TECH006,27
kek-kura-kura,18.0,within_boundary,pvout_centroid,0.1923,0.0,0.0,0.0,960.0,116.06,100.99,178.65,True,False,TECH006,27
kek-kura-kura,20.0,within_boundary,pvout_centroid,0.1923,0.0,0.0,0.0,960.0,127.9,111.23,197.16,True,False,TECH006,27
kek-kura-kura,4.0,grid_connected_solar,pvout_buildable_best_50km,0.1843,277.1,0.0,77.5,1359.6,60.27,54.99,82.23,False,False,TECH006,27
kek-kura-kura,6.0,grid_connected_solar,pvout_buildable_best_50km,0.1843,277.1,0.0,77.5,1359.6,73.33,66.79,100.47,False,False,TECH006,27
kek-kura-kura,8.0,grid_connected_solar,pvout_buildable_best_50km,0.1843,277.1,0.0,77.5,1359.6,87.55,79.65,120.34,False,False,TECH006,27
kek-kura-kura,10.0,grid_connected_solar,pvout_buildable_best_50km,0.1843,277.1,0.0,77.5,1359.6,102.73,93.38,141.55,False,False,TECH006,27
kek-kura-kura,12.0,grid_connected_solar,pvout_buildable_best_50km,0.1843,277.1,0.0,77.5,1359.6,118.66,107.79,163.81,False,False,TECH006,27
kek-kura-kura,14.0,grid_connected_solar,pvout_buildable_best_50km,0.1843,277.1,0.0,77.5,1359.6,135.17,122.72,186.88,False,False,TECH006,27
kek-kura-kura,16.0,grid_connected_solar,pvout_buildable_best_50km,0.1843,277.1,0.0,77.5,1359.6,152.12,138.05,210.56,False,False,TECH006,27
kek-kura-kura,18.0,grid_connected_solar,pvout_buildable_best_50km,0.1843,277.1,0.0,77.5,1359.6,169.39,153.67,234.68,False,False,TECH006,27
kek-kura-kura,20.0,grid_connected_solar,pvout_buildable_best_50km,0.1843,277.1,0.0,77.5,1359.6,186.88,169.49,259.13,False,False,TECH006,27
kek-galang-batang,4.0,within_boundary,pvout_within_boundary,0.1502,0.0,0.0,0.0,960.0,54.04,47.55,81.0,False,False,TECH006,27
kek-galang-batang,6.0,within_boundary,pvout_within_boundary,0.1502,0.0,0.0,0.0,960.0,65.35,57.33,98.68,False,False,TECH006,27
kek-galang-batang,8.0,within_boundary,pvout_within_boundary,0.1502,0.0,0.0,0.0,960.0,77.68,67.99,117.94,False,False,TECH006,27
kek-galang-batang,10.0,within_boundary,pvout_within_boundary,0.1502,0.0,0.0,0.0,960.0,90.83,79.36,138.49,False,False,TECH006,27
kek-galang-batang,12.0,within_boundary,pvout_within_boundary,0.1502,0.0,0.0,0.0,960.0,104.64,91.3,160.07,False,False,TECH006,27
kek-galang-batang,14.0,within_boundary,pvout_within_boundary,0.1502,0.0,0.0,0.0,960.0,118.96,103.68,182.43,False,False,TECH006,27
kek-galang-batang,16.0,within_boundary,pvout_within_boundary,0.1502,0.0,0.0,0.0,960.0,133.65,116.38,205.38,False,False,TECH006,27
kek-galang-batang,18.0,within_boundary,pvout_within_boundary,0.1502,0.0,0.0,0.0,960.0,148.61,129.32,228.77,False,False,TECH006,27
kek-galang-batang,20.0,within_boundary,pvout_within_boundary,0.1502,0.0,0.0,0.0,960.0,163.78,142.43,252.47,False,False,TECH006,27
kek-galang-batang,4.0,grid_connected_solar,pvout_buildable_best_50km,0.1502,94.2,0.0,79.8,1179.0,64.95,58.46,91.89,False,False,TECH006,27
kek-galang-batang,6.0,grid_connected_solar,pvout_buildable_best_50km,0.1502,94.2,0.0,79.8,1179.0,78.84,70.82,112.15,False,False,TECH006,27
kek-galang-batang,8.0,grid_connected_solar,pvout_buildable_best_50km,0.1502,94.2,0.0,79.8,1179.0,93.97,84.28,134.21,False,False,TECH006,27
kek-galang-batang,10.0,grid_connected_solar,pvout_buildable_best_50km,0.1502,94.2,0.0,79.8,1179.0,110.12,98.65,157.76,False,False,TECH006,27
kek-galang-batang,12.0,grid_connected_solar,pvout_buildable_best_50km,0.1502,94.2,0.0,79.8,1179.0,127.07,113.73,182.48,False,False,TECH006,27
kek-galang-batang,14.0,grid_connected_solar,pvout_buildable_best_50km,0.1502,94.2,0.0,79.8,1179.0,144.64,129.37,208.09,False,False,TECH006,27
kek-galang-batang,16.0,grid_connected_solar,pvout_buildable_best_50km,0.1502,94.2,0.0,79.8,1179.0,162.68,145.41,234.39,False,False,TECH006,27
kek-galang-batang,18.0,grid_connected_solar,pvout_buildable_best_50km,0.1502,94.2,0.0,79.8,1179.0,181.05,161.76,261.17,False,False,TECH006,27
kek-galang-batang,20.0,grid_connected_solar,pvout_buildable_best_50km,0.1502,94.2,0.0,79.8,1179.0,199.67,178.33,288.32,False,False,TECH006,27
kek-maloy-batuta,4.0,within_boundary,pvout_centroid,0.1556,0.0,0.0,0.0,960.0,52.16,45.89,78.18,True,False,TECH006,27
kek-maloy-batuta,6.0,within_boundary,pvout_centroid,0.1556,0.0,0.0,0.0,960.0,63.08,55.34,95.24,True,False,TECH006,27
kek-maloy-batuta,8.0,within_boundary,pvout_centroid,0.1556,0.0,0.0,0.0,960.0,74.98,65.62,113.83,True,False,TECH006,27
kek-maloy-batuta,10.0,within_boundary,pvout_centroid,0.1556,0.0,0.0,0.0,960.0,87.68,76.6,133.67,True,False,TECH006,27
kek-maloy-batuta,12.0,within_boundary,pvout_centroid,0.1556,0.0,0.0,0.0,960.0,101.01,88.13,154.5,True,False,TECH006,27
kek-maloy-batuta,14.0,within_boundary,pvout_centroid,0.1556,0.0,0.0,0.0,960.0,114.82,100.07,176.09,True,False,TECH006,27
kek-maloy-batuta,16.0,within_boundary,pvout_centroid,0.1556,0.0,0.0,0.0,960.0,129.0,112.33,198.24,True,False,TECH006,27
kek-maloy-batuta,18.0,within_boundary,pvout_centroid,0.1556,0.0,0.0,0.0,960.0,143.44,124.82,220.81,True,False,TECH006,27
kek-maloy-batuta,20.0,within_boundary,pvout_centroid,0.1556,0.0,0.0,0.0,960.0,158.08,137.47,243.68,True,False,TECH006,27
kek-maloy-batuta,4.0,grid_connected_solar,pvout_buildable_best_50km,0.1585,385.6,0.0,79.8,1470.3,75.35,69.2,100.9,False,False,TECH006,27
kek-maloy-batuta,6.0,grid_connected_solar,pvout_buildable_best_50km,0.1585,385.6,0.0,79.8,1470.3,91.78,84.18,123.36,False,False,TECH006,27
kek-maloy-batuta,8.0,grid_connected_solar,pvout_buildable_best_50km,0.1585,385.6,0.0,79.8,1470.3,109.67,100.49,147.82,False,False,TECH006,27
kek-maloy-batuta,10.0,grid_connected_solar,pvout_buildable_best_50km,0.1585,385.6,0.0,79.8,1470.3,128.76,117.89,173.93,False,False,TECH006,27
kek-maloy-batuta,12.0,grid_connected_solar,pvout_buildable_best_50km,0.1585,385.6,0.0,79.8,1470.3,148.81,136.16,201.33,False,False,TECH006,27
kek-maloy-batuta,14.0,grid_connected_solar,pvout_buildable_best_50km,0.1585,385.6,0.0,79.8,1470.3,169.58,155.1,229.74,False,False,TECH006,27
kek-maloy-batuta,16.0,grid_connected_solar,pvout_buildable_best_50km,0.1585,385.6,0.0,79.8,1470.3,190.9,174.54,258.89,False,False,TECH006,27
kek-maloy-batuta,18.0,grid_connected_solar,pvout_buildable_best_50km,0.1585,385.6,0.0,79.8,1470.3,212.63,194.34,288.59,False,False,TECH006,27
kek-maloy-batuta,20.0,grid_connected_solar,pvout_buildable_best_50km,0.1585,385.6,0.0,79.8,1470.3,234.64,214.41,318.69,False,False,TECH006,27
kek-nongsa,4.0,within_boundary,pvout_centroid,0.1507,0.0,0.0,0.0,960.0,53.86,47.39,80.73,True,False,TECH006,27
kek-nongsa,6.0,within_boundary,pvout_centroid,0.1507,0.0,0.0,0.0,960.0,65.14,57.14,98.35,True,False,TECH006,27
kek-nongsa,8.0,within_boundary,pvout_centroid,0.1507,0.0,0.0,0.0,960.0,77.43,67.77,117.55,True,False,TECH006,27
kek-nongsa,10.0,within_boundary,pvout_centroid,0.1507,0.0,0.0,0.0,960.0,90.54,79.1,138.04,True,False,TECH006,27
kek-nongsa,12.0,within_boundary,pvout_centroid,0.1507,0.0,0.0,0.0,960.0,104.3,91.0,159.55,True,False,TECH006,27
kek-nongsa,14.0,within_boundary,pvout_centroid,0.1507,0.0,0.0,0.0,960.0,118.57,103.34,181.84,True,False,TECH006,27
kek-nongsa,16.0,within_boundary,pvout_centroid,0.1507,0.0,0.0,0.0,960.0,133.21,116.0,204.71,True,False,TECH006,27
kek-nongsa,18.0,within_boundary,pvout_centroid,0.1507,0.0,0.0,0.0,960.0,148.13,128.89,228.02,True,False,TECH006,27
kek-nongsa,20.0,within_boundary,pvout_centroid,0.1507,0.0,0.0,0.0,960.0,163.25,141.96,251.64,True,False,TECH006,27
kek-nongsa,4.0,grid_connected_solar,pvout_buildable_best_50km,0.1505,98.2,0.0,80.0,1183.2,65.04,58.56,91.94,False,False,TECH006,27
kek-nongsa,6.0,grid_connected_solar,pvout_buildable_best_50km,0.1505,98.2,0.0,80.0,1183.2,78.95,70.95,112.2,False,False,TECH006,27
kek-nongsa,8.0,grid_connected_solar,pvout_buildable_best_50km,0.1505,98.2,0.0,80.0,1183.2,94.11,84.44,134.28,False,False,TECH006,27
kek-nongsa,10.0,grid_connected_solar,pvout_buildable_best_50km,0.1505,98.2,0.0,80.0,1183.2,110.29,98.84,157.84,False,False,TECH006,27
kek-nongsa,12.0,grid_connected_solar,pvout_buildable_best_50km,0.1505,98.2,0.0,80.0,1183.2,127.27,113.96,182.58,False,False,TECH006,27
kek-nongsa,14.0,grid_connected_solar,pvout_buildable_best_50km,0.1505,98.2,0.0,80.0,1183.2,144.87,129.63,208.21,False,False,TECH006,27
kek-nongsa,16.0,grid_connected_solar,pvout_buildable_best_50km,0.1505,98.2,0.0,80.0,1183.2,162.94,145.71,234.52,False,False,TECH006,27
kek-nongsa,18.0,grid_connected_solar,pvout_buildable_best_50km,0.1505,98.2,0.0,80.0,1183.2,181.34,162.09,261.32,False,False,TECH006,27
kek-nongsa,20.0,grid_connected_solar,pvout_buildable_best_50km,0.1505,98.2,0.0,80.0,1183.2,200.0,178.69,288.49,False,False,TECH006,27
kek-mandalika,4.0,within_boundary,pvout_centroid,0.1887,0.0,0.0,0.0,960.0,43.01,37.85,64.47,True,False,TECH006,27
kek-mandalika,6.0,within_boundary,pvout_centroid,0.1887,0.0,0.0,0.0,960.0,52.02,45.63,78.54,True,False,TECH006,27
kek-mandalika,8.0,within_boundary,pvout_centroid,0.1887,0.0,0.0,0.0,960.0,61.83,54.12,93.87,True,False,TECH006,27
kek-mandalika,10.0,within_boundary,pvout_centroid,0.1887,0.0,0.0,0.0,960.0,72.3,63.17,110.23,True,False,TECH006,27
kek-mandalika,12.0,within_boundary,pvout_centroid,0.1887,0.0,0.0,0.0,960.0,83.29,72.67,127.41,True,False,TECH006,27
kek-mandalika,14.0,within_boundary,pvout_centroid,0.1887,0.0,0.0,0.0,960.0,94.69,82.52,145.21,True,False,TECH006,27
kek-mandalika,16.0,within_boundary,pvout_centroid,0.1887,0.0,0.0,0.0,960.0,106.38,92.63,163.48,True,False,TECH006,27
kek-mandalika,18.0,within_boundary,pvout_centroid,0.1887,0.0,0.0,0.0,960.0,118.29,102.93,182.09,True,False,TECH006,27
kek-mandalika,20.0,within_boundary,pvout_centroid,0.1887,0.0,0.0,0.0,960.0,130.36,113.37,200.95,True,False,TECH006,27
kek-mandalika,4.0,grid_connected_solar,pvout_best_50km,0.1975,89.0,0.0,44.3,1138.3,47.85,42.91,68.34,True,False,TECH006,27
kek-mandalika,6.0,grid_connected_solar,pvout_best_50km,0.1975,89.0,0.0,44.3,1138.3,58.05,51.95,83.38,True,False,TECH006,27
kek-mandalika,8.0,grid_connected_solar,pvout_best_50km,0.1975,89.0,0.0,44.3,1138.3,69.16,61.79,99.76,True,False,TECH006,27
kek-mandalika,10.0,grid_connected_solar,pvout_best_50km,0.1975,89.0,0.0,44.3,1138.3,81.02,72.29,117.24,True,False,TECH006,27
kek-mandalika,12.0,grid_connected_solar,pvout_best_50km,0.1975,89.0,0.0,44.3,1138.3,93.46,83.32,135.6,True,False,TECH006,27
kek-mandalika,14.0,grid_connected_solar,pvout_best_50km,0.1975,89.0,0.0,44.3,1138.3,106.37,94.75,154.62,True,False,TECH006,27
kek-mandalika,16.0,grid_connected_solar,pvout_best_50km,0.1975,89.0,0.0,44.3,1138.3,119.61,106.48,174.14,True,False,TECH006,27
kek-mandalika,18.0,grid_connected_solar,pvout_best_50km,0.1975,89.0,0.0,44.3,1138.3,133.1,118.43,194.03,True,False,TECH006,27
kek-mandalika,20.0,grid_connected_solar,pvout_best_50km,0.1975,89.0,0.0,44.3,1138.3,146.77,130.54,214.19,True,False,TECH006,27
kek-batam-aero-technic,4.0,within_boundary,pvout_centroid,0.1518,0.0,0.0,0.0,960.0,53.46,47.04,80.13,True,False,TECH006,27
kek-batam-aero-technic,6.0,within_boundary,pvout_centroid,0.1518,0.0,0.0,0.0,960.0,64.66,56.72,97.62,True,False,TECH006,27
kek-batam-aero-technic,8.0,within_boundary,pvout_centroid,0.1518,0.0,0.0,0.0,960.0,76.85,67.26,116.68,True,False,TECH006,27
kek-batam-aero-technic,10.0,within_boundary,pvout_centroid,0.1518,0.0,0.0,0.0,960.0,89.86,78.51,137.01,True,False,TECH006,27
kek-batam-aero-technic,12.0,within_boundary,pvout_centroid,0.1518,0.0,0.0,0.0,960.0,103.53,90.33,158.36,True,False,TECH006,27
kek-batam-aero-technic,14.0,within_boundary,pvout_centroid,0.1518,0.0,0.0,0.0,960.0,117.69,102.57,180.48,True,False,TECH006,27
kek-batam-aero-technic,16.0,within_boundary,pvout_centroid,0.1518,0.0,0.0,0.0,960.0,132.22,115.13,203.19,True,False,TECH006,27
kek-batam-aero-technic,18.0,within_boundary,pvout_centroid,0.1518,0.0,0.0,0.0,960.0,147.03,127.93,226.32,True,False,TECH006,27
kek-batam-aero-technic,20.0,within_boundary,pvout_centroid,0.1518,0.0,0.0,0.0,960.0,162.03,140.91,249.77,True,False,TECH006,27
kek-batam-aero-technic,4.0,grid_connected_solar,pvout_buildable_best_50km,0.1509,86.1,0.0,79.4,1170.5,64.24,57.78,91.07,False,False,TECH006,27
kek-batam-aero-technic,6.0,grid_connected_solar,pvout_buildable_best_50km,0.1509,86.1,0.0,79.4,1170.5,77.97,69.99,111.14,False,False,TECH006,27
kek-batam-aero-technic,8.0,grid_connected_solar,pvout_buildable_best_50km,0.1509,86.1,0.0,79.4,1170.5,92.93,83.29,133.0,False,False,TECH006,27
kek-batam-aero-technic,10.0,grid_connected_solar,pvout_buildable_best_50km,0.1509,86.1,0.0,79.4,1170.5,108.9,97.48,156.33,False,False,TECH006,27
kek-batam-aero-technic,12.0,grid_connected_solar,pvout_buildable_best_50km,0.1509,86.1,0.0,79.4,1170.5,125.66,112.38,180.82,False,False,TECH006,27
kek-batam-aero-technic,14.0,grid_connected_solar,pvout_buildable_best_50km,0.1509,86.1,0.0,79.4,1170.5,143.03,127.82,206.2,False,False,TECH006,27
kek-batam-aero-technic,16.0,grid_connected_solar,pvout_buildable_best_50km,0.1509,86.1,0.0,79.4,1170.5,160.85,143.66,232.25,False,False,TECH006,27
kek-batam-aero-technic,18.0,grid_connected_solar,pvout_buildable_best_50km,0.1509,86.1,0.0,79.4,1170.5,179.01,159.81,258.79,False,False,TECH006,27
kek-batam-aero-technic,20.0,grid_connected_solar,pvout_buildable_best_50km,0.1509,86.1,0.0,79.4,1170.5,197.42,176.17,285.69,False,False,TECH006,27
kek-tanjung-kelayang,4.0,within_boundary,pvout_centroid,0.148,0.0,0.0,0.0,960.0,54.85,48.26,82.21,True,False,TECH006,27
kek-tanjung-kelayang,6.0,within_boundary,pvout_centroid,0.148,0.0,0.0,0.0,960.0,66.33,58.19,100.15,True,False,TECH006,27
kek-tanjung-kelayang,8.0,within_boundary,pvout_centroid,0.148,0.0,0.0,0.0,960.0,78.84,69.01,119.7,True,False,TECH006,27
kek-tanjung-kelayang,10.0,within_boundary,pvout_centroid,0.148,0.0,0.0,0.0,960.0,92.19,80.55,140.56,True,False,TECH006,27
kek-tanjung-kelayang,12.0,within_boundary,pvout_centroid,0.148,0.0,0.0,0.0,960.0,106.21,92.67,162.46,True,False,TECH006,27
kek-tanjung-kelayang,14.0,within_boundary,pvout_centroid,0.148,0.0,0.0,0.0,960.0,120.74,105.23,185.16,True,False,TECH006,27
kek-tanjung-kelayang,16.0,within_boundary,pvout_centroid,0.148,0.0,0.0,0.0,960.0,135.65,118.12,208.46,True,False,TECH006,27
kek-tanjung-kelayang,18.0,within_boundary,pvout_centroid,0.148,0.0,0.0,0.0,960.0,150.84,131.25,232.19,True,False,TECH006,27
kek-tanjung-kelayang,20.0,within_boundary,pvout_centroid,0.148,0.0,0.0,0.0,960.0,166.23,144.56,256.24,True,False,TECH006,27
kek-tanjung-kelayang,4.0,grid_connected_solar,pvout_buildable_best_50km,0.1444,97.7,0.0,79.8,1182.5,67.75,61.0,95.79,False,False,TECH006,27
kek-tanjung-kelayang,6.0,grid_connected_solar,pvout_buildable_best_50km,0.1444,97.7,0.0,79.8,1182.5,82.24,73.9,116.9,False,False,TECH006,27
kek-tanjung-kelayang,8.0,grid_connected_solar,pvout_buildable_best_50km,0.1444,97.7,0.0,79.8,1182.5,98.03,87.96,139.9,False,False,TECH006,27
kek-tanjung-kelayang,10.0,grid_connected_solar,pvout_buildable_best_50km,0.1444,97.7,0.0,79.8,1182.5,114.89,102.95,164.45,False,False,TECH006,27
kek-tanjung-kelayang,12.0,grid_connected_solar,pvout_buildable_best_50km,0.1444,97.7,0.0,79.8,1182.5,132.58,118.7,190.22,False,False,TECH006,27
kek-tanjung-kelayang,14.0,grid_connected_solar,pvout_buildable_best_50km,0.1444,97.7,0.0,79.8,1182.5,150.91,135.02,216.92,False,False,TECH006,27
kek-tanjung-kelayang,16.0,grid_connected_solar,pvout_buildable_best_50km,0.1444,97.7,0.0,79.8,1182.5,169.73,151.77,244.33,False,False,TECH006,27
kek-tanjung-kelayang,18.0,grid_connected_solar,pvout_buildable_best_50km,0.1444,97.7,0.0,79.8,1182.5,188.9,168.83,272.26,False,False,TECH006,27
kek-tanjung-kelayang,20.0,grid_connected_solar,pvout_buildable_best_50km,0.1444,97.7,0.0,79.8,1182.5,208.33,186.12,300.56,False,False,TECH006,27
kek-lido,4.0,within_boundary,pvout_within_boundary,0.1482,0.0,0.0,0.0,960.0,54.75,48.17,82.06,False,False,TECH006,27
kek-lido,6.0,within_boundary,pvout_within_boundary,0.1482,0.0,0.0,0.0,960.0,66.21,58.09,99.98,False,False,TECH006,27
kek-lido,8.0,within_boundary,pvout_within_boundary,0.1482,0.0,0.0,0.0,960.0,78.7,68.88,119.49,False,False,TECH006,27
kek-lido,10.0,within_boundary,pvout_within_boundary,0.1482,0.0,0.0,0.0,960.0,92.03,80.41,140.31,False,False,TECH006,27
kek-lido,12.0,within_boundary,pvout_within_boundary,0.1482,0.0,0.0,0.0,960.0,106.02,92.5,162.18,False,False,TECH006,27
kek-lido,14.0,within_boundary,pvout_within_boundary,0.1482,0.0,0.0,0.0,960.0,120.52,105.04,184.83,False,False,TECH006,27
kek-lido,16.0,within_boundary,pvout_within_boundary,0.1482,0.0,0.0,0.0,960.0,135.41,117.91,208.09,False,False,TECH006,27
kek-lido,18.0,within_boundary,pvout_within_boundary,0.1482,0.0,0.0,0.0,960.0,150.57,131.02,231.78,False,False,TECH006,27
kek-lido,20.0,within_boundary,pvout_within_boundary,0.1482,0.0,0.0,0.0,960.0,165.94,144.3,255.79,False,False,TECH006,27
kek-lido,4.0,grid_connected_solar,pvout_buildable_best_50km,0.1617,129.4,0.0,79.2,1213.6,61.94,55.91,86.97,False,False,TECH006,27
kek-lido,6.0,grid_connected_solar,pvout_buildable_best_50km,0.1617,129.4,0.0,79.2,1213.6,75.22,67.77,106.17,False,False,TECH006,27
kek-lido,8.0,grid_connected_solar,pvout_buildable_best_50km,0.1617,129.4,0.0,79.2,1213.6,89.69,80.7,127.08,False,False,TECH006,27
kek-lido,10.0,grid_connected_solar,pvout_buildable_best_50km,0.1617,129.4,0.0,79.2,1213.6,105.14,94.48,149.39,False,False,TECH006,27
kek-lido,12.0,grid_connected_solar,pvout_buildable_best_50km,0.1617,129.4,0.0,79.2,1213.6,121.35,108.96,172.82,False,False,TECH006,27
kek-lido,14.0,grid_connected_solar,pvout_buildable_best_50km,0.1617,129.4,0.0,79.2,1213.6,138.15,123.96,197.1,False,False,TECH006,27
kek-lido,16.0,grid_connected_solar,pvout_buildable_best_50km,0.1617,129.4,0.0,79.2,1213.6,155.4,139.36,222.02,False,False,TECH006,27
kek-lido,18.0,grid_connected_solar,pvout_buildable_best_50km,0.1617,129.4,0.0,79.2,1213.6,172.97,155.05,247.4,False,False,TECH006,27
kek-lido,20.0,grid_connected_solar,pvout_buildable_best_50km,0.1617,129.4,0.0,79.2,1213.6,190.77,170.95,273.13,False,False,TECH006,27
kek-tanjung-lesung,4.0,within_boundary,pvout_centroid,0.1576,0.0,0.0,0.0,960.0,51.5,45.31,77.19,True,False,TECH006,27
kek-tanjung-lesung,6.0,within_boundary,pvout_centroid,0.1576,0.0,0.0,0.0,960.0,62.28,54.64,94.04,True,False,TECH006,27
kek-tanjung-lesung,8.0,within_boundary,pvout_centroid,0.1576,0.0,0.0,0.0,960.0,74.03,64.79,112.39,True,False,TECH006,27
kek-tanjung-lesung,10.0,within_boundary,pvout_centroid,0.1576,0.0,0.0,0.0,960.0,86.56,75.63,131.98,True,False,TECH006,27
kek-tanjung-lesung,12.0,within_boundary,pvout_centroid,0.1576,0.0,0.0,0.0,960.0,99.72,87.01,152.54,True,False,TECH006,27
kek-tanjung-lesung,14.0,within_boundary,pvout_centroid,0.1576,0.0,0.0,0.0,960.0,113.36,98.8,173.85,True,False,TECH006,27
kek-tanjung-lesung,16.0,within_boundary,pvout_centroid,0.1576,0.0,0.0,0.0,960.0,127.36,110.9,195.73,True,False,TECH006,27
kek-tanjung-lesung,18.0,within_boundary,pvout_centroid,0.1576,0.0,0.0,0.0,960.0,141.63,123.24,218.01,True,False,TECH006,27
kek-tanjung-lesung,20.0,within_boundary,pvout_centroid,0.1576,0.0,0.0,0.0,960.0,156.08,135.73,240.6,True,False,TECH006,27
kek-tanjung-lesung,4.0,grid_connected_solar,pvout_best_50km,0.168,125.3,0.0,0.0,1130.3,55.89,50.09,79.98,True,False,TECH006,27
kek-tanjung-lesung,6.0,grid_connected_solar,pvout_best_50km,0.168,125.3,0.0,0.0,1130.3,67.8,60.63,97.58,True,False,TECH006,27
kek-tanjung-lesung,8.0,grid_connected_solar,pvout_best_50km,0.168,125.3,0.0,0.0,1130.3,80.77,72.11,116.74,True,False,TECH006,27
kek-tanjung-lesung,10.0,grid_connected_solar,pvout_best_50km,0.168,125.3,0.0,0.0,1130.3,94.61,84.36,137.2,True,False,TECH006,27
kek-tanjung-lesung,12.0,grid_connected_solar,pvout_best_50km,0.168,125.3,0.0,0.0,1130.3,109.14,97.22,158.67,True,False,TECH006,27
kek-tanjung-lesung,14.0,grid_connected_solar,pvout_best_50km,0.168,125.3,0.0,0.0,1130.3,124.2,110.54,180.93,True,False,TECH006,27
kek-tanjung-lesung,16.0,grid_connected_solar,pvout_best_50km,0.168,125.3,0.0,0.0,1130.3,139.66,124.22,203.77,True,False,TECH006,27
kek-tanjung-lesung,18.0,grid_connected_solar,pvout_best_50km,0.168,125.3,0.0,0.0,1130.3,155.4,138.16,227.04,True,False,TECH006,27
kek-tanjung-lesung,20.0,grid_connected_solar,pvout_best_50km,0.168,125.3,0.0,0.0,1130.3,171.36,152.28,250.62,True,False,TECH006,27
kek-sei-mangkei,4.0,within_boundary,pvout_centroid,0.1511,0.0,0.0,0.0,960.0,53.71,47.26,80.51,True,False,TECH006,27
kek-sei-mangkei,6.0,within_boundary,pvout_centroid,0.1511,0.0,0.0,0.0,960.0,64.96,56.98,98.08,True,False,TECH006,27
kek-sei-mangkei,8.0,within_boundary,pvout_centroid,0.1511,0.0,0.0,0.0,960.0,77.21,67.58,117.22,True,False,TECH006,27
kek-sei-mangkei,10.0,within_boundary,pvout_centroid,0.1511,0.0,0.0,0.0,960.0,90.29,78.88,137.65,True,False,TECH006,27
kek-sei-mangkei,12.0,within_boundary,pvout_centroid,0.1511,0.0,0.0,0.0,960.0,104.01,90.75,159.1,True,False,TECH006,27
kek-sei-mangkei,14.0,within_boundary,pvout_centroid,0.1511,0.0,0.0,0.0,960.0,118.24,103.05,181.33,True,False,TECH006,27
kek-sei-mangkei,16.0,within_boundary,pvout_centroid,0.1511,0.0,0.0,0.0,960.0,132.84,115.67,204.14,True,False,TECH006,27
kek-sei-mangkei,18.0,within_boundary,pvout_centroid,0.1511,0.0,0.0,0.0,960.0,147.71,128.53,227.38,True,False,TECH006,27
kek-sei-mangkei,20.0,within_boundary,pvout_centroid,0.1511,0.0,0.0,0.0,960.0,162.79,141.57,250.94,True,False,TECH006,27
kek-sei-mangkei,4.0,grid_connected_solar,pvout_buildable_best_50km,0.1559,139.1,0.0,30.2,1174.2,62.36,56.11,88.33,False,False,TECH006,27
kek-sei-mangkei,6.0,grid_connected_solar,pvout_buildable_best_50km,0.1559,139.1,0.0,30.2,1174.2,75.69,67.97,107.8,False,False,TECH006,27
kek-sei-mangkei,8.0,grid_connected_solar,pvout_buildable_best_50km,0.1559,139.1,0.0,30.2,1174.2,90.22,80.88,129.0,False,False,TECH006,27
kek-sei-mangkei,10.0,grid_connected_solar,pvout_buildable_best_50km,0.1559,139.1,0.0,30.2,1174.2,105.72,94.67,151.63,False,False,TECH006,27
kek-sei-mangkei,12.0,grid_connected_solar,pvout_buildable_best_50km,0.1559,139.1,0.0,30.2,1174.2,121.99,109.14,175.39,False,False,TECH006,27
kek-sei-mangkei,14.0,grid_connected_solar,pvout_buildable_best_50km,0.1559,139.1,0.0,30.2,1174.2,138.86,124.14,200.01,False,False,TECH006,27
kek-sei-mangkei,16.0,grid_connected_solar,pvout_buildable_best_50km,0.1559,139.1,0.0,30.2,1174.2,156.17,139.53,225.28,False,False,TECH006,27
kek-sei-mangkei,18.0,grid_connected_solar,pvout_buildable_best_50km,0.1559,139.1,0.0,30.2,1174.2,173.8,155.21,251.02,False,False,TECH006,27
kek-sei-mangkei,20.0,grid_connected_solar,pvout_buildable_best_50km,0.1559,139.1,0.0,30.2,1174.2,191.67,171.11,277.11,False,False,TECH006,27
semen-gresik-tuban,4.0,within_boundary,pvout_centroid,0.18,0.0,0.0,0.0,960.0,45.08,39.67,67.57,True,False,TECH006,27
semen-gresik-tuban,6.0,within_boundary,pvout_centroid,0.18,0.0,0.0,0.0,960.0,54.52,47.83,82.32,True,False,TECH006,27
semen-gresik-tuban,8.0,within_boundary,pvout_centroid,0.18,0.0,0.0,0.0,960.0,64.81,56.72,98.39,True,False,TECH006,27
semen-gresik-tuban,10.0,within_boundary,pvout_centroid,0.18,0.0,0.0,0.0,960.0,75.78,66.21,115.54,True,False,TECH006,27
semen-gresik-tuban,12.0,within_boundary,pvout_centroid,0.18,0.0,0.0,0.0,960.0,87.3,76.17,133.54,True,False,TECH006,27
semen-gresik-tuban,14.0,within_boundary,pvout_centroid,0.18,0.0,0.0,0.0,960.0,99.24,86.5,152.2,True,False,TECH006,27
semen-gresik-tuban,16.0,within_boundary,pvout_centroid,0.18,0.0,0.0,0.0,960.0,111.5,97.09,171.35,True,False,TECH006,27
semen-gresik-tuban,18.0,within_boundary,pvout_centroid,0.18,0.0,0.0,0.0,960.0,123.98,107.89,190.86,True,False,TECH006,27
semen-gresik-tuban,20.0,within_boundary,pvout_centroid,0.18,0.0,0.0,0.0,960.0,136.64,118.83,210.63,True,False,TECH006,27
semen-gresik-tuban,4.0,grid_connected_solar,pvout_buildable_best_50km,0.1843,92.5,0.0,78.0,1175.5,52.79,47.5,74.76,False,False,TECH006,27
semen-gresik-tuban,6.0,grid_connected_solar,pvout_buildable_best_50km,0.1843,92.5,0.0,78.0,1175.5,64.08,57.54,91.23,False,False,TECH006,27
semen-gresik-tuban,8.0,grid_connected_solar,pvout_buildable_best_50km,0.1843,92.5,0.0,78.0,1175.5,76.38,68.48,109.18,False,False,TECH006,27
semen-gresik-tuban,10.0,grid_connected_solar,pvout_buildable_best_50km,0.1843,92.5,0.0,78.0,1175.5,89.5,80.15,128.33,False,False,TECH006,27
semen-gresik-tuban,12.0,grid_connected_solar,pvout_buildable_best_50km,0.1843,92.5,0.0,78.0,1175.5,103.28,92.41,148.43,False,False,TECH006,27
semen-gresik-tuban,14.0,grid_connected_solar,pvout_buildable_best_50km,0.1843,92.5,0.0,78.0,1175.5,117.56,105.11,169.27,False,False,TECH006,27
semen-gresik-tuban,16.0,grid_connected_solar,pvout_buildable_best_50km,0.1843,92.5,0.0,78.0,1175.5,132.21,118.14,190.66,False,False,TECH006,27
semen-gresik-tuban,18.0,grid_connected_solar,pvout_buildable_best_50km,0.1843,92.5,0.0,78.0,1175.5,147.14,131.42,212.45,False,False,TECH006,27
semen-gresik-tuban,20.0,grid_connected_solar,pvout_buildable_best_50km,0.1843,92.5,0.0,78.0,1175.5,162.27,144.88,234.53,False,False,TECH006,27
indocement-citeureup,4.0,within_boundary,pvout_centroid,0.158,0.0,0.0,0.0,960.0,51.37,45.2,77.0,True,False,TECH006,27
indocement-citeureup,6.0,within_boundary,pvout_centroid,0.158,0.0,0.0,0.0,960.0,62.13,54.51,93.81,True,False,TECH006,27
indocement-citeureup,8.0,within_boundary,pvout_centroid,0.158,0.0,0.0,0.0,960.0,73.85,64.64,112.12,True,False,TECH006,27
indocement-citeureup,10.0,within_boundary,pvout_centroid,0.158,0.0,0.0,0.0,960.0,86.36,75.45,131.66,True,False,TECH006,27
indocement-citeureup,12.0,within_boundary,pvout_centroid,0.158,0.0,0.0,0.0,960.0,99.49,86.8,152.18,True,False,TECH006,27
indocement-citeureup,14.0,within_boundary,pvout_centroid,0.158,0.0,0.0,0.0,960.0,113.09,98.57,173.44,True,False,TECH006,27
indocement-citeureup,16.0,within_boundary,pvout_centroid,0.158,0.0,0.0,0.0,960.0,127.06,110.64,195.26,True,False,TECH006,27
indocement-citeureup,18.0,within_boundary,pvout_centroid,0.158,0.0,0.0,0.0,960.0,141.29,122.94,217.49,True,False,TECH006,27
indocement-citeureup,20.0,within_boundary,pvout_centroid,0.158,0.0,0.0,0.0,960.0,155.71,135.41,240.02,True,False,TECH006,27
indocement-citeureup,4.0,grid_connected_solar,pvout_buildable_best_50km,0.1572,108.5,0.0,79.5,1193.0,62.71,56.52,88.46,False,False,TECH006,27
indocement-citeureup,6.0,grid_connected_solar,pvout_buildable_best_50km,0.1572,108.5,0.0,79.5,1193.0,76.14,68.48,107.97,False,False,TECH006,27
indocement-citeureup,8.0,grid_connected_solar,pvout_buildable_best_50km,0.1572,108.5,0.0,79.5,1193.0,90.77,81.52,129.22,False,False,TECH006,27
indocement-citeureup,10.0,grid_connected_solar,pvout_buildable_best_50km,0.1572,108.5,0.0,79.5,1193.0,106.38,95.43,151.89,False,False,TECH006,27
indocement-citeureup,12.0,grid_connected_solar,pvout_buildable_best_50km,0.1572,108.5,0.0,79.5,1193.0,122.77,110.03,175.7,False,False,TECH006,27
indocement-citeureup,14.0,grid_connected_solar,pvout_buildable_best_50km,0.1572,108.5,0.0,79.5,1193.0,139.76,125.17,200.38,False,False,TECH006,27
indocement-citeureup,16.0,grid_connected_solar,pvout_buildable_best_50km,0.1572,108.5,0.0,79.5,1193.0,157.19,140.7,225.7,False,False,TECH006,27
indocement-citeureup,18.0,grid_connected_solar,pvout_buildable_best_50km,0.1572,108.5,0.0,79.5,1193.0,174.95,156.52,251.5,False,False,TECH006,27
indocement-citeureup,20.0,grid_connected_solar,pvout_buildable_best_50km,0.1572,108.5,0.0,79.5,1193.0,192.95,172.56,277.65,False,False,TECH006,27
semen-padang-indarung,4.0,within_boundary,pvout_centroid,0.1532,0.0,0.0,0.0,960.0,52.97,46.61,79.39,True,False,TECH006,27
semen-padang-indarung,6.0,within_boundary,pvout_centroid,0.1532,0.0,0.0,0.0,960.0,64.06,56.2,96.72,True,False,TECH006,27
semen-padang-indarung,8.0,within_boundary,pvout_centroid,0.1532,0.0,0.0,0.0,960.0,76.14,66.64,115.6,True,False,TECH006,27
semen-padang-indarung,10.0,within_boundary,pvout_centroid,0.1532,0.0,0.0,0.0,960.0,89.03,77.79,135.75,True,False,TECH006,27
semen-padang-indarung,12.0,within_boundary,pvout_centroid,0.1532,0.0,0.0,0.0,960.0,102.57,89.49,156.9,True,False,TECH006,27
semen-padang-indarung,14.0,within_boundary,pvout_centroid,0.1532,0.0,0.0,0.0,960.0,116.6,101.62,178.82,True,False,TECH006,27
semen-padang-indarung,16.0,within_boundary,pvout_centroid,0.1532,0.0,0.0,0.0,960.0,131.0,114.07,201.31,True,False,TECH006,27
semen-padang-indarung,18.0,within_boundary,pvout_centroid,0.1532,0.0,0.0,0.0,960.0,145.67,126.75,224.23,True,False,TECH006,27
semen-padang-indarung,20.0,within_boundary,pvout_centroid,0.1532,0.0,0.0,0.0,960.0,160.53,139.61,247.46,True,False,TECH006,27
semen-padang-indarung,4.0,grid_connected_solar,pvout_best_50km,0.1677,82.0,0.0,0.0,1087.0,54.08,48.27,78.22,True,False,TECH006,27
semen-padang-indarung,6.0,grid_connected_solar,pvout_best_50km,0.1677,82.0,0.0,0.0,1087.0,65.55,58.37,95.4,True,False,TECH006,27
semen-padang-indarung,8.0,grid_connected_solar,pvout_best_50km,0.1677,82.0,0.0,0.0,1087.0,78.06,69.38,114.11,True,False,TECH006,27
semen-padang-indarung,10.0,grid_connected_solar,pvout_best_50km,0.1677,82.0,0.0,0.0,1087.0,91.4,81.12,134.08,True,False,TECH006,27
semen-padang-indarung,12.0,grid_connected_solar,pvout_best_50km,0.1677,82.0,0.0,0.0,1087.0,105.4,93.45,155.04,True,False,TECH006,27
semen-padang-indarung,14.0,grid_connected_solar,pvout_best_50km,0.1677,82.0,0.0,0.0,1087.0,119.92,106.23,176.77,True,False,TECH006,27
semen-padang-indarung,16.0,grid_connected_solar,pvout_best_50km,0.1677,82.0,0.0,0.0,1087.0,134.81,119.35,199.06,True,False,TECH006,27
semen-padang-indarung,18.0,grid_connected_solar,pvout_best_50km,0.1677,82.0,0.0,0.0,1087.0,149.99,132.71,221.78,True,False,TECH006,27
semen-padang-indarung,20.0,grid_connected_solar,pvout_best_50km,0.1677,82.0,0.0,0.0,1087.0,165.37,146.25,244.8,True,False,TECH006,27
semen-tonasa,4.0,within_boundary,pvout_centroid,0.1667,0.0,0.0,0.0,960.0,48.69,42.84,72.98,True,False,TECH006,27
semen-tonasa,6.0,within_boundary,pvout_centroid,0.1667,0.0,0.0,0.0,960.0,58.89,51.66,88.91,True,False,TECH006,27
semen-tonasa,8.0,within_boundary,pvout_centroid,0.1667,0.0,0.0,0.0,960.0,69.99,61.26,106.26,True,False,TECH006,27
semen-tonasa,10.0,within_boundary,pvout_centroid,0.1667,0.0,0.0,0.0,960.0,81.84,71.51,124.78,True,False,TECH006,27
semen-tonasa,12.0,within_boundary,pvout_centroid,0.1667,0.0,0.0,0.0,960.0,94.29,82.27,144.23,True,False,TECH006,27
semen-tonasa,14.0,within_boundary,pvout_centroid,0.1667,0.0,0.0,0.0,960.0,107.18,93.42,164.38,True,False,TECH006,27
semen-tonasa,16.0,within_boundary,pvout_centroid,0.1667,0.0,0.0,0.0,960.0,120.42,104.86,185.06,True,False,TECH006,27
semen-tonasa,18.0,within_boundary,pvout_centroid,0.1667,0.0,0.0,0.0,960.0,133.9,116.52,206.13,True,False,TECH006,27
semen-tonasa,20.0,within_boundary,pvout_centroid,0.1667,0.0,0.0,0.0,960.0,147.57,128.33,227.48,True,False,TECH006,27
semen-tonasa,4.0,grid_connected_solar,pvout_best_50km,0.1787,82.5,0.0,0.0,1087.5,50.75,45.29,73.39,True,False,TECH006,27
semen-tonasa,6.0,grid_connected_solar,pvout_best_50km,0.1787,82.5,0.0,0.0,1087.5,61.51,54.77,89.51,True,False,TECH006,27
semen-tonasa,8.0,grid_connected_solar,pvout_best_50km,0.1787,82.5,0.0,0.0,1087.5,73.24,65.1,107.07,True,False,TECH006,27
semen-tonasa,10.0,grid_connected_solar,pvout_best_50km,0.1787,82.5,0.0,0.0,1087.5,85.76,76.13,125.8,True,False,TECH006,27
semen-tonasa,12.0,grid_connected_solar,pvout_best_50km,0.1787,82.5,0.0,0.0,1087.5,98.91,87.7,145.47,True,False,TECH006,27
semen-tonasa,14.0,grid_connected_solar,pvout_best_50km,0.1787,82.5,0.0,0.0,1087.5,112.53,99.69,165.86,True,False,TECH006,27
semen-tonasa,16.0,grid_connected_solar,pvout_best_50km,0.1787,82.5,0.0,0.0,1087.5,126.51,112.0,186.78,True,False,TECH006,27
semen-tonasa,18.0,grid_connected_solar,pvout_best_50km,0.1787,82.5,0.0,0.0,1087.5,140.75,124.54,208.09,True,False,TECH006,27
semen-tonasa,20.0,grid_connected_solar,pvout_best_50km,0.1787,82.5,0.0,0.0,1087.5,155.18,137.25,229.69,True,False,TECH006,27
sbi-narogong,4.0,within_boundary,pvout_centroid,0.16,0.0,0.0,0.0,960.0,50.73,44.64,76.04,True,False,TECH006,27
sbi-narogong,6.0,within_boundary,pvout_centroid,0.16,0.0,0.0,0.0,960.0,61.36,53.82,92.64,True,False,TECH006,27
sbi-narogong,8.0,within_boundary,pvout_centroid,0.16,0.0,0.0,0.0,960.0,72.93,63.83,110.72,True,False,TECH006,27
sbi-narogong,10.0,within_boundary,pvout_centroid,0.16,0.0,0.0,0.0,960.0,85.28,74.51,130.02,True,False,TECH006,27
sbi-narogong,12.0,within_boundary,pvout_centroid,0.16,0.0,0.0,0.0,960.0,98.24,85.72,150.28,True,False,TECH006,27
sbi-narogong,14.0,within_boundary,pvout_centroid,0.16,0.0,0.0,0.0,960.0,111.68,97.34,171.27,True,False,TECH006,27
sbi-narogong,16.0,within_boundary,pvout_centroid,0.16,0.0,0.0,0.0,960.0,125.47,109.26,192.82,True,False,TECH006,27
sbi-narogong,18.0,within_boundary,pvout_centroid,0.16,0.0,0.0,0.0,960.0,139.52,121.41,214.78,True,False,TECH006,27
sbi-narogong,20.0,within_boundary,pvout_centroid,0.16,0.0,0.0,0.0,960.0,153.76,133.72,237.02,True,False,TECH006,27
sbi-narogong,4.0,grid_connected_solar,pvout_buildable_best_50km,0.157,108.2,0.0,79.9,1193.1,62.81,56.6,88.59,False,False,TECH006,27
sbi-narogong,6.0,grid_connected_solar,pvout_buildable_best_50km,0.157,108.2,0.0,79.9,1193.1,76.26,68.58,108.13,False,False,TECH006,27
sbi-narogong,8.0,grid_connected_solar,pvout_buildable_best_50km,0.157,108.2,0.0,79.9,1193.1,90.91,81.64,129.41,False,False,TECH006,27
sbi-narogong,10.0,grid_connected_solar,pvout_buildable_best_50km,0.157,108.2,0.0,79.9,1193.1,106.54,95.57,152.12,False,False,TECH006,27
sbi-narogong,12.0,grid_connected_solar,pvout_buildable_best_50km,0.157,108.2,0.0,79.9,1193.1,122.96,110.2,175.96,False,False,TECH006,27
sbi-narogong,14.0,grid_connected_solar,pvout_buildable_best_50km,0.157,108.2,0.0,79.9,1193.1,139.97,125.35,200.67,False,False,TECH006,27
sbi-narogong,16.0,grid_connected_solar,pvout_buildable_best_50km,0.157,108.2,0.0,79.9,1193.1,157.43,140.91,226.03,False,False,TECH006,27
sbi-narogong,18.0,grid_connected_solar,pvout_buildable_best_50km,0.157,108.2,0.0,79.9,1193.1,175.22,156.76,251.87,False,False,TECH006,27
sbi-narogong,20.0,grid_connected_solar,pvout_buildable_best_50km,0.157,108.2,0.0,79.9,1193.1,193.24,172.82,278.06,False,False,TECH006,27
conch-cement-serang,4.0,within_boundary,pvout_centroid,0.1655,0.0,0.0,0.0,960.0,49.03,43.14,73.49,True,False,TECH006,27
conch-cement-serang,6.0,within_boundary,pvout_centroid,0.1655,0.0,0.0,0.0,960.0,59.3,52.02,89.53,True,False,TECH006,27
conch-cement-serang,8.0,within_boundary,pvout_centroid,0.1655,0.0,0.0,0.0,960.0,70.48,61.69,107.01,True,False,TECH006,27
conch-cement-serang,10.0,within_boundary,pvout_centroid,0.1655,0.0,0.0,0.0,960.0,82.42,72.01,125.66,True,False,TECH006,27
conch-cement-serang,12.0,within_boundary,pvout_centroid,0.1655,0.0,0.0,0.0,960.0,94.95,82.84,145.24,True,False,TECH006,27
conch-cement-serang,14.0,within_boundary,pvout_centroid,0.1655,0.0,0.0,0.0,960.0,107.94,94.07,165.53,True,False,TECH006,27
conch-cement-serang,16.0,within_boundary,pvout_centroid,0.1655,0.0,0.0,0.0,960.0,121.27,105.6,186.36,True,False,TECH006,27
conch-cement-serang,18.0,within_boundary,pvout_centroid,0.1655,0.0,0.0,0.0,960.0,134.85,117.34,207.58,True,False,TECH006,27
conch-cement-serang,20.0,within_boundary,pvout_centroid,0.1655,0.0,0.0,0.0,960.0,148.61,129.23,229.08,True,False,TECH006,27
conch-cement-serang,4.0,grid_connected_solar,pvout_buildable_best_50km,0.1644,104.8,0.0,55.0,1164.8,58.71,52.78,83.34,False,False,TECH006,27
conch-cement-serang,6.0,grid_connected_solar,pvout_buildable_best_50km,0.1644,104.8,0.0,55.0,1164.8,71.26,63.93,101.7,False,False,TECH006,27
conch-cement-serang,8.0,grid_connected_solar,pvout_buildable_best_50km,0.1644,104.8,0.0,55.0,1164.8,84.92,76.07,121.7,False,False,TECH006,27
conch-cement-serang,10.0,grid_connected_solar,pvout_buildable_best_50km,0.1644,104.8,0.0,55.0,1164.8,99.5,89.02,143.04,False,False,TECH006,27
conch-cement-serang,12.0,grid_connected_solar,pvout_buildable_best_50km,0.1644,104.8,0.0,55.0,1164.8,114.81,102.62,165.45,False,False,TECH006,27
conch-cement-serang,14.0,grid_connected_solar,pvout_buildable_best_50km,0.1644,104.8,0.0,55.0,1164.8,130.68,116.72,188.67,False,False,TECH006,27
conch-cement-serang,16.0,grid_connected_solar,pvout_buildable_best_50km,0.1644,104.8,0.0,55.0,1164.8,146.96,131.18,212.5,False,False,TECH006,27
conch-cement-serang,18.0,grid_connected_solar,pvout_buildable_best_50km,0.1644,104.8,0.0,55.0,1164.8,163.55,145.92,236.78,False,False,TECH006,27
conch-cement-serang,20.0,grid_connected_solar,pvout_buildable_best_50km,0.1644,104.8,0.0,55.0,1164.8,180.36,160.86,261.39,False,False,TECH006,27
conch-cement-north-sulawesi,4.0,within_boundary,pvout_centroid,0.1756,0.0,0.0,0.0,960.0,46.21,40.66,69.26,True,False,TECH006,27
conch-cement-north-sulawesi,6.0,within_boundary,pvout_centroid,0.1756,0.0,0.0,0.0,960.0,55.88,49.02,84.37,True,False,TECH006,27
conch-cement-north-sulawesi,8.0,within_boundary,pvout_centroid,0.1756,0.0,0.0,0.0,960.0,66.42,58.13,100.84,True,False,TECH006,27
conch-cement-north-sulawesi,10.0,within_boundary,pvout_centroid,0.1756,0.0,0.0,0.0,960.0,77.67,67.86,118.42,True,False,TECH006,27
conch-cement-north-sulawesi,12.0,within_boundary,pvout_centroid,0.1756,0.0,0.0,0.0,960.0,89.48,78.07,136.87,True,False,TECH006,27
conch-cement-north-sulawesi,14.0,within_boundary,pvout_centroid,0.1756,0.0,0.0,0.0,960.0,101.71,88.65,155.99,True,False,TECH006,27
conch-cement-north-sulawesi,16.0,within_boundary,pvout_centroid,0.1756,0.0,0.0,0.0,960.0,114.27,99.51,175.61,True,False,TECH006,27
conch-cement-north-sulawesi,18.0,within_boundary,pvout_centroid,0.1756,0.0,0.0,0.0,960.0,127.07,110.57,195.61,True,False,TECH006,27
conch-cement-north-sulawesi,20.0,within_boundary,pvout_centroid,0.1756,0.0,0.0,0.0,960.0,140.04,121.78,215.87,True,False,TECH006,27
conch-cement-north-sulawesi,4.0,grid_connected_solar,pvout_best_50km,0.1841,132.4,0.0,44.3,1181.7,53.1,47.81,75.09,True,False,TECH006,27
conch-cement-north-sulawesi,6.0,grid_connected_solar,pvout_best_50km,0.1841,132.4,0.0,44.3,1181.7,64.46,57.92,91.64,True,False,TECH006,27
conch-cement-north-sulawesi,8.0,grid_connected_solar,pvout_best_50km,0.1841,132.4,0.0,44.3,1181.7,76.84,68.93,109.67,True,False,TECH006,27
conch-cement-north-sulawesi,10.0,grid_connected_solar,pvout_best_50km,0.1841,132.4,0.0,44.3,1181.7,90.04,80.69,128.91,True,False,TECH006,27
conch-cement-north-sulawesi,12.0,grid_connected_solar,pvout_best_50km,0.1841,132.4,0.0,44.3,1181.7,103.91,93.03,149.11,True,False,TECH006,27
conch-cement-north-sulawesi,14.0,grid_connected_solar,pvout_best_50km,0.1841,132.4,0.0,44.3,1181.7,118.28,105.81,170.05,True,False,TECH006,27
conch-cement-north-sulawesi,16.0,grid_connected_solar,pvout_best_50km,0.1841,132.4,0.0,44.3,1181.7,133.02,118.94,191.53,True,False,TECH006,27
conch-cement-north-sulawesi,18.0,grid_connected_solar,pvout_best_50km,0.1841,132.4,0.0,44.3,1181.7,148.05,132.31,213.43,True,False,TECH006,27
conch-cement-north-sulawesi,20.0,grid_connected_solar,pvout_best_50km,0.1841,132.4,0.0,44.3,1181.7,163.28,145.86,235.61,True,False,TECH006,27
semen-bosowa-maros,4.0,within_boundary,pvout_centroid,0.172,0.0,0.0,0.0,960.0,47.18,41.51,70.72,True,False,TECH006,27
semen-bosowa-maros,6.0,within_boundary,pvout_centroid,0.172,0.0,0.0,0.0,960.0,57.06,50.06,86.15,True,False,TECH006,27
semen-bosowa-maros,8.0,within_boundary,pvout_centroid,0.172,0.0,0.0,0.0,960.0,67.82,59.36,102.97,True,False,TECH006,27
semen-bosowa-maros,10.0,within_boundary,pvout_centroid,0.172,0.0,0.0,0.0,960.0,79.31,69.29,120.92,True,False,TECH006,27
semen-bosowa-maros,12.0,within_boundary,pvout_centroid,0.172,0.0,0.0,0.0,960.0,91.37,79.72,139.76,True,False,TECH006,27
semen-bosowa-maros,14.0,within_boundary,pvout_centroid,0.172,0.0,0.0,0.0,960.0,103.86,90.52,159.28,True,False,TECH006,27
semen-bosowa-maros,16.0,within_boundary,pvout_centroid,0.172,0.0,0.0,0.0,960.0,116.69,101.61,179.32,True,False,TECH006,27
semen-bosowa-maros,18.0,within_boundary,pvout_centroid,0.172,0.0,0.0,0.0,960.0,129.75,112.91,199.74,True,False,TECH006,27
semen-bosowa-maros,20.0,within_boundary,pvout_centroid,0.172,0.0,0.0,0.0,960.0,143.0,124.35,220.43,True,False,TECH006,27
semen-bosowa-maros,4.0,grid_connected_solar,pvout_best_50km,0.1787,93.8,0.0,44.3,1143.1,53.08,47.63,75.73,True,False,TECH006,27
semen-bosowa-maros,6.0,grid_connected_solar,pvout_best_50km,0.1787,93.8,0.0,44.3,1143.1,64.4,57.66,92.39,True,False,TECH006,27
semen-bosowa-maros,8.0,grid_connected_solar,pvout_best_50km,0.1787,93.8,0.0,44.3,1143.1,76.73,68.59,110.55,True,False,TECH006,27
semen-bosowa-maros,10.0,grid_connected_solar,pvout_best_50km,0.1787,93.8,0.0,44.3,1143.1,89.89,80.25,129.93,True,False,TECH006,27
semen-bosowa-maros,12.0,grid_connected_solar,pvout_best_50km,0.1787,93.8,0.0,44.3,1143.1,103.71,92.5,150.27,True,False,TECH006,27
semen-bosowa-maros,14.0,grid_connected_solar,pvout_best_50km,0.1787,93.8,0.0,44.3,1143.1,118.02,105.19,171.35,True,False,TECH006,27
semen-bosowa-maros,16.0,grid_connected_solar,pvout_best_50km,0.1787,93.8,0.0,44.3,1143.1,132.72,118.21,192.99,True,False,TECH006,27
semen-bosowa-maros,18.0,grid_connected_solar,pvout_best_50km,0.1787,93.8,0.0,44.3,1143.1,147.69,131.48,215.03,True,False,TECH006,27
semen-bosowa-maros,20.0,grid_connected_solar,pvout_best_50km,0.1787,93.8,0.0,44.3,1143.1,162.86,144.92,237.37,True,False,TECH006,27
red-lion-hongshi-tonga,4.0,within_boundary,pvout_centroid,0.1483,0.0,0.0,0.0,960.0,54.72,48.15,82.02,True,False,TECH006,27
red-lion-hongshi-tonga,6.0,within_boundary,pvout_centroid,0.1483,0.0,0.0,0.0,960.0,66.18,58.06,99.93,True,False,TECH006,27
red-lion-hongshi-tonga,8.0,within_boundary,pvout_centroid,0.1483,0.0,0.0,0.0,960.0,78.67,68.85,119.43,True,False,TECH006,27
red-lion-hongshi-tonga,10.0,within_boundary,pvout_centroid,0.1483,0.0,0.0,0.0,960.0,91.99,80.37,140.25,True,False,TECH006,27
red-lion-hongshi-tonga,12.0,within_boundary,pvout_centroid,0.1483,0.0,0.0,0.0,960.0,105.97,92.46,162.1,True,False,TECH006,27
red-lion-hongshi-tonga,14.0,within_boundary,pvout_centroid,0.1483,0.0,0.0,0.0,960.0,120.47,104.99,184.75,True,False,TECH006,27
red-lion-hongshi-tonga,16.0,within_boundary,pvout_centroid,0.1483,0.0,0.0,0.0,960.0,135.34,117.85,207.99,True,False,TECH006,27
red-lion-hongshi-tonga,18.0,within_boundary,pvout_centroid,0.1483,0.0,0.0,0.0,960.0,150.5,130.96,231.67,True,False,TECH006,27
red-lion-hongshi-tonga,20.0,within_boundary,pvout_centroid,0.1483,0.0,0.0,0.0,960.0,165.86,144.24,255.67,True,False,TECH006,27
red-lion-hongshi-tonga,4.0,grid_connected_solar,pvout_buildable_best_50km,0.1575,224.0,0.0,79.9,1308.9,68.13,61.94,93.83,False,False,TECH006,27
red-lion-hongshi-tonga,6.0,grid_connected_solar,pvout_buildable_best_50km,0.1575,224.0,0.0,79.9,1308.9,82.84,75.19,114.61,False,False,TECH006,27
red-lion-hongshi-tonga,8.0,grid_connected_solar,pvout_buildable_best_50km,0.1575,224.0,0.0,79.9,1308.9,98.86,89.62,137.25,False,False,TECH006,27
red-lion-hongshi-tonga,10.0,grid_connected_solar,pvout_buildable_best_50km,0.1575,224.0,0.0,79.9,1308.9,115.96,105.03,161.4,False,False,TECH006,27
red-lion-hongshi-tonga,12.0,grid_connected_solar,pvout_buildable_best_50km,0.1575,224.0,0.0,79.9,1308.9,133.92,121.19,186.76,False,False,TECH006,27
red-lion-hongshi-tonga,14.0,grid_connected_solar,pvout_buildable_best_50km,0.1575,224.0,0.0,79.9,1308.9,152.52,137.95,213.04,False,False,TECH006,27
red-lion-hongshi-tonga,16.0,grid_connected_solar,pvout_buildable_best_50km,0.1575,224.0,0.0,79.9,1308.9,171.62,155.15,240.02,False,False,TECH006,27
red-lion-hongshi-tonga,18.0,grid_connected_solar,pvout_buildable_best_50km,0.1575,224.0,0.0,79.9,1308.9,191.07,172.67,267.5,False,False,TECH006,27
red-lion-hongshi-tonga,20.0,grid_connected_solar,pvout_buildable_best_50km,0.1575,224.0,0.0,79.9,1308.9,210.79,190.43,295.35,False,False,TECH006,27
semen-baturaja,4.0,within_boundary,pvout_centroid,0.1597,0.0,0.0,0.0,960.0,50.81,44.71,76.16,True,False,TECH006,27
semen-baturaja,6.0,within_boundary,pvout_centroid,0.1597,0.0,0.0,0.0,960.0,61.45,53.91,92.79,True,False,TECH006,27
semen-baturaja,8.0,within_boundary,pvout_centroid,0.1597,0.0,0.0,0.0,960.0,73.04,63.93,110.9,True,False,TECH006,27
semen-baturaja,10.0,within_boundary,pvout_centroid,0.1597,0.0,0.0,0.0,960.0,85.41,74.63,130.22,True,False,TECH006,27
semen-baturaja,12.0,within_boundary,pvout_centroid,0.1597,0.0,0.0,0.0,960.0,98.4,85.85,150.51,True,False,TECH006,27
semen-baturaja,14.0,within_boundary,pvout_centroid,0.1597,0.0,0.0,0.0,960.0,111.86,97.49,171.54,True,False,TECH006,27
semen-baturaja,16.0,within_boundary,pvout_centroid,0.1597,0.0,0.0,0.0,960.0,125.67,109.43,193.12,True,False,TECH006,27
semen-baturaja,18.0,within_boundary,pvout_centroid,0.1597,0.0,0.0,0.0,960.0,139.74,121.6,215.11,True,False,TECH006,27
semen-baturaja,20.0,within_boundary,pvout_centroid,0.1597,0.0,0.0,0.0,960.0,154.0,133.93,237.4,True,False,TECH006,27
semen-baturaja,4.0,grid_connected_solar,pvout_best_50km,0.1649,86.8,0.0,0.0,1091.8,55.21,49.3,79.76,True,False,TECH006,27
semen-baturaja,6.0,grid_connected_solar,pvout_best_50km,0.1649,86.8,0.0,0.0,1091.8,66.93,59.62,97.28,True,False,TECH006,27
semen-baturaja,8.0,grid_connected_solar,pvout_best_50km,0.1649,86.8,0.0,0.0,1091.8,79.7,70.87,116.36,True,False,TECH006,27
semen-baturaja,10.0,grid_connected_solar,pvout_best_50km,0.1649,86.8,0.0,0.0,1091.8,93.32,82.87,136.73,True,False,TECH006,27
semen-baturaja,12.0,grid_connected_solar,pvout_best_50km,0.1649,86.8,0.0,0.0,1091.8,107.63,95.48,158.11,True,False,TECH006,27
semen-baturaja,14.0,grid_connected_solar,pvout_best_50km,0.1649,86.8,0.0,0.0,1091.8,122.45,108.54,180.27,True,False,TECH006,27
semen-baturaja,16.0,grid_connected_solar,pvout_best_50km,0.1649,86.8,0.0,0.0,1091.8,137.67,121.94,203.01,True,False,TECH006,27
semen-baturaja,18.0,grid_connected_solar,pvout_best_50km,0.1649,86.8,0.0,0.0,1091.8,153.17,135.6,226.18,True,False,TECH006,27
semen-baturaja,20.0,grid_connected_solar,pvout_best_50km,0.1649,86.8,0.0,0.0,1091.8,168.88,149.43,249.66,True,False,TECH006,27
sbi-tuban,4.0,within_boundary,pvout_centroid,0.18,0.0,0.0,0.0,960.0,45.08,39.67,67.57,True,False,TECH006,27
sbi-tuban,6.0,within_boundary,pvout_centroid,0.18,0.0,0.0,0.0,960.0,54.52,47.83,82.32,True,False,TECH006,27
sbi-tuban,8.0,within_boundary,pvout_centroid,0.18,0.0,0.0,0.0,960.0,64.81,56.72,98.39,True,False,TECH006,27
sbi-tuban,10.0,within_boundary,pvout_centroid,0.18,0.0,0.0,0.0,960.0,75.78,66.21,115.54,True,False,TECH006,27
sbi-tuban,12.0,within_boundary,pvout_centroid,0.18,0.0,0.0,0.0,960.0,87.3,76.17,133.54,True,False,TECH006,27
sbi-tuban,14.0,within_boundary,pvout_centroid,0.18,0.0,0.0,0.0,960.0,99.24,86.5,152.2,True,False,TECH006,27
sbi-tuban,16.0,within_boundary,pvout_centroid,0.18,0.0,0.0,0.0,960.0,111.5,97.09,171.35,True,False,TECH006,27
sbi-tuban,18.0,within_boundary,pvout_centroid,0.18,0.0,0.0,0.0,960.0,123.98,107.89,190.86,True,False,TECH006,27
sbi-tuban,20.0,within_boundary,pvout_centroid,0.18,0.0,0.0,0.0,960.0,136.64,118.83,210.63,True,False,TECH006,27
sbi-tuban,4.0,grid_connected_solar,pvout_buildable_best_50km,0.1805,99.5,0.0,79.8,1184.4,54.27,48.87,76.7,False,False,TECH006,27
sbi-tuban,6.0,grid_connected_solar,pvout_buildable_best_50km,0.1805,99.5,0.0,79.8,1184.4,65.89,59.21,93.61,False,False,TECH006,27
sbi-tuban,8.0,grid_connected_solar,pvout_buildable_best_50km,0.1805,99.5,0.0,79.8,1184.4,78.54,70.48,112.03,False,False,TECH006,27
sbi-tuban,10.0,grid_connected_solar,pvout_buildable_best_50km,0.1805,99.5,0.0,79.8,1184.4,92.04,82.49,131.68,False,False,TECH006,27
sbi-tuban,12.0,grid_connected_solar,pvout_buildable_best_50km,0.1805,99.5,0.0,79.8,1184.4,106.21,95.11,152.32,False,False,TECH006,27
sbi-tuban,14.0,grid_connected_solar,pvout_buildable_best_50km,0.1805,99.5,0.0,79.8,1184.4,120.9,108.19,173.71,False,False,TECH006,27
sbi-tuban,16.0,grid_connected_solar,pvout_buildable_best_50km,0.1805,99.5,0.0,79.8,1184.4,135.98,121.61,195.66,False,False,TECH006,27
sbi-tuban,18.0,grid_connected_solar,pvout_buildable_best_50km,0.1805,99.5,0.0,79.8,1184.4,151.34,135.29,218.02,False,False,TECH006,27
sbi-tuban,20.0,grid_connected_solar,pvout_buildable_best_50km,0.1805,99.5,0.0,79.8,1184.4,166.9,149.14,240.68,False,False,TECH006,27
indocement-palimanan,4.0,within_boundary,pvout_centroid,0.165,0.0,0.0,0.0,960.0,49.2,43.29,73.74,True,False,TECH006,27
indocement-palimanan,6.0,within_boundary,pvout_centroid,0.165,0.0,0.0,0.0,960.0,59.5,52.19,89.83,True,False,TECH006,27
indocement-palimanan,8.0,within_boundary,pvout_centroid,0.165,0.0,0.0,0.0,960.0,70.72,61.9,107.37,True,False,TECH006,27
indocement-palimanan,10.0,within_boundary,pvout_centroid,0.165,0.0,0.0,0.0,960.0,82.69,72.25,126.08,True,False,TECH006,27
indocement-palimanan,12.0,within_boundary,pvout_centroid,0.165,0.0,0.0,0.0,960.0,95.27,83.12,145.72,True,False,TECH006,27
indocement-palimanan,14.0,within_boundary,pvout_centroid,0.165,0.0,0.0,0.0,960.0,108.3,94.38,166.08,True,False,TECH006,27
indocement-palimanan,16.0,within_boundary,pvout_centroid,0.165,0.0,0.0,0.0,960.0,121.67,105.95,186.98,True,False,TECH006,27
indocement-palimanan,18.0,within_boundary,pvout_centroid,0.165,0.0,0.0,0.0,960.0,135.29,117.73,208.27,True,False,TECH006,27
indocement-palimanan,20.0,within_boundary,pvout_centroid,0.165,0.0,0.0,0.0,960.0,149.1,129.66,229.84,True,False,TECH006,27
indocement-palimanan,4.0,grid_connected_solar,pvout_buildable_best_50km,0.1663,114.8,0.0,77.5,1197.3,59.49,53.63,83.83,False,False,TECH006,27
indocement-palimanan,6.0,grid_connected_solar,pvout_buildable_best_50km,0.1663,114.8,0.0,77.5,1197.3,72.23,64.99,102.32,False,False,TECH006,27
indocement-palimanan,8.0,grid_connected_solar,pvout_buildable_best_50km,0.1663,114.8,0.0,77.5,1197.3,86.11,77.36,122.46,False,False,TECH006,27
indocement-palimanan,10.0,grid_connected_solar,pvout_buildable_best_50km,0.1663,114.8,0.0,77.5,1197.3,100.93,90.57,143.96,False,False,TECH006,27
indocement-palimanan,12.0,grid_connected_solar,pvout_buildable_best_50km,0.1663,114.8,0.0,77.5,1197.3,116.48,104.43,166.52,False,False,TECH006,27
indocement-palimanan,14.0,grid_connected_solar,pvout_buildable_best_50km,0.1663,114.8,0.0,77.5,1197.3,132.6,118.8,189.91,False,False,TECH006,27
indocement-palimanan,16.0,grid_connected_solar,pvout_buildable_best_50km,0.1663,114.8,0.0,77.5,1197.3,149.14,133.54,213.91,False,False,TECH006,27
indocement-palimanan,18.0,grid_connected_solar,pvout_buildable_best_50km,0.1663,114.8,0.0,77.5,1197.3,165.99,148.57,238.37,False,False,TECH006,27
indocement-palimanan,20.0,grid_connected_solar,pvout_buildable_best_50km,0.1663,114.8,0.0,77.5,1197.3,183.07,163.79,263.15,False,False,TECH006,27
cemindo-gemilang-bayah,4.0,within_boundary,pvout_centroid,0.1623,0.0,0.0,0.0,960.0,50.0,44.0,74.95,True,False,TECH006,27
cemindo-gemilang-bayah,6.0,within_boundary,pvout_centroid,0.1623,0.0,0.0,0.0,960.0,60.47,53.05,91.3,True,False,TECH006,27
cemindo-gemilang-bayah,8.0,within_boundary,pvout_centroid,0.1623,0.0,0.0,0.0,960.0,71.88,62.91,109.13,True,False,TECH006,27
cemindo-gemilang-bayah,10.0,within_boundary,pvout_centroid,0.1623,0.0,0.0,0.0,960.0,84.05,73.43,128.15,True,False,TECH006,27
cemindo-gemilang-bayah,12.0,within_boundary,pvout_centroid,0.1623,0.0,0.0,0.0,960.0,96.83,84.48,148.11,True,False,TECH006,27
cemindo-gemilang-bayah,14.0,within_boundary,pvout_centroid,0.1623,0.0,0.0,0.0,960.0,110.07,95.93,168.8,True,False,TECH006,27
cemindo-gemilang-bayah,16.0,within_boundary,pvout_centroid,0.1623,0.0,0.0,0.0,960.0,123.66,107.68,190.04,True,False,TECH006,27
cemindo-gemilang-bayah,18.0,within_boundary,pvout_centroid,0.1623,0.0,0.0,0.0,960.0,137.51,119.66,211.68,True,False,TECH006,27
cemindo-gemilang-bayah,20.0,within_boundary,pvout_centroid,0.1623,0.0,0.0,0.0,960.0,151.54,131.79,233.61,True,False,TECH006,27
cemindo-gemilang-bayah,4.0,grid_connected_solar,pvout_buildable_best_50km,0.1566,156.4,0.0,67.5,1228.9,64.68,58.46,90.53,False,False,TECH006,27
cemindo-gemilang-bayah,6.0,grid_connected_solar,pvout_buildable_best_50km,0.1566,156.4,0.0,67.5,1228.9,78.57,70.88,110.52,False,False,TECH006,27
cemindo-gemilang-bayah,8.0,grid_connected_solar,pvout_buildable_best_50km,0.1566,156.4,0.0,67.5,1228.9,93.7,84.41,132.3,False,False,TECH006,27
cemindo-gemilang-bayah,10.0,grid_connected_solar,pvout_buildable_best_50km,0.1566,156.4,0.0,67.5,1228.9,109.84,98.84,155.54,False,False,TECH006,27
cemindo-gemilang-bayah,12.0,grid_connected_solar,pvout_buildable_best_50km,0.1566,156.4,0.0,67.5,1228.9,126.79,114.0,179.93,False,False,TECH006,27
cemindo-gemilang-bayah,14.0,grid_connected_solar,pvout_buildable_best_50km,0.1566,156.4,0.0,67.5,1228.9,144.36,129.71,205.22,False,False,TECH006,27
cemindo-gemilang-bayah,16.0,grid_connected_solar,pvout_buildable_best_50km,0.1566,156.4,0.0,67.5,1228.9,162.39,145.83,231.17,False,False,TECH006,27
cemindo-gemilang-bayah,18.0,grid_connected_solar,pvout_buildable_best_50km,0.1566,156.4,0.0,67.5,1228.9,180.76,162.26,257.61,False,False,TECH006,27
cemindo-gemilang-bayah,20.0,grid_connected_solar,pvout_buildable_best_50km,0.1566,156.4,0.0,67.5,1228.9,199.37,178.9,284.41,False,False,TECH006,27
sbi-cilacap,4.0,within_boundary,pvout_centroid,0.1733,0.0,0.0,0.0,960.0,46.84,41.21,70.2,True,False,TECH006,27
sbi-cilacap,6.0,within_boundary,pvout_centroid,0.1733,0.0,0.0,0.0,960.0,56.65,49.69,85.53,True,False,TECH006,27
sbi-cilacap,8.0,within_boundary,pvout_centroid,0.1733,0.0,0.0,0.0,960.0,67.33,58.93,102.22,True,False,TECH006,27
sbi-cilacap,10.0,within_boundary,pvout_centroid,0.1733,0.0,0.0,0.0,960.0,78.73,68.79,120.04,True,False,TECH006,27
sbi-cilacap,12.0,within_boundary,pvout_centroid,0.1733,0.0,0.0,0.0,960.0,90.7,79.14,138.74,True,False,TECH006,27
sbi-cilacap,14.0,within_boundary,pvout_centroid,0.1733,0.0,0.0,0.0,960.0,103.11,89.86,158.13,True,False,TECH006,27
sbi-cilacap,16.0,within_boundary,pvout_centroid,0.1733,0.0,0.0,0.0,960.0,115.84,100.87,178.02,True,False,TECH006,27
sbi-cilacap,18.0,within_boundary,pvout_centroid,0.1733,0.0,0.0,0.0,960.0,128.81,112.09,198.29,True,False,TECH006,27
sbi-cilacap,20.0,within_boundary,pvout_centroid,0.1733,0.0,0.0,0.0,960.0,141.96,123.45,218.83,True,False,TECH006,27
sbi-cilacap,4.0,grid_connected_solar,pvout_buildable_best_50km,0.1726,94.0,0.0,77.5,1176.5,56.41,50.77,79.86,False,False,TECH006,27
sbi-cilacap,6.0,grid_connected_solar,pvout_buildable_best_50km,0.1726,94.0,0.0,77.5,1176.5,68.47,61.5,97.46,False,False,TECH006,27
sbi-cilacap,8.0,grid_connected_solar,pvout_buildable_best_50km,0.1726,94.0,0.0,77.5,1176.5,81.62,73.18,116.63,False,False,TECH006,27
sbi-cilacap,10.0,grid_connected_solar,pvout_buildable_best_50km,0.1726,94.0,0.0,77.5,1176.5,95.64,85.66,137.1,False,False,TECH006,27
sbi-cilacap,12.0,grid_connected_solar,pvout_buildable_best_50km,0.1726,94.0,0.0,77.5,1176.5,110.36,98.76,158.58,False,False,TECH006,27
sbi-cilacap,14.0,grid_connected_solar,pvout_buildable_best_50km,0.1726,94.0,0.0,77.5,1176.5,125.62,112.33,180.84,False,False,TECH006,27
sbi-cilacap,16.0,grid_connected_solar,pvout_buildable_best_50km,0.1726,94.0,0.0,77.5,1176.5,141.28,126.26,203.69,False,False,TECH006,27
sbi-cilacap,18.0,grid_connected_solar,pvout_buildable_best_50km,0.1726,94.0,0.0,77.5,1176.5,157.24,140.45,226.97,False,False,TECH006,27
sbi-cilacap,20.0,grid_connected_solar,pvout_buildable_best_50km,0.1726,94.0,0.0,77.5,1176.5,173.41,154.83,250.56,False,False,TECH006,27
semen-imasco-asiatic-jember,4.0,within_boundary,pvout_centroid,0.1827,0.0,0.0,0.0,960.0,44.42,39.08,66.57,True,False,TECH006,27
semen-imasco-asiatic-jember,6.0,within_boundary,pvout_centroid,0.1827,0.0,0.0,0.0,960.0,53.72,47.12,81.1,True,False,TECH006,27
semen-imasco-asiatic-jember,8.0,within_boundary,pvout_centroid,0.1827,0.0,0.0,0.0,960.0,63.85,55.88,96.93,True,False,TECH006,27
semen-imasco-asiatic-jember,10.0,within_boundary,pvout_centroid,0.1827,0.0,0.0,0.0,960.0,74.66,65.23,113.83,True,False,TECH006,27
semen-imasco-asiatic-jember,12.0,within_boundary,pvout_centroid,0.1827,0.0,0.0,0.0,960.0,86.01,75.04,131.56,True,False,TECH006,27
semen-imasco-asiatic-jember,14.0,within_boundary,pvout_centroid,0.1827,0.0,0.0,0.0,960.0,97.77,85.21,149.95,True,False,TECH006,27
semen-imasco-asiatic-jember,16.0,within_boundary,pvout_centroid,0.1827,0.0,0.0,0.0,960.0,109.85,95.65,168.81,True,False,TECH006,27
semen-imasco-asiatic-jember,18.0,within_boundary,pvout_centroid,0.1827,0.0,0.0,0.0,960.0,122.15,106.29,188.03,True,False,TECH006,27
semen-imasco-asiatic-jember,20.0,within_boundary,pvout_centroid,0.1827,0.0,0.0,0.0,960.0,134.61,117.07,207.51,True,False,TECH006,27
semen-imasco-asiatic-jember,4.0,grid_connected_solar,pvout_buildable_best_50km,0.1862,170.4,0.0,77.5,1252.9,55.36,50.13,77.1,False,False,TECH006,27
semen-imasco-asiatic-jember,6.0,grid_connected_solar,pvout_buildable_best_50km,0.1862,170.4,0.0,77.5,1252.9,67.27,60.8,94.14,False,False,TECH006,27
semen-imasco-asiatic-jember,8.0,grid_connected_solar,pvout_buildable_best_50km,0.1862,170.4,0.0,77.5,1252.9,80.24,72.43,112.7,False,False,TECH006,27
semen-imasco-asiatic-jember,10.0,grid_connected_solar,pvout_buildable_best_50km,0.1862,170.4,0.0,77.5,1252.9,94.09,84.84,132.51,False,False,TECH006,27
semen-imasco-asiatic-jember,12.0,grid_connected_solar,pvout_buildable_best_50km,0.1862,170.4,0.0,77.5,1252.9,108.62,97.86,153.31,False,False,TECH006,27
semen-imasco-asiatic-jember,14.0,grid_connected_solar,pvout_buildable_best_50km,0.1862,170.4,0.0,77.5,1252.9,123.68,111.36,174.86,False,False,TECH006,27
semen-imasco-asiatic-jember,16.0,grid_connected_solar,pvout_buildable_best_50km,0.1862,170.4,0.0,77.5,1252.9,139.14,125.21,196.98,False,False,TECH006,27
semen-imasco-asiatic-jember,18.0,grid_connected_solar,pvout_buildable_best_50km,0.1862,170.4,0.0,77.5,1252.9,154.89,139.33,219.52,False,False,TECH006,27
semen-imasco-asiatic-jember,20.0,grid_connected_solar,pvout_buildable_best_50km,0.1862,170.4,0.0,77.5,1252.9,170.85,153.63,242.36,False,False,TECH006,27
si-gresik-rembang,4.0,within_boundary,pvout_centroid,0.1653,0.0,0.0,0.0,960.0,49.08,43.19,73.57,True,False,TECH006,27
si-gresik-rembang,6.0,within_boundary,pvout_centroid,0.1653,0.0,0.0,0.0,960.0,59.36,52.07,89.63,True,False,TECH006,27
si-gresik-rembang,8.0,within_boundary,pvout_centroid,0.1653,0.0,0.0,0.0,960.0,70.56,61.75,107.12,True,False,TECH006,27
si-gresik-rembang,10.0,within_boundary,pvout_centroid,0.1653,0.0,0.0,0.0,960.0,82.51,72.09,125.79,True,False,TECH006,27
si-gresik-rembang,12.0,within_boundary,pvout_centroid,0.1653,0.0,0.0,0.0,960.0,95.05,82.93,145.39,True,False,TECH006,27
si-gresik-rembang,14.0,within_boundary,pvout_centroid,0.1653,0.0,0.0,0.0,960.0,108.05,94.17,165.7,True,False,TECH006,27
si-gresik-rembang,16.0,within_boundary,pvout_centroid,0.1653,0.0,0.0,0.0,960.0,121.39,105.71,186.55,True,False,TECH006,27
si-gresik-rembang,18.0,within_boundary,pvout_centroid,0.1653,0.0,0.0,0.0,960.0,134.99,117.46,207.79,True,False,TECH006,27
si-gresik-rembang,20.0,within_boundary,pvout_centroid,0.1653,0.0,0.0,0.0,960.0,148.76,129.37,229.32,True,False,TECH006,27
si-gresik-rembang,4.0,grid_connected_solar,pvout_buildable_best_50km,0.1688,115.8,0.0,80.0,1200.8,58.78,53.01,82.77,False,False,TECH006,27
si-gresik-rembang,6.0,grid_connected_solar,pvout_buildable_best_50km,0.1688,115.8,0.0,80.0,1200.8,71.38,64.24,101.03,False,False,TECH006,27
si-gresik-rembang,8.0,grid_connected_solar,pvout_buildable_best_50km,0.1688,115.8,0.0,80.0,1200.8,85.1,76.48,120.92,False,False,TECH006,27
si-gresik-rembang,10.0,grid_connected_solar,pvout_buildable_best_50km,0.1688,115.8,0.0,80.0,1200.8,99.74,89.53,142.15,False,False,TECH006,27
si-gresik-rembang,12.0,grid_connected_solar,pvout_buildable_best_50km,0.1688,115.8,0.0,80.0,1200.8,115.11,103.24,164.43,False,False,TECH006,27
si-gresik-rembang,14.0,grid_connected_solar,pvout_buildable_best_50km,0.1688,115.8,0.0,80.0,1200.8,131.04,117.45,187.53,False,False,TECH006,27
si-gresik-rembang,16.0,grid_connected_solar,pvout_buildable_best_50km,0.1688,115.8,0.0,80.0,1200.8,147.39,132.03,211.23,False,False,TECH006,27
si-gresik-rembang,18.0,grid_connected_solar,pvout_buildable_best_50km,0.1688,115.8,0.0,80.0,1200.8,164.05,146.88,235.38,False,False,TECH006,27
si-gresik-rembang,20.0,grid_connected_solar,pvout_buildable_best_50km,0.1688,115.8,0.0,80.0,1200.8,180.93,161.94,259.85,False,False,TECH006,27
semeru-surya-semen-kutai,4.0,within_boundary,pvout_centroid,0.1416,0.0,0.0,0.0,960.0,57.3,50.42,85.89,True,False,TECH006,27
semeru-surya-semen-kutai,6.0,within_boundary,pvout_centroid,0.1416,0.0,0.0,0.0,960.0,69.3,60.79,104.63,True,False,TECH006,27
semeru-surya-semen-kutai,8.0,within_boundary,pvout_centroid,0.1416,0.0,0.0,0.0,960.0,82.37,72.09,125.06,True,False,TECH006,27
semeru-surya-semen-kutai,10.0,within_boundary,pvout_centroid,0.1416,0.0,0.0,0.0,960.0,96.32,84.15,146.85,True,False,TECH006,27
semeru-surya-semen-kutai,12.0,within_boundary,pvout_centroid,0.1416,0.0,0.0,0.0,960.0,110.96,96.81,169.73,True,False,TECH006,27
semeru-surya-semen-kutai,14.0,within_boundary,pvout_centroid,0.1416,0.0,0.0,0.0,960.0,126.14,109.94,193.45,True,False,TECH006,27
semeru-surya-semen-kutai,16.0,within_boundary,pvout_centroid,0.1416,0.0,0.0,0.0,960.0,141.72,123.4,217.78,True,False,TECH006,27
semeru-surya-semen-kutai,18.0,within_boundary,pvout_centroid,0.1416,0.0,0.0,0.0,960.0,157.58,137.12,242.58,True,False,TECH006,27
semeru-surya-semen-kutai,20.0,within_boundary,pvout_centroid,0.1416,0.0,0.0,0.0,960.0,173.67,151.03,267.71,True,False,TECH006,27
semeru-surya-semen-kutai,4.0,grid_connected_solar,pvout_buildable_best_50km,0.1421,87.4,0.0,80.0,1172.4,68.31,61.45,96.8,False,False,TECH006,27
semeru-surya-semen-kutai,6.0,grid_connected_solar,pvout_buildable_best_50km,0.1421,87.4,0.0,80.0,1172.4,82.92,74.44,118.13,False,False,TECH006,27
semeru-surya-semen-kutai,8.0,grid_connected_solar,pvout_buildable_best_50km,0.1421,87.4,0.0,80.0,1172.4,98.82,88.58,141.37,False,False,TECH006,27
semeru-surya-semen-kutai,10.0,grid_connected_solar,pvout_buildable_best_50km,0.1421,87.4,0.0,80.0,1172.4,115.8,103.68,166.16,False,False,TECH006,27
semeru-surya-semen-kutai,12.0,grid_connected_solar,pvout_buildable_best_50km,0.1421,87.4,0.0,80.0,1172.4,133.63,119.52,192.2,False,False,TECH006,27
semeru-surya-semen-kutai,14.0,grid_connected_solar,pvout_buildable_best_50km,0.1421,87.4,0.0,80.0,1172.4,152.1,135.95,219.18,False,False,TECH006,27
semeru-surya-semen-kutai,16.0,grid_connected_solar,pvout_buildable_best_50km,0.1421,87.4,0.0,80.0,1172.4,171.05,152.8,246.87,False,False,TECH006,27
semeru-surya-semen-kutai,18.0,grid_connected_solar,pvout_buildable_best_50km,0.1421,87.4,0.0,80.0,1172.4,190.37,169.98,275.08,False,False,TECH006,27
semeru-surya-semen-kutai,20.0,grid_connected_solar,pvout_buildable_best_50km,0.1421,87.4,0.0,80.0,1172.4,209.94,187.38,303.67,False,False,TECH006,27
indocement-kotabaru-tarjun,4.0,within_boundary,pvout_centroid,0.1523,0.0,0.0,0.0,960.0,53.27,46.88,79.85,True,False,TECH006,27
indocement-kotabaru-tarjun,6.0,within_boundary,pvout_centroid,0.1523,0.0,0.0,0.0,960.0,64.43,56.52,97.28,True,False,TECH006,27
indocement-kotabaru-tarjun,8.0,within_boundary,pvout_centroid,0.1523,0.0,0.0,0.0,960.0,76.58,67.03,116.27,True,False,TECH006,27
indocement-kotabaru-tarjun,10.0,within_boundary,pvout_centroid,0.1523,0.0,0.0,0.0,960.0,89.55,78.24,136.53,True,False,TECH006,27
indocement-kotabaru-tarjun,12.0,within_boundary,pvout_centroid,0.1523,0.0,0.0,0.0,960.0,103.16,90.01,157.8,True,False,TECH006,27
indocement-kotabaru-tarjun,14.0,within_boundary,pvout_centroid,0.1523,0.0,0.0,0.0,960.0,117.27,102.21,179.85,True,False,TECH006,27
indocement-kotabaru-tarjun,16.0,within_boundary,pvout_centroid,0.1523,0.0,0.0,0.0,960.0,131.75,114.73,202.47,True,False,TECH006,27
indocement-kotabaru-tarjun,18.0,within_boundary,pvout_centroid,0.1523,0.0,0.0,0.0,960.0,146.51,127.48,225.53,True,False,TECH006,27
indocement-kotabaru-tarjun,20.0,within_boundary,pvout_centroid,0.1523,0.0,0.0,0.0,960.0,161.46,140.41,248.89,True,False,TECH006,27
indocement-kotabaru-tarjun,4.0,grid_connected_solar,pvout_buildable_best_50km,0.151,93.8,0.0,80.0,1178.8,64.6,58.14,91.4,False,False,TECH006,27
indocement-kotabaru-tarjun,6.0,grid_connected_solar,pvout_buildable_best_50km,0.151,93.8,0.0,80.0,1178.8,78.41,70.44,111.55,False,False,TECH006,27
indocement-kotabaru-tarjun,8.0,grid_connected_solar,pvout_buildable_best_50km,0.151,93.8,0.0,80.0,1178.8,93.46,83.83,133.49,False,False,TECH006,27
indocement-kotabaru-tarjun,10.0,grid_connected_solar,pvout_buildable_best_50km,0.151,93.8,0.0,80.0,1178.8,109.53,98.12,156.92,False,False,TECH006,27
indocement-kotabaru-tarjun,12.0,grid_connected_solar,pvout_buildable_best_50km,0.151,93.8,0.0,80.0,1178.8,126.39,113.12,181.5,False,False,TECH006,27
indocement-kotabaru-tarjun,14.0,grid_connected_solar,pvout_buildable_best_50km,0.151,93.8,0.0,80.0,1178.8,143.86,128.67,206.98,False,False,TECH006,27
indocement-kotabaru-tarjun,16.0,grid_connected_solar,pvout_buildable_best_50km,0.151,93.8,0.0,80.0,1178.8,161.8,144.63,233.14,False,False,TECH006,27
indocement-kotabaru-tarjun,18.0,grid_connected_solar,pvout_buildable_best_50km,0.151,93.8,0.0,80.0,1178.8,180.07,160.89,259.78,False,False,TECH006,27
indocement-kotabaru-tarjun,20.0,grid_connected_solar,pvout_buildable_best_50km,0.151,93.8,0.0,80.0,1178.8,198.59,177.36,286.78,False,False,TECH006,27
semen-grobogan,4.0,within_boundary,pvout_centroid,0.1745,0.0,0.0,0.0,960.0,46.5,40.92,69.7,True,False,TECH006,27
semen-grobogan,6.0,within_boundary,pvout_centroid,0.1745,0.0,0.0,0.0,960.0,56.24,49.34,84.92,True,False,TECH006,27
semen-grobogan,8.0,within_boundary,pvout_centroid,0.1745,0.0,0.0,0.0,960.0,66.85,58.51,101.49,True,False,TECH006,27
semen-grobogan,10.0,within_boundary,pvout_centroid,0.1745,0.0,0.0,0.0,960.0,78.17,68.3,119.18,True,False,TECH006,27
semen-grobogan,12.0,within_boundary,pvout_centroid,0.1745,0.0,0.0,0.0,960.0,90.06,78.57,137.75,True,False,TECH006,27
semen-grobogan,14.0,within_boundary,pvout_centroid,0.1745,0.0,0.0,0.0,960.0,102.37,89.22,157.0,True,False,TECH006,27
semen-grobogan,16.0,within_boundary,pvout_centroid,0.1745,0.0,0.0,0.0,960.0,115.01,100.15,176.75,True,False,TECH006,27
semen-grobogan,18.0,within_boundary,pvout_centroid,0.1745,0.0,0.0,0.0,960.0,127.89,111.29,196.88,True,False,TECH006,27
semen-grobogan,20.0,within_boundary,pvout_centroid,0.1745,0.0,0.0,0.0,960.0,140.95,122.57,217.27,True,False,TECH006,27
semen-grobogan,4.0,grid_connected_solar,pvout_buildable_best_50km,0.1731,121.4,0.0,78.3,1204.8,57.48,51.85,80.86,False,False,TECH006,27
semen-grobogan,6.0,grid_connected_solar,pvout_buildable_best_50km,0.1731,121.4,0.0,78.3,1204.8,69.79,62.84,98.7,False,False,TECH006,27
semen-grobogan,8.0,grid_connected_solar,pvout_buildable_best_50km,0.1731,121.4,0.0,78.3,1204.8,83.21,74.81,118.13,False,False,TECH006,27
semen-grobogan,10.0,grid_connected_solar,pvout_buildable_best_50km,0.1731,121.4,0.0,78.3,1204.8,97.53,87.58,138.87,False,False,TECH006,27
semen-grobogan,12.0,grid_connected_solar,pvout_buildable_best_50km,0.1731,121.4,0.0,78.3,1204.8,112.57,100.99,160.65,False,False,TECH006,27
semen-grobogan,14.0,grid_connected_solar,pvout_buildable_best_50km,0.1731,121.4,0.0,78.3,1204.8,128.15,114.89,183.21,False,False,TECH006,27
semen-grobogan,16.0,grid_connected_solar,pvout_buildable_best_50km,0.1731,121.4,0.0,78.3,1204.8,144.14,129.16,206.37,False,False,TECH006,27
semen-grobogan,18.0,grid_connected_solar,pvout_buildable_best_50km,0.1731,121.4,0.0,78.3,1204.8,160.43,143.69,229.96,False,False,TECH006,27
semen-grobogan,20.0,grid_connected_solar,pvout_buildable_best_50km,0.1731,121.4,0.0,78.3,1204.8,176.94,158.42,253.88,False,False,TECH006,27
semen-garuda-bekasi,4.0,within_boundary,pvout_centroid,0.1606,0.0,0.0,0.0,960.0,50.52,44.45,75.72,True,False,TECH006,27
semen-garuda-bekasi,6.0,within_boundary,pvout_centroid,0.1606,0.0,0.0,0.0,960.0,61.1,53.6,92.25,True,False,TECH006,27
semen-garuda-bekasi,8.0,within_boundary,pvout_centroid,0.1606,0.0,0.0,0.0,960.0,72.62,63.56,110.26,True,False,TECH006,27
semen-garuda-bekasi,10.0,within_boundary,pvout_centroid,0.1606,0.0,0.0,0.0,960.0,84.92,74.2,129.47,True,False,TECH006,27
semen-garuda-bekasi,12.0,within_boundary,pvout_centroid,0.1606,0.0,0.0,0.0,960.0,97.83,85.36,149.65,True,False,TECH006,27
semen-garuda-bekasi,14.0,within_boundary,pvout_centroid,0.1606,0.0,0.0,0.0,960.0,111.21,96.93,170.56,True,False,TECH006,27
semen-garuda-bekasi,16.0,within_boundary,pvout_centroid,0.1606,0.0,0.0,0.0,960.0,124.95,108.8,192.01,True,False,TECH006,27
semen-garuda-bekasi,18.0,within_boundary,pvout_centroid,0.1606,0.0,0.0,0.0,960.0,138.94,120.9,213.88,True,False,TECH006,27
semen-garuda-bekasi,20.0,within_boundary,pvout_centroid,0.1606,0.0,0.0,0.0,960.0,153.12,133.16,236.03,True,False,TECH006,27
semen-garuda-bekasi,4.0,grid_connected_solar,pvout_buildable_best_50km,0.1603,89.6,0.0,79.6,1174.2,60.62,54.55,85.87,False,False,TECH006,27
semen-garuda-bekasi,6.0,grid_connected_solar,pvout_buildable_best_50km,0.1603,89.6,0.0,79.6,1174.2,73.59,66.07,104.79,False,False,TECH006,27
semen-garuda-bekasi,8.0,grid_connected_solar,pvout_buildable_best_50km,0.1603,89.6,0.0,79.6,1174.2,87.71,78.63,125.41,False,False,TECH006,27
semen-garuda-bekasi,10.0,grid_connected_solar,pvout_buildable_best_50km,0.1603,89.6,0.0,79.6,1174.2,102.78,92.03,147.41,False,False,TECH006,27
semen-garuda-bekasi,12.0,grid_connected_solar,pvout_buildable_best_50km,0.1603,89.6,0.0,79.6,1174.2,118.59,106.1,170.5,False,False,TECH006,27
semen-garuda-bekasi,14.0,grid_connected_solar,pvout_buildable_best_50km,0.1603,89.6,0.0,79.6,1174.2,134.99,120.68,194.44,False,False,TECH006,27
semen-garuda-bekasi,16.0,grid_connected_solar,pvout_buildable_best_50km,0.1603,89.6,0.0,79.6,1174.2,151.82,135.64,219.0,False,False,TECH006,27
semen-garuda-bekasi,18.0,grid_connected_solar,pvout_buildable_best_50km,0.1603,89.6,0.0,79.6,1174.2,168.96,150.89,244.03,False,False,TECH006,27
semen-garuda-bekasi,20.0,grid_connected_solar,pvout_buildable_best_50km,0.1603,89.6,0.0,79.6,1174.2,186.33,166.34,269.39,False,False,TECH006,27
sbi-andalas-lhoknga,4.0,within_boundary,pvout_centroid,0.161,0.0,0.0,0.0,960.0,50.42,44.36,75.57,True,False,TECH006,27
sbi-andalas-lhoknga,6.0,within_boundary,pvout_centroid,0.161,0.0,0.0,0.0,960.0,60.97,53.49,92.06,True,False,TECH006,27
sbi-andalas-lhoknga,8.0,within_boundary,pvout_centroid,0.161,0.0,0.0,0.0,960.0,72.47,63.43,110.03,True,False,TECH006,27
sbi-andalas-lhoknga,10.0,within_boundary,pvout_centroid,0.161,0.0,0.0,0.0,960.0,84.75,74.04,129.21,True,False,TECH006,27
sbi-andalas-lhoknga,12.0,within_boundary,pvout_centroid,0.161,0.0,0.0,0.0,960.0,97.63,85.18,149.34,True,False,TECH006,27
sbi-andalas-lhoknga,14.0,within_boundary,pvout_centroid,0.161,0.0,0.0,0.0,960.0,110.98,96.73,170.2,True,False,TECH006,27
sbi-andalas-lhoknga,16.0,within_boundary,pvout_centroid,0.161,0.0,0.0,0.0,960.0,124.69,108.58,191.62,True,False,TECH006,27
sbi-andalas-lhoknga,18.0,within_boundary,pvout_centroid,0.161,0.0,0.0,0.0,960.0,138.65,120.65,213.44,True,False,TECH006,27
sbi-andalas-lhoknga,20.0,within_boundary,pvout_centroid,0.161,0.0,0.0,0.0,960.0,152.8,132.88,235.54,True,False,TECH006,27
sbi-andalas-lhoknga,4.0,grid_connected_solar,pvout_best_50km,0.1674,143.4,0.0,58.6,1207.0,59.55,53.73,83.74,True,False,TECH006,27
sbi-andalas-lhoknga,6.0,grid_connected_solar,pvout_best_50km,0.1674,143.4,0.0,58.6,1207.0,72.31,65.12,102.21,True,False,TECH006,27
sbi-andalas-lhoknga,8.0,grid_connected_solar,pvout_best_50km,0.1674,143.4,0.0,58.6,1207.0,86.22,77.52,122.34,True,False,TECH006,27
sbi-andalas-lhoknga,10.0,grid_connected_solar,pvout_best_50km,0.1674,143.4,0.0,58.6,1207.0,101.06,90.76,143.82,True,False,TECH006,27
sbi-andalas-lhoknga,12.0,grid_connected_solar,pvout_best_50km,0.1674,143.4,0.0,58.6,1207.0,116.64,104.67,166.36,True,False,TECH006,27
sbi-andalas-lhoknga,14.0,grid_connected_solar,pvout_best_50km,0.1674,143.4,0.0,58.6,1207.0,132.78,119.07,189.73,True,False,TECH006,27
sbi-andalas-lhoknga,16.0,grid_connected_solar,pvout_best_50km,0.1674,143.4,0.0,58.6,1207.0,149.35,133.86,213.72,True,False,TECH006,27
sbi-andalas-lhoknga,18.0,grid_connected_solar,pvout_best_50km,0.1674,143.4,0.0,58.6,1207.0,166.24,148.92,238.15,True,False,TECH006,27
sbi-andalas-lhoknga,20.0,grid_connected_solar,pvout_best_50km,0.1674,143.4,0.0,58.6,1207.0,183.35,164.19,262.92,True,False,TECH006,27
semen-jawa-scg-sukabumi,4.0,within_boundary,pvout_centroid,0.1564,0.0,0.0,0.0,960.0,51.88,45.65,77.76,True,False,TECH006,27
semen-jawa-scg-sukabumi,6.0,within_boundary,pvout_centroid,0.1564,0.0,0.0,0.0,960.0,62.74,55.04,94.74,True,False,TECH006,27
semen-jawa-scg-sukabumi,8.0,within_boundary,pvout_centroid,0.1564,0.0,0.0,0.0,960.0,74.58,65.27,113.23,True,False,TECH006,27
semen-jawa-scg-sukabumi,10.0,within_boundary,pvout_centroid,0.1564,0.0,0.0,0.0,960.0,87.21,76.19,132.96,True,False,TECH006,27
semen-jawa-scg-sukabumi,12.0,within_boundary,pvout_centroid,0.1564,0.0,0.0,0.0,960.0,100.47,87.66,153.68,True,False,TECH006,27
semen-jawa-scg-sukabumi,14.0,within_boundary,pvout_centroid,0.1564,0.0,0.0,0.0,960.0,114.21,99.54,175.15,True,False,TECH006,27
semen-jawa-scg-sukabumi,16.0,within_boundary,pvout_centroid,0.1564,0.0,0.0,0.0,960.0,128.31,111.73,197.18,True,False,TECH006,27
semen-jawa-scg-sukabumi,18.0,within_boundary,pvout_centroid,0.1564,0.0,0.0,0.0,960.0,142.68,124.15,219.63,True,False,TECH006,27
semen-jawa-scg-sukabumi,20.0,within_boundary,pvout_centroid,0.1564,0.0,0.0,0.0,960.0,157.24,136.74,242.39,True,False,TECH006,27
semen-jawa-scg-sukabumi,4.0,grid_connected_solar,pvout_buildable_best_50km,0.1555,102.7,0.0,79.2,1186.9,63.13,56.86,89.16,False,False,TECH006,27
semen-jawa-scg-sukabumi,6.0,grid_connected_solar,pvout_buildable_best_50km,0.1555,102.7,0.0,79.2,1186.9,76.64,68.89,108.82,False,False,TECH006,27
semen-jawa-scg-sukabumi,8.0,grid_connected_solar,pvout_buildable_best_50km,0.1555,102.7,0.0,79.2,1186.9,91.36,82.0,130.24,False,False,TECH006,27
semen-jawa-scg-sukabumi,10.0,grid_connected_solar,pvout_buildable_best_50km,0.1555,102.7,0.0,79.2,1186.9,107.07,95.99,153.09,False,False,TECH006,27
semen-jawa-scg-sukabumi,12.0,grid_connected_solar,pvout_buildable_best_50km,0.1555,102.7,0.0,79.2,1186.9,123.55,110.67,177.08,False,False,TECH006,27
semen-jawa-scg-sukabumi,14.0,grid_connected_solar,pvout_buildable_best_50km,0.1555,102.7,0.0,79.2,1186.9,140.64,125.89,201.95,False,False,TECH006,27
semen-jawa-scg-sukabumi,16.0,grid_connected_solar,pvout_buildable_best_50km,0.1555,102.7,0.0,79.2,1186.9,158.18,141.51,227.47,False,False,TECH006,27
semen-jawa-scg-sukabumi,18.0,grid_connected_solar,pvout_buildable_best_50km,0.1555,102.7,0.0,79.2,1186.9,176.05,157.42,253.47,False,False,TECH006,27
semen-jawa-scg-sukabumi,20.0,grid_connected_solar,pvout_buildable_best_50km,0.1555,102.7,0.0,79.2,1186.9,194.16,173.54,279.82,False,False,TECH006,27
semen-bosowa-banyuwangi,4.0,within_boundary,pvout_centroid,0.1844,0.0,0.0,0.0,960.0,44.0,38.72,65.95,True,False,TECH006,27
semen-bosowa-banyuwangi,6.0,within_boundary,pvout_centroid,0.1844,0.0,0.0,0.0,960.0,53.22,46.68,80.35,True,False,TECH006,27
semen-bosowa-banyuwangi,8.0,within_boundary,pvout_centroid,0.1844,0.0,0.0,0.0,960.0,63.25,55.36,96.03,True,False,TECH006,27
semen-bosowa-banyuwangi,10.0,within_boundary,pvout_centroid,0.1844,0.0,0.0,0.0,960.0,73.97,64.62,112.77,True,False,TECH006,27
semen-bosowa-banyuwangi,12.0,within_boundary,pvout_centroid,0.1844,0.0,0.0,0.0,960.0,85.21,74.35,130.34,True,False,TECH006,27
semen-bosowa-banyuwangi,14.0,within_boundary,pvout_centroid,0.1844,0.0,0.0,0.0,960.0,96.87,84.42,148.55,True,False,TECH006,27
semen-bosowa-banyuwangi,16.0,within_boundary,pvout_centroid,0.1844,0.0,0.0,0.0,960.0,108.83,94.77,167.24,True,False,TECH006,27
semen-bosowa-banyuwangi,18.0,within_boundary,pvout_centroid,0.1844,0.0,0.0,0.0,960.0,121.01,105.3,186.29,True,False,TECH006,27
semen-bosowa-banyuwangi,20.0,within_boundary,pvout_centroid,0.1844,0.0,0.0,0.0,960.0,133.36,115.98,205.58,True,False,TECH006,27
semen-bosowa-banyuwangi,4.0,grid_connected_solar,pvout_best_50km,0.1965,102.2,0.0,76.4,1183.7,49.82,44.86,70.42,True,False,TECH006,27
semen-bosowa-banyuwangi,6.0,grid_connected_solar,pvout_best_50km,0.1965,102.2,0.0,76.4,1183.7,60.48,54.35,85.94,True,False,TECH006,27
semen-bosowa-banyuwangi,8.0,grid_connected_solar,pvout_best_50km,0.1965,102.2,0.0,76.4,1183.7,72.09,64.69,102.85,True,False,TECH006,27
semen-bosowa-banyuwangi,10.0,grid_connected_solar,pvout_best_50km,0.1965,102.2,0.0,76.4,1183.7,84.49,75.72,120.9,True,False,TECH006,27
semen-bosowa-banyuwangi,12.0,grid_connected_solar,pvout_best_50km,0.1965,102.2,0.0,76.4,1183.7,97.5,87.3,139.84,True,False,TECH006,27
semen-bosowa-banyuwangi,14.0,grid_connected_solar,pvout_best_50km,0.1965,102.2,0.0,76.4,1183.7,110.98,99.31,159.48,True,False,TECH006,27
semen-bosowa-banyuwangi,16.0,grid_connected_solar,pvout_best_50km,0.1965,102.2,0.0,76.4,1183.7,124.82,111.62,179.63,True,False,TECH006,27
semen-bosowa-banyuwangi,18.0,grid_connected_solar,pvout_best_50km,0.1965,102.2,0.0,76.4,1183.7,138.92,124.18,200.16,True,False,TECH006,27
semen-bosowa-banyuwangi,20.0,grid_connected_solar,pvout_best_50km,0.1965,102.2,0.0,76.4,1183.7,153.21,136.89,220.97,True,False,TECH006,27
cemindo-gemilang-ciwandan,4.0,within_boundary,pvout_centroid,0.158,0.0,0.0,0.0,960.0,51.36,45.19,76.98,True,False,TECH006,27
cemindo-gemilang-ciwandan,6.0,within_boundary,pvout_centroid,0.158,0.0,0.0,0.0,960.0,62.11,54.49,93.78,True,False,TECH006,27
cemindo-gemilang-ciwandan,8.0,within_boundary,pvout_centroid,0.158,0.0,0.0,0.0,960.0,73.83,64.62,112.09,True,False,TECH006,27
cemindo-gemilang-ciwandan,10.0,within_boundary,pvout_centroid,0.158,0.0,0.0,0.0,960.0,86.33,75.43,131.63,True,False,TECH006,27
cemindo-gemilang-ciwandan,12.0,within_boundary,pvout_centroid,0.158,0.0,0.0,0.0,960.0,99.46,86.78,152.13,True,False,TECH006,27
cemindo-gemilang-ciwandan,14.0,within_boundary,pvout_centroid,0.158,0.0,0.0,0.0,960.0,113.06,98.54,173.39,True,False,TECH006,27
cemindo-gemilang-ciwandan,16.0,within_boundary,pvout_centroid,0.158,0.0,0.0,0.0,960.0,127.02,110.61,195.2,True,False,TECH006,27
cemindo-gemilang-ciwandan,18.0,within_boundary,pvout_centroid,0.158,0.0,0.0,0.0,960.0,141.25,122.91,217.43,True,False,TECH006,27
cemindo-gemilang-ciwandan,20.0,within_boundary,pvout_centroid,0.158,0.0,0.0,0.0,960.0,155.66,135.37,239.95,True,False,TECH006,27
cemindo-gemilang-ciwandan,4.0,grid_connected_solar,pvout_buildable_best_50km,0.1643,104.7,0.0,71.7,1181.3,59.48,53.55,84.12,False,False,TECH006,27
cemindo-gemilang-ciwandan,6.0,grid_connected_solar,pvout_buildable_best_50km,0.1643,104.7,0.0,71.7,1181.3,72.21,64.88,102.66,False,False,TECH006,27
cemindo-gemilang-ciwandan,8.0,grid_connected_solar,pvout_buildable_best_50km,0.1643,104.7,0.0,71.7,1181.3,86.07,77.21,122.86,False,False,TECH006,27
cemindo-gemilang-ciwandan,10.0,grid_connected_solar,pvout_buildable_best_50km,0.1643,104.7,0.0,71.7,1181.3,100.86,90.38,144.42,False,False,TECH006,27
cemindo-gemilang-ciwandan,12.0,grid_connected_solar,pvout_buildable_best_50km,0.1643,104.7,0.0,71.7,1181.3,116.4,104.2,167.05,False,False,TECH006,27
cemindo-gemilang-ciwandan,14.0,grid_connected_solar,pvout_buildable_best_50km,0.1643,104.7,0.0,71.7,1181.3,132.49,118.53,190.5,False,False,TECH006,27
cemindo-gemilang-ciwandan,16.0,grid_connected_solar,pvout_buildable_best_50km,0.1643,104.7,0.0,71.7,1181.3,149.01,133.23,214.57,False,False,TECH006,27
cemindo-gemilang-ciwandan,18.0,grid_connected_solar,pvout_buildable_best_50km,0.1643,104.7,0.0,71.7,1181.3,165.84,148.21,239.1,False,False,TECH006,27
cemindo-gemilang-ciwandan,20.0,grid_connected_solar,pvout_buildable_best_50km,0.1643,104.7,0.0,71.7,1181.3,182.9,163.38,263.95,False,False,TECH006,27
conch-south-kalimantan,4.0,within_boundary,pvout_centroid,0.1492,0.0,0.0,0.0,960.0,54.39,47.85,81.52,True,False,TECH006,27
conch-south-kalimantan,6.0,within_boundary,pvout_centroid,0.1492,0.0,0.0,0.0,960.0,65.77,57.7,99.31,True,False,TECH006,27
conch-south-kalimantan,8.0,within_boundary,pvout_centroid,0.1492,0.0,0.0,0.0,960.0,78.18,68.43,118.69,True,False,TECH006,27
conch-south-kalimantan,10.0,within_boundary,pvout_centroid,0.1492,0.0,0.0,0.0,960.0,91.42,79.87,139.38,True,False,TECH006,27
conch-south-kalimantan,12.0,within_boundary,pvout_centroid,0.1492,0.0,0.0,0.0,960.0,105.32,91.89,161.1,True,False,TECH006,27
conch-south-kalimantan,14.0,within_boundary,pvout_centroid,0.1492,0.0,0.0,0.0,960.0,119.72,104.34,183.6,True,False,TECH006,27
conch-south-kalimantan,16.0,within_boundary,pvout_centroid,0.1492,0.0,0.0,0.0,960.0,134.51,117.12,206.7,True,False,TECH006,27
conch-south-kalimantan,18.0,within_boundary,pvout_centroid,0.1492,0.0,0.0,0.0,960.0,149.57,130.15,230.24,True,False,TECH006,27
conch-south-kalimantan,20.0,within_boundary,pvout_centroid,0.1492,0.0,0.0,0.0,960.0,164.83,143.34,254.09,True,False,TECH006,27
conch-south-kalimantan,4.0,grid_connected_solar,pvout_buildable_best_50km,0.15,104.2,0.0,80.0,1189.2,65.54,59.05,92.52,False,False,TECH006,27
conch-south-kalimantan,6.0,grid_connected_solar,pvout_buildable_best_50km,0.15,104.2,0.0,80.0,1189.2,79.57,71.54,112.92,False,False,TECH006,27
conch-south-kalimantan,8.0,grid_connected_solar,pvout_buildable_best_50km,0.15,104.2,0.0,80.0,1189.2,94.85,85.15,135.15,False,False,TECH006,27
conch-south-kalimantan,10.0,grid_connected_solar,pvout_buildable_best_50km,0.15,104.2,0.0,80.0,1189.2,111.17,99.68,158.86,False,False,TECH006,27
conch-south-kalimantan,12.0,grid_connected_solar,pvout_buildable_best_50km,0.15,104.2,0.0,80.0,1189.2,128.29,114.93,183.76,False,False,TECH006,27
conch-south-kalimantan,14.0,grid_connected_solar,pvout_buildable_best_50km,0.15,104.2,0.0,80.0,1189.2,146.03,130.74,209.57,False,False,TECH006,27
conch-south-kalimantan,16.0,grid_connected_solar,pvout_buildable_best_50km,0.15,104.2,0.0,80.0,1189.2,164.25,146.96,236.05,False,False,TECH006,27
conch-south-kalimantan,18.0,grid_connected_solar,pvout_buildable_best_50km,0.15,104.2,0.0,80.0,1189.2,182.8,163.49,263.03,False,False,TECH006,27
conch-south-kalimantan,20.0,grid_connected_solar,pvout_buildable_best_50km,0.15,104.2,0.0,80.0,1189.2,201.61,180.24,290.38,False,False,TECH006,27
cemindo-gemilang-batam,4.0,within_boundary,pvout_centroid,0.1494,0.0,0.0,0.0,960.0,54.31,47.79,81.4,True,False,TECH006,27
cemindo-gemilang-batam,6.0,within_boundary,pvout_centroid,0.1494,0.0,0.0,0.0,960.0,65.68,57.62,99.17,True,False,TECH006,27
cemindo-gemilang-batam,8.0,within_boundary,pvout_centroid,0.1494,0.0,0.0,0.0,960.0,78.07,68.33,118.53,True,False,TECH006,27
cemindo-gemilang-batam,10.0,within_boundary,pvout_centroid,0.1494,0.0,0.0,0.0,960.0,91.29,79.76,139.19,True,False,TECH006,27
cemindo-gemilang-batam,12.0,within_boundary,pvout_centroid,0.1494,0.0,0.0,0.0,960.0,105.17,91.76,160.88,True,False,TECH006,27
cemindo-gemilang-batam,14.0,within_boundary,pvout_centroid,0.1494,0.0,0.0,0.0,960.0,119.56,104.2,183.35,True,False,TECH006,27
cemindo-gemilang-batam,16.0,within_boundary,pvout_centroid,0.1494,0.0,0.0,0.0,960.0,134.32,116.96,206.42,True,False,TECH006,27
cemindo-gemilang-batam,18.0,within_boundary,pvout_centroid,0.1494,0.0,0.0,0.0,960.0,149.36,129.97,229.92,True,False,TECH006,27
cemindo-gemilang-batam,20.0,within_boundary,pvout_centroid,0.1494,0.0,0.0,0.0,960.0,164.6,143.15,253.74,True,False,TECH006,27
cemindo-gemilang-batam,4.0,grid_connected_solar,pvout_buildable_best_50km,0.1533,170.6,0.0,79.6,1255.3,67.38,61.02,93.79,False,False,TECH006,27
cemindo-gemilang-batam,6.0,grid_connected_solar,pvout_buildable_best_50km,0.1533,170.6,0.0,79.6,1255.3,81.88,74.02,114.52,False,False,TECH006,27
cemindo-gemilang-batam,8.0,grid_connected_solar,pvout_buildable_best_50km,0.1533,170.6,0.0,79.6,1255.3,97.67,88.17,137.1,False,False,TECH006,27
cemindo-gemilang-batam,10.0,grid_connected_solar,pvout_buildable_best_50km,0.1533,170.6,0.0,79.6,1255.3,114.52,103.28,161.2,False,False,TECH006,27
cemindo-gemilang-batam,12.0,grid_connected_solar,pvout_buildable_best_50km,0.1533,170.6,0.0,79.6,1255.3,132.21,119.14,186.5,False,False,TECH006,27
cemindo-gemilang-batam,14.0,grid_connected_solar,pvout_buildable_best_50km,0.1533,170.6,0.0,79.6,1255.3,150.54,135.57,212.73,False,False,TECH006,27
cemindo-gemilang-batam,16.0,grid_connected_solar,pvout_buildable_best_50km,0.1533,170.6,0.0,79.6,1255.3,169.36,152.44,239.64,False,False,TECH006,27
cemindo-gemilang-batam,18.0,grid_connected_solar,pvout_buildable_best_50km,0.1533,170.6,0.0,79.6,1255.3,188.53,169.63,267.06,False,False,TECH006,27
cemindo-gemilang-batam,20.0,grid_connected_solar,pvout_buildable_best_50km,0.1533,170.6,0.0,79.6,1255.3,207.96,187.04,294.84,False,False,TECH006,27
semen-bosowa-batam,4.0,within_boundary,pvout_centroid,0.1494,0.0,0.0,0.0,960.0,54.31,47.79,81.4,True,False,TECH006,27
semen-bosowa-batam,6.0,within_boundary,pvout_centroid,0.1494,0.0,0.0,0.0,960.0,65.68,57.62,99.17,True,False,TECH006,27
semen-bosowa-batam,8.0,within_boundary,pvout_centroid,0.1494,0.0,0.0,0.0,960.0,78.07,68.33,118.53,True,False,TECH006,27
semen-bosowa-batam,10.0,within_boundary,pvout_centroid,0.1494,0.0,0.0,0.0,960.0,91.29,79.76,139.19,True,False,TECH006,27
semen-bosowa-batam,12.0,within_boundary,pvout_centroid,0.1494,0.0,0.0,0.0,960.0,105.17,91.76,160.88,True,False,TECH006,27
semen-bosowa-batam,14.0,within_boundary,pvout_centroid,0.1494,0.0,0.0,0.0,960.0,119.56,104.2,183.35,True,False,TECH006,27
semen-bosowa-batam,16.0,within_boundary,pvout_centroid,0.1494,0.0,0.0,0.0,960.0,134.32,116.96,206.42,True,False,TECH006,27
semen-bosowa-batam,18.0,within_boundary,pvout_centroid,0.1494,0.0,0.0,0.0,960.0,149.36,129.97,229.92,True,False,TECH006,27
semen-bosowa-batam,20.0,within_boundary,pvout_centroid,0.1494,0.0,0.0,0.0,960.0,164.6,143.15,253.74,True,False,TECH006,27
semen-bosowa-batam,4.0,grid_connected_solar,pvout_buildable_best_50km,0.1533,170.9,0.0,79.7,1255.6,67.39,61.04,93.8,False,False,TECH006,27
semen-bosowa-batam,6.0,grid_connected_solar,pvout_buildable_best_50km,0.1533,170.9,0.0,79.7,1255.6,81.89,74.03,114.54,False,False,TECH006,27
semen-bosowa-batam,8.0,grid_connected_solar,pvout_buildable_best_50km,0.1533,170.9,0.0,79.7,1255.6,97.69,88.19,137.12,False,False,TECH006,27
semen-bosowa-batam,10.0,grid_connected_solar,pvout_buildable_best_50km,0.1533,170.9,0.0,79.7,1255.6,114.54,103.3,161.23,False,False,TECH006,27
semen-bosowa-batam,12.0,grid_connected_solar,pvout_buildable_best_50km,0.1533,170.9,0.0,79.7,1255.6,132.23,119.16,186.53,False,False,TECH006,27
semen-bosowa-batam,14.0,grid_connected_solar,pvout_buildable_best_50km,0.1533,170.9,0.0,79.7,1255.6,150.57,135.6,212.76,False,False,TECH006,27
semen-bosowa-batam,16.0,grid_connected_solar,pvout_buildable_best_50km,0.1533,170.9,0.0,79.7,1255.6,169.39,152.47,239.67,False,False,TECH006,27
semen-bosowa-batam,18.0,grid_connected_solar,pvout_buildable_best_50km,0.1533,170.9,0.0,79.7,1255.6,188.57,169.66,267.09,False,False,TECH006,27
semen-bosowa-batam,20.0,grid_connected_solar,pvout_buildable_best_50km,0.1533,170.9,0.0,79.7,1255.6,208.0,187.09,294.88,False,False,TECH006,27
semen-jakarta,4.0,within_boundary,pvout_centroid,0.1555,0.0,0.0,0.0,960.0,52.2,45.93,78.24,True,False,TECH006,27
semen-jakarta,6.0,within_boundary,pvout_centroid,0.1555,0.0,0.0,0.0,960.0,63.13,55.38,95.32,True,False,TECH006,27
semen-jakarta,8.0,within_boundary,pvout_centroid,0.1555,0.0,0.0,0.0,960.0,75.04,65.68,113.93,True,False,TECH006,27
semen-jakarta,10.0,within_boundary,pvout_centroid,0.1555,0.0,0.0,0.0,960.0,87.75,76.66,133.78,True,False,TECH006,27
semen-jakarta,12.0,within_boundary,pvout_centroid,0.1555,0.0,0.0,0.0,960.0,101.09,88.2,154.63,True,False,TECH006,27
semen-jakarta,14.0,within_boundary,pvout_centroid,0.1555,0.0,0.0,0.0,960.0,114.91,100.15,176.23,True,False,TECH006,27
semen-jakarta,16.0,within_boundary,pvout_centroid,0.1555,0.0,0.0,0.0,960.0,129.1,112.42,198.4,True,False,TECH006,27
semen-jakarta,18.0,within_boundary,pvout_centroid,0.1555,0.0,0.0,0.0,960.0,143.56,124.92,220.99,True,False,TECH006,27
semen-jakarta,20.0,within_boundary,pvout_centroid,0.1555,0.0,0.0,0.0,960.0,158.21,137.59,243.88,True,False,TECH006,27
semen-jakarta,4.0,grid_connected_solar,pvout_buildable_best_50km,0.1644,103.7,0.0,71.7,1180.3,59.41,53.48,84.04,False,False,TECH006,27
semen-jakarta,6.0,grid_connected_solar,pvout_buildable_best_50km,0.1644,103.7,0.0,71.7,1180.3,72.12,64.79,102.56,False,False,TECH006,27
semen-jakarta,8.0,grid_connected_solar,pvout_buildable_best_50km,0.1644,103.7,0.0,71.7,1180.3,85.97,77.11,122.74,False,False,TECH006,27
semen-jakarta,10.0,grid_connected_solar,pvout_buildable_best_50km,0.1644,103.7,0.0,71.7,1180.3,100.74,90.26,144.28,False,False,TECH006,27
semen-jakarta,12.0,grid_connected_solar,pvout_buildable_best_50km,0.1644,103.7,0.0,71.7,1180.3,116.25,104.06,166.88,False,False,TECH006,27
semen-jakarta,14.0,grid_connected_solar,pvout_buildable_best_50km,0.1644,103.7,0.0,71.7,1180.3,132.33,118.37,190.32,False,False,TECH006,27
semen-jakarta,16.0,grid_connected_solar,pvout_buildable_best_50km,0.1644,103.7,0.0,71.7,1180.3,148.83,133.05,214.36,False,False,TECH006,27
semen-jakarta,18.0,grid_connected_solar,pvout_buildable_best_50km,0.1644,103.7,0.0,71.7,1180.3,165.64,148.01,238.86,False,False,TECH006,27
semen-jakarta,20.0,grid_connected_solar,pvout_buildable_best_50km,0.1644,103.7,0.0,71.7,1180.3,182.67,163.17,263.69,False,False,TECH006,27
semen-gresik-city,4.0,within_boundary,pvout_centroid,0.178,0.0,0.0,0.0,960.0,45.58,40.11,68.32,True,False,TECH006,27
semen-gresik-city,6.0,within_boundary,pvout_centroid,0.178,0.0,0.0,0.0,960.0,55.12,48.36,83.23,True,False,TECH006,27
semen-gresik-city,8.0,within_boundary,pvout_centroid,0.178,0.0,0.0,0.0,960.0,65.52,57.35,99.48,True,False,TECH006,27
semen-gresik-city,10.0,within_boundary,pvout_centroid,0.178,0.0,0.0,0.0,960.0,76.62,66.94,116.81,True,False,TECH006,27
semen-gresik-city,12.0,within_boundary,pvout_centroid,0.178,0.0,0.0,0.0,960.0,88.27,77.01,135.02,True,False,TECH006,27
semen-gresik-city,14.0,within_boundary,pvout_centroid,0.178,0.0,0.0,0.0,960.0,100.34,87.45,153.88,True,False,TECH006,27
semen-gresik-city,16.0,within_boundary,pvout_centroid,0.178,0.0,0.0,0.0,960.0,112.73,98.16,173.24,True,False,TECH006,27
semen-gresik-city,18.0,within_boundary,pvout_centroid,0.178,0.0,0.0,0.0,960.0,125.35,109.08,192.96,True,False,TECH006,27
semen-gresik-city,20.0,within_boundary,pvout_centroid,0.178,0.0,0.0,0.0,960.0,138.14,120.14,212.95,True,False,TECH006,27
semen-gresik-city,4.0,grid_connected_solar,pvout_buildable_best_50km,0.1756,84.5,0.0,79.8,1169.3,55.15,49.6,78.21,False,False,TECH006,27
semen-gresik-city,6.0,grid_connected_solar,pvout_buildable_best_50km,0.1756,84.5,0.0,79.8,1169.3,66.94,60.08,95.44,False,False,TECH006,27
semen-gresik-city,8.0,grid_connected_solar,pvout_buildable_best_50km,0.1756,84.5,0.0,79.8,1169.3,79.78,71.49,114.21,False,False,TECH006,27
semen-gresik-city,10.0,grid_connected_solar,pvout_buildable_best_50km,0.1756,84.5,0.0,79.8,1169.3,93.48,83.67,134.24,False,False,TECH006,27
semen-gresik-city,12.0,grid_connected_solar,pvout_buildable_best_50km,0.1756,84.5,0.0,79.8,1169.3,107.87,96.46,155.27,False,False,TECH006,27
semen-gresik-city,14.0,grid_connected_solar,pvout_buildable_best_50km,0.1756,84.5,0.0,79.8,1169.3,122.78,109.71,177.06,False,False,TECH006,27
semen-gresik-city,16.0,grid_connected_solar,pvout_buildable_best_50km,0.1756,84.5,0.0,79.8,1169.3,138.08,123.31,199.43,False,False,TECH006,27
semen-gresik-city,18.0,grid_connected_solar,pvout_buildable_best_50km,0.1756,84.5,0.0,79.8,1169.3,153.67,137.17,222.22,False,False,TECH006,27
semen-gresik-city,20.0,grid_connected_solar,pvout_buildable_best_50km,0.1756,84.5,0.0,79.8,1169.3,169.47,151.21,245.31,False,False,TECH006,27
solusi-bangun-cilegon,4.0,within_boundary,pvout_centroid,0.158,0.0,0.0,0.0,960.0,51.36,45.19,76.98,True,False,TECH006,27
solusi-bangun-cilegon,6.0,within_boundary,pvout_centroid,0.158,0.0,0.0,0.0,960.0,62.11,54.49,93.78,True,False,TECH006,27
solusi-bangun-cilegon,8.0,within_boundary,pvout_centroid,0.158,0.0,0.0,0.0,960.0,73.83,64.62,112.09,True,False,TECH006,27
solusi-bangun-cilegon,10.0,within_boundary,pvout_centroid,0.158,0.0,0.0,0.0,960.0,86.33,75.43,131.63,True,False,TECH006,27
solusi-bangun-cilegon,12.0,within_boundary,pvout_centroid,0.158,0.0,0.0,0.0,960.0,99.46,86.78,152.13,True,False,TECH006,27
solusi-bangun-cilegon,14.0,within_boundary,pvout_centroid,0.158,0.0,0.0,0.0,960.0,113.06,98.54,173.39,True,False,TECH006,27
solusi-bangun-cilegon,16.0,within_boundary,pvout_centroid,0.158,0.0,0.0,0.0,960.0,127.02,110.61,195.2,True,False,TECH006,27
solusi-bangun-cilegon,18.0,within_boundary,pvout_centroid,0.158,0.0,0.0,0.0,960.0,141.25,122.91,217.43,True,False,TECH006,27
solusi-bangun-cilegon,20.0,within_boundary,pvout_centroid,0.158,0.0,0.0,0.0,960.0,155.66,135.37,239.95,True,False,TECH006,27
solusi-bangun-cilegon,4.0,grid_connected_solar,pvout_buildable_best_50km,0.1644,105.8,0.0,67.5,1178.3,59.32,53.39,83.94,False,False,TECH006,27
solusi-bangun-cilegon,6.0,grid_connected_solar,pvout_buildable_best_50km,0.1644,105.8,0.0,67.5,1178.3,72.0,64.68,102.44,False,False,TECH006,27
solusi-bangun-cilegon,8.0,grid_connected_solar,pvout_buildable_best_50km,0.1644,105.8,0.0,67.5,1178.3,85.82,76.97,122.6,False,False,TECH006,27
solusi-bangun-cilegon,10.0,grid_connected_solar,pvout_buildable_best_50km,0.1644,105.8,0.0,67.5,1178.3,100.57,90.09,144.1,False,False,TECH006,27
solusi-bangun-cilegon,12.0,grid_connected_solar,pvout_buildable_best_50km,0.1644,105.8,0.0,67.5,1178.3,116.06,103.87,166.68,False,False,TECH006,27
solusi-bangun-cilegon,14.0,grid_connected_solar,pvout_buildable_best_50km,0.1644,105.8,0.0,67.5,1178.3,132.1,118.14,190.08,False,False,TECH006,27
solusi-bangun-cilegon,16.0,grid_connected_solar,pvout_buildable_best_50km,0.1644,105.8,0.0,67.5,1178.3,148.57,132.8,214.1,False,False,TECH006,27
solusi-bangun-cilegon,18.0,grid_connected_solar,pvout_buildable_best_50km,0.1644,105.8,0.0,67.5,1178.3,165.35,147.72,238.57,False,False,TECH006,27
solusi-bangun-cilegon,20.0,grid_connected_solar,pvout_buildable_best_50km,0.1644,105.8,0.0,67.5,1178.3,182.36,162.85,263.37,False,False,TECH006,27
semen-kupang,4.0,within_boundary,pvout_centroid,0.1905,0.0,0.0,0.0,960.0,42.6,37.48,63.85,True,False,TECH006,27
semen-kupang,6.0,within_boundary,pvout_centroid,0.1905,0.0,0.0,0.0,960.0,51.52,45.19,77.79,True,False,TECH006,27
semen-kupang,8.0,within_boundary,pvout_centroid,0.1905,0.0,0.0,0.0,960.0,61.23,53.59,92.97,True,False,TECH006,27
semen-kupang,10.0,within_boundary,pvout_centroid,0.1905,0.0,0.0,0.0,960.0,71.6,62.56,109.17,True,False,TECH006,27
semen-kupang,12.0,within_boundary,pvout_centroid,0.1905,0.0,0.0,0.0,960.0,82.49,71.97,126.18,True,False,TECH006,27
semen-kupang,14.0,within_boundary,pvout_centroid,0.1905,0.0,0.0,0.0,960.0,93.77,81.73,143.81,True,False,TECH006,27
semen-kupang,16.0,within_boundary,pvout_centroid,0.1905,0.0,0.0,0.0,960.0,105.35,91.74,161.9,True,False,TECH006,27
semen-kupang,18.0,within_boundary,pvout_centroid,0.1905,0.0,0.0,0.0,960.0,117.15,101.94,180.34,True,False,TECH006,27
semen-kupang,20.0,within_boundary,pvout_centroid,0.1905,0.0,0.0,0.0,960.0,129.11,112.27,199.02,True,False,TECH006,27
semen-kupang,4.0,grid_connected_solar,pvout_best_50km,0.2037,116.3,0.0,44.3,1165.6,47.4,42.61,67.27,True,False,TECH006,27
semen-kupang,6.0,grid_connected_solar,pvout_best_50km,0.2037,116.3,0.0,44.3,1165.6,57.52,51.61,82.08,True,False,TECH006,27
semen-kupang,8.0,grid_connected_solar,pvout_best_50km,0.2037,116.3,0.0,44.3,1165.6,68.55,61.41,98.23,True,False,TECH006,27
semen-kupang,10.0,grid_connected_solar,pvout_best_50km,0.2037,116.3,0.0,44.3,1165.6,80.33,71.87,115.45,True,False,TECH006,27
semen-kupang,12.0,grid_connected_solar,pvout_best_50km,0.2037,116.3,0.0,44.3,1165.6,92.69,82.85,133.54,True,False,TECH006,27
semen-kupang,14.0,grid_connected_solar,pvout_best_50km,0.2037,116.3,0.0,44.3,1165.6,105.5,94.23,152.28,True,False,TECH006,27
semen-kupang,16.0,grid_connected_solar,pvout_best_50km,0.2037,116.3,0.0,44.3,1165.6,118.64,105.91,171.52,True,False,TECH006,27
semen-kupang,18.0,grid_connected_solar,pvout_best_50km,0.2037,116.3,0.0,44.3,1165.6,132.04,117.81,191.11,True,False,TECH006,27
semen-kupang,20.0,grid_connected_solar,pvout_best_50km,0.2037,116.3,0.0,44.3,1165.6,145.61,129.87,210.98,True,False,TECH006,27
conch-west-kalimantan,4.0,within_boundary,pvout_centroid,0.1555,0.0,0.0,0.0,960.0,52.19,45.92,78.22,True,False,TECH006,27
conch-west-kalimantan,6.0,within_boundary,pvout_centroid,0.1555,0.0,0.0,0.0,960.0,63.11,55.37,95.29,True,False,TECH006,27
conch-west-kalimantan,8.0,within_boundary,pvout_centroid,0.1555,0.0,0.0,0.0,960.0,75.02,65.66,113.89,True,False,TECH006,27
conch-west-kalimantan,10.0,within_boundary,pvout_centroid,0.1555,0.0,0.0,0.0,960.0,87.72,76.64,133.74,True,False,TECH006,27
conch-west-kalimantan,12.0,within_boundary,pvout_centroid,0.1555,0.0,0.0,0.0,960.0,101.06,88.17,154.58,True,False,TECH006,27
conch-west-kalimantan,14.0,within_boundary,pvout_centroid,0.1555,0.0,0.0,0.0,960.0,114.88,100.12,176.18,True,False,TECH006,27
conch-west-kalimantan,16.0,within_boundary,pvout_centroid,0.1555,0.0,0.0,0.0,960.0,129.06,112.39,198.34,True,False,TECH006,27
conch-west-kalimantan,18.0,within_boundary,pvout_centroid,0.1555,0.0,0.0,0.0,960.0,143.52,124.88,220.92,True,False,TECH006,27
conch-west-kalimantan,20.0,within_boundary,pvout_centroid,0.1555,0.0,0.0,0.0,960.0,158.16,137.55,243.81,True,False,TECH006,27
conch-west-kalimantan,4.0,grid_connected_solar,pvout_best_50km,0.1647,103.3,0.0,8.6,1116.9,56.43,50.51,81.01,True,False,TECH006,27
conch-west-kalimantan,6.0,grid_connected_solar,pvout_best_50km,0.1647,103.3,0.0,8.6,1116.9,68.43,61.12,98.82,True,False,TECH006,27
conch-west-kalimantan,8.0,grid_connected_solar,pvout_best_50km,0.1647,103.3,0.0,8.6,1116.9,81.51,72.67,118.22,True,False,TECH006,27
conch-west-kalimantan,10.0,grid_connected_solar,pvout_best_50km,0.1647,103.3,0.0,8.6,1116.9,95.47,85.01,138.93,True,False,TECH006,27
conch-west-kalimantan,12.0,grid_connected_solar,pvout_best_50km,0.1647,103.3,0.0,8.6,1116.9,110.12,97.95,160.67,True,False,TECH006,27
conch-west-kalimantan,14.0,grid_connected_solar,pvout_best_50km,0.1647,103.3,0.0,8.6,1116.9,125.31,111.37,183.19,True,False,TECH006,27
conch-west-kalimantan,16.0,grid_connected_solar,pvout_best_50km,0.1647,103.3,0.0,8.6,1116.9,140.89,125.14,206.32,True,False,TECH006,27
conch-west-kalimantan,18.0,grid_connected_solar,pvout_best_50km,0.1647,103.3,0.0,8.6,1116.9,156.77,139.18,229.87,True,False,TECH006,27
conch-west-kalimantan,20.0,grid_connected_solar,pvout_best_50km,0.1647,103.3,0.0,8.6,1116.9,172.87,153.4,253.74,True,False,TECH006,27
krakatau-steel-cilegon,4.0,within_boundary,pvout_centroid,0.1585,0.0,0.0,0.0,960.0,51.21,45.06,76.76,True,False,TECH006,27
krakatau-steel-cilegon,6.0,within_boundary,pvout_centroid,0.1585,0.0,0.0,0.0,960.0,61.94,54.33,93.51,True,False,TECH006,27
krakatau-steel-cilegon,8.0,within_boundary,pvout_centroid,0.1585,0.0,0.0,0.0,960.0,73.62,64.43,111.77,True,False,TECH006,27
krakatau-steel-cilegon,10.0,within_boundary,pvout_centroid,0.1585,0.0,0.0,0.0,960.0,86.08,75.21,131.25,True,False,TECH006,27
krakatau-steel-cilegon,12.0,within_boundary,pvout_centroid,0.1585,0.0,0.0,0.0,960.0,99.17,86.53,151.7,True,False,TECH006,27
krakatau-steel-cilegon,14.0,within_boundary,pvout_centroid,0.1585,0.0,0.0,0.0,960.0,112.74,98.25,172.89,True,False,TECH006,27
krakatau-steel-cilegon,16.0,within_boundary,pvout_centroid,0.1585,0.0,0.0,0.0,960.0,126.66,110.29,194.64,True,False,TECH006,27
krakatau-steel-cilegon,18.0,within_boundary,pvout_centroid,0.1585,0.0,0.0,0.0,960.0,140.84,122.55,216.8,True,False,TECH006,27
krakatau-steel-cilegon,20.0,within_boundary,pvout_centroid,0.1585,0.0,0.0,0.0,960.0,155.21,134.98,239.26,True,False,TECH006,27
krakatau-steel-cilegon,4.0,grid_connected_solar,pvout_buildable_best_50km,0.1644,105.2,0.0,71.7,1181.9,59.48,53.56,84.11,False,False,TECH006,27
krakatau-steel-cilegon,6.0,grid_connected_solar,pvout_buildable_best_50km,0.1644,105.2,0.0,71.7,1181.9,72.21,64.88,102.65,False,False,TECH006,27
krakatau-steel-cilegon,8.0,grid_connected_solar,pvout_buildable_best_50km,0.1644,105.2,0.0,71.7,1181.9,86.07,77.22,122.85,False,False,TECH006,27
krakatau-steel-cilegon,10.0,grid_connected_solar,pvout_buildable_best_50km,0.1644,105.2,0.0,71.7,1181.9,100.87,90.39,144.4,False,False,TECH006,27
krakatau-steel-cilegon,12.0,grid_connected_solar,pvout_buildable_best_50km,0.1644,105.2,0.0,71.7,1181.9,116.4,104.21,167.03,False,False,TECH006,27
krakatau-steel-cilegon,14.0,grid_connected_solar,pvout_buildable_best_50km,0.1644,105.2,0.0,71.7,1181.9,132.5,118.54,190.48,False,False,TECH006,27
krakatau-steel-cilegon,16.0,grid_connected_solar,pvout_buildable_best_50km,0.1644,105.2,0.0,71.7,1181.9,149.02,133.24,214.55,False,False,TECH006,27
krakatau-steel-cilegon,18.0,grid_connected_solar,pvout_buildable_best_50km,0.1644,105.2,0.0,71.7,1181.9,165.85,148.22,239.07,False,False,TECH006,27
krakatau-steel-cilegon,20.0,grid_connected_solar,pvout_buildable_best_50km,0.1644,105.2,0.0,71.7,1181.9,182.91,163.4,263.92,False,False,TECH006,27
krakatau-posco-cilegon,4.0,within_boundary,pvout_centroid,0.1588,0.0,0.0,0.0,960.0,51.09,44.95,76.58,True,False,TECH006,27
krakatau-posco-cilegon,6.0,within_boundary,pvout_centroid,0.1588,0.0,0.0,0.0,960.0,61.79,54.2,93.29,True,False,TECH006,27
krakatau-posco-cilegon,8.0,within_boundary,pvout_centroid,0.1588,0.0,0.0,0.0,960.0,73.44,64.28,111.5,True,False,TECH006,27
krakatau-posco-cilegon,10.0,within_boundary,pvout_centroid,0.1588,0.0,0.0,0.0,960.0,85.88,75.03,130.94,True,False,TECH006,27
krakatau-posco-cilegon,12.0,within_boundary,pvout_centroid,0.1588,0.0,0.0,0.0,960.0,98.94,86.32,151.34,True,False,TECH006,27
krakatau-posco-cilegon,14.0,within_boundary,pvout_centroid,0.1588,0.0,0.0,0.0,960.0,112.47,98.02,172.48,True,False,TECH006,27
krakatau-posco-cilegon,16.0,within_boundary,pvout_centroid,0.1588,0.0,0.0,0.0,960.0,126.36,110.03,194.18,True,False,TECH006,27
krakatau-posco-cilegon,18.0,within_boundary,pvout_centroid,0.1588,0.0,0.0,0.0,960.0,140.51,122.26,216.29,True,False,TECH006,27
krakatau-posco-cilegon,20.0,within_boundary,pvout_centroid,0.1588,0.0,0.0,0.0,960.0,154.84,134.66,238.69,True,False,TECH006,27
krakatau-posco-cilegon,4.0,grid_connected_solar,pvout_buildable_best_50km,0.1645,102.2,0.0,67.5,1174.6,59.11,53.19,83.72,False,False,TECH006,27
krakatau-posco-cilegon,6.0,grid_connected_solar,pvout_buildable_best_50km,0.1645,102.2,0.0,67.5,1174.6,71.75,64.43,102.17,False,False,TECH006,27
krakatau-posco-cilegon,8.0,grid_connected_solar,pvout_buildable_best_50km,0.1645,102.2,0.0,67.5,1174.6,85.52,76.67,122.27,False,False,TECH006,27
krakatau-posco-cilegon,10.0,grid_connected_solar,pvout_buildable_best_50km,0.1645,102.2,0.0,67.5,1174.6,100.22,89.74,143.72,False,False,TECH006,27
krakatau-posco-cilegon,12.0,grid_connected_solar,pvout_buildable_best_50km,0.1645,102.2,0.0,67.5,1174.6,115.64,103.46,166.24,False,False,TECH006,27
krakatau-posco-cilegon,14.0,grid_connected_solar,pvout_buildable_best_50km,0.1645,102.2,0.0,67.5,1174.6,131.63,117.68,189.57,False,False,TECH006,27
krakatau-posco-cilegon,16.0,grid_connected_solar,pvout_buildable_best_50km,0.1645,102.2,0.0,67.5,1174.6,148.04,132.27,213.53,False,False,TECH006,27
krakatau-posco-cilegon,18.0,grid_connected_solar,pvout_buildable_best_50km,0.1645,102.2,0.0,67.5,1174.6,164.75,147.14,237.93,False,False,TECH006,27
krakatau-posco-cilegon,20.0,grid_connected_solar,pvout_buildable_best_50km,0.1645,102.2,0.0,67.5,1174.6,181.69,162.2,262.66,False,False,TECH006,27
dexin-steel-morowali,4.0,within_boundary,pvout_centroid,0.1658,0.0,0.0,0.0,960.0,48.93,43.06,73.35,True,False,TECH006,27
dexin-steel-morowali,6.0,within_boundary,pvout_centroid,0.1658,0.0,0.0,0.0,960.0,59.18,51.92,89.36,True,False,TECH006,27
dexin-steel-morowali,8.0,within_boundary,pvout_centroid,0.1658,0.0,0.0,0.0,960.0,70.34,61.57,106.8,True,False,TECH006,27
dexin-steel-morowali,10.0,within_boundary,pvout_centroid,0.1658,0.0,0.0,0.0,960.0,82.26,71.87,125.41,True,False,TECH006,27
dexin-steel-morowali,12.0,within_boundary,pvout_centroid,0.1658,0.0,0.0,0.0,960.0,94.76,82.68,144.95,True,False,TECH006,27
dexin-steel-morowali,14.0,within_boundary,pvout_centroid,0.1658,0.0,0.0,0.0,960.0,107.72,93.88,165.2,True,False,TECH006,27
dexin-steel-morowali,16.0,within_boundary,pvout_centroid,0.1658,0.0,0.0,0.0,960.0,121.02,105.39,185.99,True,False,TECH006,27
dexin-steel-morowali,18.0,within_boundary,pvout_centroid,0.1658,0.0,0.0,0.0,960.0,134.58,117.1,207.16,True,False,TECH006,27
dexin-steel-morowali,20.0,within_boundary,pvout_centroid,0.1658,0.0,0.0,0.0,960.0,148.31,128.98,228.62,True,False,TECH006,27
dexin-steel-morowali,4.0,grid_connected_solar,pvout_best_50km,0.1682,656.6,0.0,44.3,1706.0,81.51,75.72,105.59,True,False,TECH006,27
dexin-steel-morowali,6.0,grid_connected_solar,pvout_best_50km,0.1682,656.6,0.0,44.3,1706.0,99.47,92.3,129.23,True,False,TECH006,27
dexin-steel-morowali,8.0,grid_connected_solar,pvout_best_50km,0.1682,656.6,0.0,44.3,1706.0,119.03,110.37,154.98,True,False,TECH006,27
dexin-steel-morowali,10.0,grid_connected_solar,pvout_best_50km,0.1682,656.6,0.0,44.3,1706.0,139.9,129.66,182.46,True,False,TECH006,27
dexin-steel-morowali,12.0,grid_connected_solar,pvout_best_50km,0.1682,656.6,0.0,44.3,1706.0,161.82,149.9,211.31,True,False,TECH006,27
dexin-steel-morowali,14.0,grid_connected_solar,pvout_best_50km,0.1682,656.6,0.0,44.3,1706.0,184.53,170.89,241.22,True,False,TECH006,27
dexin-steel-morowali,16.0,grid_connected_solar,pvout_best_50km,0.1682,656.6,0.0,44.3,1706.0,207.84,192.42,271.91,True,False,TECH006,27
dexin-steel-morowali,18.0,grid_connected_solar,pvout_best_50km,0.1682,656.6,0.0,44.3,1706.0,231.59,214.36,303.17,True,False,TECH006,27
dexin-steel-morowali,20.0,grid_connected_solar,pvout_best_50km,0.1682,656.6,0.0,44.3,1706.0,255.66,236.59,334.86,True,False,TECH006,27
gunung-raja-paksi-bekasi,4.0,within_boundary,pvout_centroid,0.1587,0.0,0.0,0.0,960.0,51.12,44.98,76.62,True,False,TECH006,27
gunung-raja-paksi-bekasi,6.0,within_boundary,pvout_centroid,0.1587,0.0,0.0,0.0,960.0,61.82,54.24,93.35,True,False,TECH006,27
gunung-raja-paksi-bekasi,8.0,within_boundary,pvout_centroid,0.1587,0.0,0.0,0.0,960.0,73.48,64.32,111.57,True,False,TECH006,27
gunung-raja-paksi-bekasi,10.0,within_boundary,pvout_centroid,0.1587,0.0,0.0,0.0,960.0,85.93,75.08,131.01,True,False,TECH006,27
gunung-raja-paksi-bekasi,12.0,within_boundary,pvout_centroid,0.1587,0.0,0.0,0.0,960.0,98.99,86.37,151.42,True,False,TECH006,27
gunung-raja-paksi-bekasi,14.0,within_boundary,pvout_centroid,0.1587,0.0,0.0,0.0,960.0,112.53,98.08,172.58,True,False,TECH006,27
gunung-raja-paksi-bekasi,16.0,within_boundary,pvout_centroid,0.1587,0.0,0.0,0.0,960.0,126.43,110.09,194.29,True,False,TECH006,27
gunung-raja-paksi-bekasi,18.0,within_boundary,pvout_centroid,0.1587,0.0,0.0,0.0,960.0,140.59,122.33,216.41,True,False,TECH006,27
gunung-raja-paksi-bekasi,20.0,within_boundary,pvout_centroid,0.1587,0.0,0.0,0.0,960.0,154.93,134.74,238.83,True,False,TECH006,27
gunung-raja-paksi-bekasi,4.0,grid_connected_solar,pvout_buildable_best_50km,0.1618,93.0,0.0,79.2,1177.2,60.2,54.18,85.21,False,False,TECH006,27
gunung-raja-paksi-bekasi,6.0,grid_connected_solar,pvout_buildable_best_50km,0.1618,93.0,0.0,79.2,1177.2,73.07,65.63,103.99,False,False,TECH006,27
gunung-raja-paksi-bekasi,8.0,grid_connected_solar,pvout_buildable_best_50km,0.1618,93.0,0.0,79.2,1177.2,87.1,78.11,124.45,False,False,TECH006,27
gunung-raja-paksi-bekasi,10.0,grid_connected_solar,pvout_buildable_best_50km,0.1618,93.0,0.0,79.2,1177.2,102.07,91.42,146.28,False,False,TECH006,27
gunung-raja-paksi-bekasi,12.0,grid_connected_solar,pvout_buildable_best_50km,0.1618,93.0,0.0,79.2,1177.2,117.78,105.4,169.2,False,False,TECH006,27
gunung-raja-paksi-bekasi,14.0,grid_connected_solar,pvout_buildable_best_50km,0.1618,93.0,0.0,79.2,1177.2,134.06,119.89,192.96,False,False,TECH006,27
gunung-raja-paksi-bekasi,16.0,grid_connected_solar,pvout_buildable_best_50km,0.1618,93.0,0.0,79.2,1177.2,150.78,134.75,217.34,False,False,TECH006,27
gunung-raja-paksi-bekasi,18.0,grid_connected_solar,pvout_buildable_best_50km,0.1618,93.0,0.0,79.2,1177.2,167.81,149.9,242.18,False,False,TECH006,27
gunung-raja-paksi-bekasi,20.0,grid_connected_solar,pvout_buildable_best_50km,0.1618,93.0,0.0,79.2,1177.2,185.06,165.25,267.35,False,False,TECH006,27
master-steel-jakarta,4.0,within_boundary,pvout_centroid,0.1575,0.0,0.0,0.0,960.0,51.54,45.35,77.25,True,False,TECH006,27
master-steel-jakarta,6.0,within_boundary,pvout_centroid,0.1575,0.0,0.0,0.0,960.0,62.33,54.68,94.11,True,False,TECH006,27
master-steel-jakarta,8.0,within_boundary,pvout_centroid,0.1575,0.0,0.0,0.0,960.0,74.09,64.84,112.48,True,False,TECH006,27
master-steel-jakarta,10.0,within_boundary,pvout_centroid,0.1575,0.0,0.0,0.0,960.0,86.63,75.69,132.08,True,False,TECH006,27
master-steel-jakarta,12.0,within_boundary,pvout_centroid,0.1575,0.0,0.0,0.0,960.0,99.8,87.08,152.66,True,False,TECH006,27
master-steel-jakarta,14.0,within_boundary,pvout_centroid,0.1575,0.0,0.0,0.0,960.0,113.45,98.88,173.99,True,False,TECH006,27
master-steel-jakarta,16.0,within_boundary,pvout_centroid,0.1575,0.0,0.0,0.0,960.0,127.46,110.99,195.88,True,False,TECH006,27
master-steel-jakarta,18.0,within_boundary,pvout_centroid,0.1575,0.0,0.0,0.0,960.0,141.74,123.33,218.19,True,False,TECH006,27
master-steel-jakarta,20.0,within_boundary,pvout_centroid,0.1575,0.0,0.0,0.0,960.0,156.2,135.84,240.79,True,False,TECH006,27
master-steel-jakarta,4.0,grid_connected_solar,pvout_buildable_best_50km,0.1649,104.4,0.0,79.8,1189.2,59.63,53.72,84.18,False,False,TECH006,27
master-steel-jakarta,6.0,grid_connected_solar,pvout_buildable_best_50km,0.1649,104.4,0.0,79.8,1189.2,72.4,65.09,102.74,False,False,TECH006,27
master-steel-jakarta,8.0,grid_connected_solar,pvout_buildable_best_50km,0.1649,104.4,0.0,79.8,1189.2,86.3,77.47,122.96,False,False,TECH006,27
master-steel-jakarta,10.0,grid_connected_solar,pvout_buildable_best_50km,0.1649,104.4,0.0,79.8,1189.2,101.14,90.69,144.54,False,False,TECH006,27
master-steel-jakarta,12.0,grid_connected_solar,pvout_buildable_best_50km,0.1649,104.4,0.0,79.8,1189.2,116.72,104.57,167.19,False,False,TECH006,27
master-steel-jakarta,14.0,grid_connected_solar,pvout_buildable_best_50km,0.1649,104.4,0.0,79.8,1189.2,132.86,118.95,190.67,False,False,TECH006,27
master-steel-jakarta,16.0,grid_connected_solar,pvout_buildable_best_50km,0.1649,104.4,0.0,79.8,1189.2,149.44,133.71,214.77,False,False,TECH006,27
master-steel-jakarta,18.0,grid_connected_solar,pvout_buildable_best_50km,0.1649,104.4,0.0,79.8,1189.2,166.32,148.75,239.32,False,False,TECH006,27
master-steel-jakarta,20.0,grid_connected_solar,pvout_buildable_best_50km,0.1649,104.4,0.0,79.8,1189.2,183.43,163.98,264.19,False,False,TECH006,27
jakarta-prima-steel-industries,4.0,within_boundary,pvout_centroid,0.1589,0.0,0.0,0.0,960.0,51.06,44.93,76.54,True,False,TECH006,27
jakarta-prima-steel-industries,6.0,within_boundary,pvout_centroid,0.1589,0.0,0.0,0.0,960.0,61.76,54.18,93.25,True,False,TECH006,27
jakarta-prima-steel-industries,8.0,within_boundary,pvout_centroid,0.1589,0.0,0.0,0.0,960.0,73.41,64.25,111.45,True,False,TECH006,27
jakarta-prima-steel-industries,10.0,within_boundary,pvout_centroid,0.1589,0.0,0.0,0.0,960.0,85.84,75.0,130.87,True,False,TECH006,27
jakarta-prima-steel-industries,12.0,within_boundary,pvout_centroid,0.1589,0.0,0.0,0.0,960.0,98.89,86.28,151.26,True,False,TECH006,27
jakarta-prima-steel-industries,14.0,within_boundary,pvout_centroid,0.1589,0.0,0.0,0.0,960.0,112.41,97.97,172.39,True,False,TECH006,27
jakarta-prima-steel-industries,16.0,within_boundary,pvout_centroid,0.1589,0.0,0.0,0.0,960.0,126.29,109.97,194.08,True,False,TECH006,27
jakarta-prima-steel-industries,18.0,within_boundary,pvout_centroid,0.1589,0.0,0.0,0.0,960.0,140.43,122.2,216.18,True,False,TECH006,27
jakarta-prima-steel-industries,20.0,within_boundary,pvout_centroid,0.1589,0.0,0.0,0.0,960.0,154.77,134.59,238.57,True,False,TECH006,27
jakarta-prima-steel-industries,4.0,grid_connected_solar,pvout_buildable_best_50km,0.1654,120.0,0.0,79.9,1204.9,60.16,54.27,84.64,False,False,TECH006,27
jakarta-prima-steel-industries,6.0,grid_connected_solar,pvout_buildable_best_50km,0.1654,120.0,0.0,79.9,1204.9,73.06,65.77,103.31,False,False,TECH006,27
jakarta-prima-steel-industries,8.0,grid_connected_solar,pvout_buildable_best_50km,0.1654,120.0,0.0,79.9,1204.9,87.1,78.31,123.65,False,False,TECH006,27
jakarta-prima-steel-industries,10.0,grid_connected_solar,pvout_buildable_best_50km,0.1654,120.0,0.0,79.9,1204.9,102.1,91.68,145.36,False,False,TECH006,27
jakarta-prima-steel-industries,12.0,grid_connected_solar,pvout_buildable_best_50km,0.1654,120.0,0.0,79.9,1204.9,117.83,105.72,168.15,False,False,TECH006,27
jakarta-prima-steel-industries,14.0,grid_connected_solar,pvout_buildable_best_50km,0.1654,120.0,0.0,79.9,1204.9,134.14,120.27,191.77,False,False,TECH006,27
jakarta-prima-steel-industries,16.0,grid_connected_solar,pvout_buildable_best_50km,0.1654,120.0,0.0,79.9,1204.9,150.88,135.2,216.01,False,False,TECH006,27
jakarta-prima-steel-industries,18.0,grid_connected_solar,pvout_buildable_best_50km,0.1654,120.0,0.0,79.9,1204.9,167.94,150.42,240.71,False,False,TECH006,27
jakarta-prima-steel-industries,20.0,grid_connected_solar,pvout_buildable_best_50km,0.1654,120.0,0.0,79.9,1204.9,185.22,165.83,265.74,False,False,TECH006,27
ispat-indo-sidoarjo,4.0,within_boundary,pvout_centroid,0.1834,0.0,0.0,0.0,960.0,44.25,38.94,66.33,True,False,TECH006,27
ispat-indo-sidoarjo,6.0,within_boundary,pvout_centroid,0.1834,0.0,0.0,0.0,960.0,53.52,46.95,80.81,True,False,TECH006,27
ispat-indo-sidoarjo,8.0,within_boundary,pvout_centroid,0.1834,0.0,0.0,0.0,960.0,63.61,55.68,96.58,True,False,TECH006,27
ispat-indo-sidoarjo,10.0,within_boundary,pvout_centroid,0.1834,0.0,0.0,0.0,960.0,74.39,64.99,113.41,True,False,TECH006,27
ispat-indo-sidoarjo,12.0,within_boundary,pvout_centroid,0.1834,0.0,0.0,0.0,960.0,85.69,74.77,131.08,True,False,TECH006,27
ispat-indo-sidoarjo,14.0,within_boundary,pvout_centroid,0.1834,0.0,0.0,0.0,960.0,97.42,84.9,149.4,True,False,TECH006,27
ispat-indo-sidoarjo,16.0,within_boundary,pvout_centroid,0.1834,0.0,0.0,0.0,960.0,109.44,95.3,168.19,True,False,TECH006,27
ispat-indo-sidoarjo,18.0,within_boundary,pvout_centroid,0.1834,0.0,0.0,0.0,960.0,121.7,105.9,187.34,True,False,TECH006,27
ispat-indo-sidoarjo,20.0,within_boundary,pvout_centroid,0.1834,0.0,0.0,0.0,960.0,134.12,116.64,206.75,True,False,TECH006,27
ispat-indo-sidoarjo,4.0,grid_connected_solar,pvout_buildable_best_50km,0.1833,91.3,0.0,79.9,1176.2,53.11,47.8,75.2,False,False,TECH006,27
ispat-indo-sidoarjo,6.0,grid_connected_solar,pvout_buildable_best_50km,0.1833,91.3,0.0,79.9,1176.2,64.47,57.9,91.77,False,False,TECH006,27
ispat-indo-sidoarjo,8.0,grid_connected_solar,pvout_buildable_best_50km,0.1833,91.3,0.0,79.9,1176.2,76.84,68.9,109.82,False,False,TECH006,27
ispat-indo-sidoarjo,10.0,grid_connected_solar,pvout_buildable_best_50km,0.1833,91.3,0.0,79.9,1176.2,90.05,80.65,129.09,False,False,TECH006,27
ispat-indo-sidoarjo,12.0,grid_connected_solar,pvout_buildable_best_50km,0.1833,91.3,0.0,79.9,1176.2,103.91,92.98,149.31,False,False,TECH006,27
ispat-indo-sidoarjo,14.0,grid_connected_solar,pvout_buildable_best_50km,0.1833,91.3,0.0,79.9,1176.2,118.27,105.76,170.27,False,False,TECH006,27
ispat-indo-sidoarjo,16.0,grid_connected_solar,pvout_buildable_best_50km,0.1833,91.3,0.0,79.9,1176.2,133.02,118.87,191.79,False,False,TECH006,27
ispat-indo-sidoarjo,18.0,grid_connected_solar,pvout_buildable_best_50km,0.1833,91.3,0.0,79.9,1176.2,148.04,132.23,213.7,False,False,TECH006,27
ispat-indo-sidoarjo,20.0,grid_connected_solar,pvout_buildable_best_50km,0.1833,91.3,0.0,79.9,1176.2,163.26,145.77,235.92,False,False,TECH006,27
virtue-dragon-nickel-industrial-park-vdnip,4.0,within_boundary,pvout_centroid,0.1645,0.0,0.0,0.0,960.0,49.33,43.41,73.94,True,False,TECH006,27
virtue-dragon-nickel-industrial-park-vdnip,6.0,within_boundary,pvout_centroid,0.1645,0.0,0.0,0.0,960.0,59.66,52.34,90.08,True,False,TECH006,27
virtue-dragon-nickel-industrial-park-vdnip,8.0,within_boundary,pvout_centroid,0.1645,0.0,0.0,0.0,960.0,70.91,62.07,107.66,True,False,TECH006,27
virtue-dragon-nickel-industrial-park-vdnip,10.0,within_boundary,pvout_centroid,0.1645,0.0,0.0,0.0,960.0,82.92,72.45,126.43,True,False,TECH006,27
virtue-dragon-nickel-industrial-park-vdnip,12.0,within_boundary,pvout_centroid,0.1645,0.0,0.0,0.0,960.0,95.53,83.35,146.13,True,False,TECH006,27
virtue-dragon-nickel-industrial-park-vdnip,14.0,within_boundary,pvout_centroid,0.1645,0.0,0.0,0.0,960.0,108.6,94.65,166.54,True,False,TECH006,27
virtue-dragon-nickel-industrial-park-vdnip,16.0,within_boundary,pvout_centroid,0.1645,0.0,0.0,0.0,960.0,122.01,106.24,187.5,True,False,TECH006,27
virtue-dragon-nickel-industrial-park-vdnip,18.0,within_boundary,pvout_centroid,0.1645,0.0,0.0,0.0,960.0,135.67,118.05,208.84,True,False,TECH006,27
virtue-dragon-nickel-industrial-park-vdnip,20.0,within_boundary,pvout_centroid,0.1645,0.0,0.0,0.0,960.0,149.51,130.02,230.48,True,False,TECH006,27
virtue-dragon-nickel-industrial-park-vdnip,4.0,grid_connected_solar,pvout_best_50km,0.1743,132.8,0.0,44.3,1182.0,56.11,50.52,79.34,True,False,TECH006,27
virtue-dragon-nickel-industrial-park-vdnip,6.0,grid_connected_solar,pvout_best_50km,0.1743,132.8,0.0,44.3,1182.0,68.11,61.2,96.83,True,False,TECH006,27
virtue-dragon-nickel-industrial-park-vdnip,8.0,grid_connected_solar,pvout_best_50km,0.1743,132.8,0.0,44.3,1182.0,81.19,72.84,115.88,True,False,TECH006,27
virtue-dragon-nickel-industrial-park-vdnip,10.0,grid_connected_solar,pvout_best_50km,0.1743,132.8,0.0,44.3,1182.0,95.15,85.26,136.21,True,False,TECH006,27
virtue-dragon-nickel-industrial-park-vdnip,12.0,grid_connected_solar,pvout_best_50km,0.1743,132.8,0.0,44.3,1182.0,109.8,98.3,157.55,True,False,TECH006,27
virtue-dragon-nickel-industrial-park-vdnip,14.0,grid_connected_solar,pvout_best_50km,0.1743,132.8,0.0,44.3,1182.0,124.98,111.82,179.67,True,False,TECH006,27
virtue-dragon-nickel-industrial-park-vdnip,16.0,grid_connected_solar,pvout_best_50km,0.1743,132.8,0.0,44.3,1182.0,140.57,125.69,202.38,True,False,TECH006,27
virtue-dragon-nickel-industrial-park-vdnip,18.0,grid_connected_solar,pvout_best_50km,0.1743,132.8,0.0,44.3,1182.0,156.44,139.82,225.51,True,False,TECH006,27
virtue-dragon-nickel-industrial-park-vdnip,20.0,grid_connected_solar,pvout_best_50km,0.1743,132.8,0.0,44.3,1182.0,172.53,154.14,248.95,True,False,TECH006,27
bantaeng-industrial-park-bip,4.0,within_boundary,pvout_centroid,0.1766,0.0,0.0,0.0,960.0,45.95,40.43,68.87,True,False,TECH006,27
bantaeng-industrial-park-bip,6.0,within_boundary,pvout_centroid,0.1766,0.0,0.0,0.0,960.0,55.57,48.75,83.9,True,False,TECH006,27
bantaeng-industrial-park-bip,8.0,within_boundary,pvout_centroid,0.1766,0.0,0.0,0.0,960.0,66.05,57.81,100.27,True,False,TECH006,27
bantaeng-industrial-park-bip,10.0,within_boundary,pvout_centroid,0.1766,0.0,0.0,0.0,960.0,77.23,67.48,117.75,True,False,TECH006,27
bantaeng-industrial-park-bip,12.0,within_boundary,pvout_centroid,0.1766,0.0,0.0,0.0,960.0,88.97,77.63,136.1,True,False,TECH006,27
bantaeng-industrial-park-bip,14.0,within_boundary,pvout_centroid,0.1766,0.0,0.0,0.0,960.0,101.14,88.15,155.11,True,False,TECH006,27
bantaeng-industrial-park-bip,16.0,within_boundary,pvout_centroid,0.1766,0.0,0.0,0.0,960.0,113.63,98.95,174.63,True,False,TECH006,27
bantaeng-industrial-park-bip,18.0,within_boundary,pvout_centroid,0.1766,0.0,0.0,0.0,960.0,126.36,109.95,194.51,True,False,TECH006,27
bantaeng-industrial-park-bip,20.0,within_boundary,pvout_centroid,0.1766,0.0,0.0,0.0,960.0,139.25,121.1,214.66,True,False,TECH006,27
bantaeng-industrial-park-bip,4.0,grid_connected_solar,pvout_best_50km,0.1887,125.8,0.0,20.5,1151.2,50.61,45.45,72.07,True,False,TECH006,27
bantaeng-industrial-park-bip,6.0,grid_connected_solar,pvout_best_50km,0.1887,125.8,0.0,20.5,1151.2,61.41,55.03,87.94,True,False,TECH006,27
bantaeng-industrial-park-bip,8.0,grid_connected_solar,pvout_best_50km,0.1887,125.8,0.0,20.5,1151.2,73.18,65.47,105.22,True,False,TECH006,27
bantaeng-industrial-park-bip,10.0,grid_connected_solar,pvout_best_50km,0.1887,125.8,0.0,20.5,1151.2,85.74,76.6,123.67,True,False,TECH006,27
bantaeng-industrial-park-bip,12.0,grid_connected_solar,pvout_best_50km,0.1887,125.8,0.0,20.5,1151.2,98.92,88.3,143.03,True,False,TECH006,27
bantaeng-industrial-park-bip,14.0,grid_connected_solar,pvout_best_50km,0.1887,125.8,0.0,20.5,1151.2,112.58,100.42,163.1,True,False,TECH006,27
bantaeng-industrial-park-bip,16.0,grid_connected_solar,pvout_best_50km,0.1887,125.8,0.0,20.5,1151.2,126.6,112.86,183.7,True,False,TECH006,27
bantaeng-industrial-park-bip,18.0,grid_connected_solar,pvout_best_50km,0.1887,125.8,0.0,20.5,1151.2,140.89,125.53,204.69,True,False,TECH006,27
bantaeng-industrial-park-bip,20.0,grid_connected_solar,pvout_best_50km,0.1887,125.8,0.0,20.5,1151.2,155.36,138.37,225.96,True,False,TECH006,27
obi-island-industrial-park,4.0,within_boundary,pvout_centroid,0.1533,0.0,0.0,0.0,960.0,52.95,46.59,79.37,True,False,TECH006,27
obi-island-industrial-park,6.0,within_boundary,pvout_centroid,0.1533,0.0,0.0,0.0,960.0,64.04,56.18,96.69,True,False,TECH006,27
obi-island-industrial-park,8.0,within_boundary,pvout_centroid,0.1533,0.0,0.0,0.0,960.0,76.12,66.62,115.56,True,False,TECH006,27
obi-island-industrial-park,10.0,within_boundary,pvout_centroid,0.1533,0.0,0.0,0.0,960.0,89.01,77.77,135.7,True,False,TECH006,27
obi-island-industrial-park,12.0,within_boundary,pvout_centroid,0.1533,0.0,0.0,0.0,960.0,102.54,89.47,156.85,True,False,TECH006,27
obi-island-industrial-park,14.0,within_boundary,pvout_centroid,0.1533,0.0,0.0,0.0,960.0,116.56,101.59,178.76,True,False,TECH006,27
obi-island-industrial-park,16.0,within_boundary,pvout_centroid,0.1533,0.0,0.0,0.0,960.0,130.96,114.04,201.25,True,False,TECH006,27
obi-island-industrial-park,18.0,within_boundary,pvout_centroid,0.1533,0.0,0.0,0.0,960.0,145.62,126.71,224.17,True,False,TECH006,27
obi-island-industrial-park,20.0,within_boundary,pvout_centroid,0.1533,0.0,0.0,0.0,960.0,160.48,139.56,247.39,True,False,TECH006,27
obi-island-industrial-park,4.0,grid_connected_solar,pvout_best_50km,0.1781,1311.1,0.0,56.2,2372.3,105.0,99.53,127.72,True,False,TECH006,27
obi-island-industrial-park,6.0,grid_connected_solar,pvout_best_50km,0.1781,1311.1,0.0,56.2,2372.3,128.57,121.81,156.66,True,False,TECH006,27
obi-island-industrial-park,8.0,grid_connected_solar,pvout_best_50km,0.1781,1311.1,0.0,56.2,2372.3,154.25,146.08,188.19,True,False,TECH006,27
obi-island-industrial-park,10.0,grid_connected_solar,pvout_best_50km,0.1781,1311.1,0.0,56.2,2372.3,181.66,171.99,221.83,True,False,TECH006,27
obi-island-industrial-park,12.0,grid_connected_solar,pvout_best_50km,0.1781,1311.1,0.0,56.2,2372.3,210.43,199.18,257.15,True,False,TECH006,27
obi-island-industrial-park,14.0,grid_connected_solar,pvout_best_50km,0.1781,1311.1,0.0,56.2,2372.3,240.25,227.36,293.76,True,False,TECH006,27
obi-island-industrial-park,16.0,grid_connected_solar,pvout_best_50km,0.1781,1311.1,0.0,56.2,2372.3,270.85,256.29,331.33,True,False,TECH006,27
obi-island-industrial-park,18.0,grid_connected_solar,pvout_best_50km,0.1781,1311.1,0.0,56.2,2372.3,302.03,285.76,369.6,True,False,TECH006,27
obi-island-industrial-park,20.0,grid_connected_solar,pvout_best_50km,0.1781,1311.1,0.0,56.2,2372.3,333.63,315.63,408.39,True,False,TECH006,27
indonesia-pomalaa-industry-park-ipip,4.0,within_boundary,pvout_centroid,0.1649,0.0,0.0,0.0,960.0,49.22,43.31,73.77,True,False,TECH006,27
indonesia-pomalaa-industry-park-ipip,6.0,within_boundary,pvout_centroid,0.1649,0.0,0.0,0.0,960.0,59.53,52.22,89.88,True,False,TECH006,27
indonesia-pomalaa-industry-park-ipip,8.0,within_boundary,pvout_centroid,0.1649,0.0,0.0,0.0,960.0,70.75,61.93,107.42,True,False,TECH006,27
indonesia-pomalaa-industry-park-ipip,10.0,within_boundary,pvout_centroid,0.1649,0.0,0.0,0.0,960.0,82.73,72.28,126.14,True,False,TECH006,27
indonesia-pomalaa-industry-park-ipip,12.0,within_boundary,pvout_centroid,0.1649,0.0,0.0,0.0,960.0,95.31,83.16,145.79,True,False,TECH006,27
indonesia-pomalaa-industry-park-ipip,14.0,within_boundary,pvout_centroid,0.1649,0.0,0.0,0.0,960.0,108.35,94.43,166.16,True,False,TECH006,27
indonesia-pomalaa-industry-park-ipip,16.0,within_boundary,pvout_centroid,0.1649,0.0,0.0,0.0,960.0,121.73,106.0,187.07,True,False,TECH006,27
indonesia-pomalaa-industry-park-ipip,18.0,within_boundary,pvout_centroid,0.1649,0.0,0.0,0.0,960.0,135.36,117.78,208.37,True,False,TECH006,27
indonesia-pomalaa-industry-park-ipip,20.0,within_boundary,pvout_centroid,0.1649,0.0,0.0,0.0,960.0,149.17,129.73,229.95,True,False,TECH006,27
indonesia-pomalaa-industry-park-ipip,4.0,grid_connected_solar,pvout_best_50km,0.181,209.1,0.0,44.3,1258.5,57.18,51.8,79.54,True,False,TECH006,27
indonesia-pomalaa-industry-park-ipip,6.0,grid_connected_solar,pvout_best_50km,0.181,209.1,0.0,44.3,1258.5,69.49,62.83,97.13,True,False,TECH006,27
indonesia-pomalaa-industry-park-ipip,8.0,grid_connected_solar,pvout_best_50km,0.181,209.1,0.0,44.3,1258.5,82.89,74.85,116.28,True,False,TECH006,27
indonesia-pomalaa-industry-park-ipip,10.0,grid_connected_solar,pvout_best_50km,0.181,209.1,0.0,44.3,1258.5,97.19,87.68,136.72,True,False,TECH006,27
indonesia-pomalaa-industry-park-ipip,12.0,grid_connected_solar,pvout_best_50km,0.181,209.1,0.0,44.3,1258.5,112.21,101.14,158.19,True,False,TECH006,27
indonesia-pomalaa-industry-park-ipip,14.0,grid_connected_solar,pvout_best_50km,0.181,209.1,0.0,44.3,1258.5,127.77,115.1,180.43,True,False,TECH006,27
indonesia-pomalaa-industry-park-ipip,16.0,grid_connected_solar,pvout_best_50km,0.181,209.1,0.0,44.3,1258.5,143.75,129.42,203.25,True,False,TECH006,27
indonesia-pomalaa-industry-park-ipip,18.0,grid_connected_solar,pvout_best_50km,0.181,209.1,0.0,44.3,1258.5,160.02,144.01,226.51,True,False,TECH006,27
indonesia-pomalaa-industry-park-ipip,20.0,grid_connected_solar,pvout_best_50km,0.181,209.1,0.0,44.3,1258.5,176.51,158.8,250.08,True,False,TECH006,27
nusantara-industri-sejati,4.0,within_boundary,pvout_centroid,0.1655,0.0,0.0,0.0,960.0,49.02,43.14,73.48,True,False,TECH006,27
nusantara-industri-sejati,6.0,within_boundary,pvout_centroid,0.1655,0.0,0.0,0.0,960.0,59.29,52.01,89.52,True,False,TECH006,27
nusantara-industri-sejati,8.0,within_boundary,pvout_centroid,0.1655,0.0,0.0,0.0,960.0,70.47,61.68,106.99,True,False,TECH006,27
nusantara-industri-sejati,10.0,within_boundary,pvout_centroid,0.1655,0.0,0.0,0.0,960.0,82.4,72.0,125.64,True,False,TECH006,27
nusantara-industri-sejati,12.0,within_boundary,pvout_centroid,0.1655,0.0,0.0,0.0,960.0,94.93,82.83,145.21,True,False,TECH006,27
nusantara-industri-sejati,14.0,within_boundary,pvout_centroid,0.1655,0.0,0.0,0.0,960.0,107.92,94.05,165.5,True,False,TECH006,27
nusantara-industri-sejati,16.0,within_boundary,pvout_centroid,0.1655,0.0,0.0,0.0,960.0,121.24,105.57,186.32,True,False,TECH006,27
nusantara-industri-sejati,18.0,within_boundary,pvout_centroid,0.1655,0.0,0.0,0.0,960.0,134.82,117.31,207.53,True,False,TECH006,27
nusantara-industri-sejati,20.0,within_boundary,pvout_centroid,0.1655,0.0,0.0,0.0,960.0,148.58,129.21,229.03,True,False,TECH006,27
nusantara-industri-sejati,4.0,grid_connected_solar,pvout_best_50km,0.1743,161.8,0.0,68.1,1234.8,58.38,52.79,81.61,True,False,TECH006,27
nusantara-industri-sejati,6.0,grid_connected_solar,pvout_best_50km,0.1743,161.8,0.0,68.1,1234.8,70.92,64.01,99.63,True,False,TECH006,27
nusantara-industri-sejati,8.0,grid_connected_solar,pvout_best_50km,0.1743,161.8,0.0,68.1,1234.8,84.58,76.23,119.27,True,False,TECH006,27
nusantara-industri-sejati,10.0,grid_connected_solar,pvout_best_50km,0.1743,161.8,0.0,68.1,1234.8,99.16,89.28,140.22,True,False,TECH006,27
nusantara-industri-sejati,12.0,grid_connected_solar,pvout_best_50km,0.1743,161.8,0.0,68.1,1234.8,114.47,102.97,162.22,True,False,TECH006,27
nusantara-industri-sejati,14.0,grid_connected_solar,pvout_best_50km,0.1743,161.8,0.0,68.1,1234.8,130.33,117.16,185.02,True,False,TECH006,27
nusantara-industri-sejati,16.0,grid_connected_solar,pvout_best_50km,0.1743,161.8,0.0,68.1,1234.8,146.61,131.73,208.42,True,False,TECH006,27
nusantara-industri-sejati,18.0,grid_connected_solar,pvout_best_50km,0.1743,161.8,0.0,68.1,1234.8,163.2,146.57,232.26,True,False,TECH006,27
nusantara-industri-sejati,20.0,grid_connected_solar,pvout_best_50km,0.1743,161.8,0.0,68.1,1234.8,180.01,161.61,256.42,True,False,TECH006,27
indonesia-morowali-industrial-park-imip,4.0,within_boundary,pvout_centroid,0.1652,0.0,0.0,0.0,960.0,49.12,43.22,73.62,True,False,TECH006,27
indonesia-morowali-industrial-park-imip,6.0,within_boundary,pvout_centroid,0.1652,0.0,0.0,0.0,960.0,59.41,52.11,89.7,True,False,TECH006,27
indonesia-morowali-industrial-park-imip,8.0,within_boundary,pvout_centroid,0.1652,0.0,0.0,0.0,960.0,70.61,61.8,107.2,True,False,TECH006,27
indonesia-morowali-industrial-park-imip,10.0,within_boundary,pvout_centroid,0.1652,0.0,0.0,0.0,960.0,82.57,72.14,125.89,True,False,TECH006,27
indonesia-morowali-industrial-park-imip,12.0,within_boundary,pvout_centroid,0.1652,0.0,0.0,0.0,960.0,95.12,82.99,145.5,True,False,TECH006,27
indonesia-morowali-industrial-park-imip,14.0,within_boundary,pvout_centroid,0.1652,0.0,0.0,0.0,960.0,108.13,94.24,165.83,True,False,TECH006,27
indonesia-morowali-industrial-park-imip,16.0,within_boundary,pvout_centroid,0.1652,0.0,0.0,0.0,960.0,121.48,105.79,186.69,True,False,TECH006,27
indonesia-morowali-industrial-park-imip,18.0,within_boundary,pvout_centroid,0.1652,0.0,0.0,0.0,960.0,135.09,117.55,207.95,True,False,TECH006,27
indonesia-morowali-industrial-park-imip,20.0,within_boundary,pvout_centroid,0.1652,0.0,0.0,0.0,960.0,148.87,129.47,229.49,True,False,TECH006,27
indonesia-morowali-industrial-park-imip,4.0,grid_connected_solar,pvout_best_50km,0.1682,654.9,0.0,44.3,1704.2,81.43,75.64,105.51,True,False,TECH006,27
indonesia-morowali-industrial-park-imip,6.0,grid_connected_solar,pvout_best_50km,0.1682,654.9,0.0,44.3,1704.2,99.37,92.21,129.13,True,False,TECH006,27
indonesia-morowali-industrial-park-imip,8.0,grid_connected_solar,pvout_best_50km,0.1682,654.9,0.0,44.3,1704.2,118.91,110.26,154.86,True,False,TECH006,27
indonesia-morowali-industrial-park-imip,10.0,grid_connected_solar,pvout_best_50km,0.1682,654.9,0.0,44.3,1704.2,139.77,129.52,182.32,True,False,TECH006,27
indonesia-morowali-industrial-park-imip,12.0,grid_connected_solar,pvout_best_50km,0.1682,654.9,0.0,44.3,1704.2,161.66,149.74,211.15,True,False,TECH006,27
indonesia-morowali-industrial-park-imip,14.0,grid_connected_solar,pvout_best_50km,0.1682,654.9,0.0,44.3,1704.2,184.35,170.7,241.03,True,False,TECH006,27
indonesia-morowali-industrial-park-imip,16.0,grid_connected_solar,pvout_best_50km,0.1682,654.9,0.0,44.3,1704.2,207.64,192.21,271.7,True,False,TECH006,27
indonesia-morowali-industrial-park-imip,18.0,grid_connected_solar,pvout_best_50km,0.1682,654.9,0.0,44.3,1704.2,231.36,214.13,302.94,True,False,TECH006,27
indonesia-morowali-industrial-park-imip,20.0,grid_connected_solar,pvout_best_50km,0.1682,654.9,0.0,44.3,1704.2,255.4,236.34,334.6,True,False,TECH006,27
stardust-estate-invesment-sei,4.0,within_boundary,pvout_centroid,0.1684,0.0,0.0,0.0,960.0,48.19,42.4,72.22,True,False,TECH006,27
stardust-estate-invesment-sei,6.0,within_boundary,pvout_centroid,0.1684,0.0,0.0,0.0,960.0,58.27,51.12,87.99,True,False,TECH006,27
stardust-estate-invesment-sei,8.0,within_boundary,pvout_centroid,0.1684,0.0,0.0,0.0,960.0,69.27,60.62,105.16,True,False,TECH006,27
stardust-estate-invesment-sei,10.0,within_boundary,pvout_centroid,0.1684,0.0,0.0,0.0,960.0,81.0,70.77,123.49,True,False,TECH006,27
stardust-estate-invesment-sei,12.0,within_boundary,pvout_centroid,0.1684,0.0,0.0,0.0,960.0,93.31,81.41,142.73,True,False,TECH006,27
stardust-estate-invesment-sei,14.0,within_boundary,pvout_centroid,0.1684,0.0,0.0,0.0,960.0,106.07,92.45,162.67,True,False,TECH006,27
stardust-estate-invesment-sei,16.0,within_boundary,pvout_centroid,0.1684,0.0,0.0,0.0,960.0,119.17,103.77,183.14,True,False,TECH006,27
stardust-estate-invesment-sei,18.0,within_boundary,pvout_centroid,0.1684,0.0,0.0,0.0,960.0,132.52,115.31,203.99,True,False,TECH006,27
stardust-estate-invesment-sei,20.0,within_boundary,pvout_centroid,0.1684,0.0,0.0,0.0,960.0,146.04,127.0,225.12,True,False,TECH006,27
stardust-estate-invesment-sei,4.0,grid_connected_solar,pvout_buildable_best_50km,0.165,438.2,0.0,76.4,1519.7,74.61,68.7,99.15,False,False,TECH006,27
stardust-estate-invesment-sei,6.0,grid_connected_solar,pvout_buildable_best_50km,0.165,438.2,0.0,76.4,1519.7,90.91,83.61,121.24,False,False,TECH006,27
stardust-estate-invesment-sei,8.0,grid_connected_solar,pvout_buildable_best_50km,0.165,438.2,0.0,76.4,1519.7,108.67,99.85,145.31,False,False,TECH006,27
stardust-estate-invesment-sei,10.0,grid_connected_solar,pvout_buildable_best_50km,0.165,438.2,0.0,76.4,1519.7,127.63,117.18,171.0,False,False,TECH006,27
stardust-estate-invesment-sei,12.0,grid_connected_solar,pvout_buildable_best_50km,0.165,438.2,0.0,76.4,1519.7,147.52,135.38,197.96,False,False,TECH006,27
stardust-estate-invesment-sei,14.0,grid_connected_solar,pvout_buildable_best_50km,0.165,438.2,0.0,76.4,1519.7,168.14,154.24,225.91,False,False,TECH006,27
stardust-estate-invesment-sei,16.0,grid_connected_solar,pvout_buildable_best_50km,0.165,438.2,0.0,76.4,1519.7,189.31,173.59,254.6,False,False,TECH006,27
stardust-estate-invesment-sei,18.0,grid_connected_solar,pvout_buildable_best_50km,0.165,438.2,0.0,76.4,1519.7,210.87,193.31,283.82,False,False,TECH006,27
stardust-estate-invesment-sei,20.0,grid_connected_solar,pvout_buildable_best_50km,0.165,438.2,0.0,76.4,1519.7,232.72,213.29,313.43,False,False,TECH006,27
industrial-weda-bay-industrial-park-iwip,4.0,within_boundary,pvout_centroid,0.1607,0.0,0.0,0.0,960.0,50.5,44.43,75.69,True,False,TECH006,27
industrial-weda-bay-industrial-park-iwip,6.0,within_boundary,pvout_centroid,0.1607,0.0,0.0,0.0,960.0,61.07,53.57,92.21,True,False,TECH006,27
industrial-weda-bay-industrial-park-iwip,8.0,within_boundary,pvout_centroid,0.1607,0.0,0.0,0.0,960.0,72.59,63.53,110.2,True,False,TECH006,27
industrial-weda-bay-industrial-park-iwip,10.0,within_boundary,pvout_centroid,0.1607,0.0,0.0,0.0,960.0,84.88,74.16,129.41,True,False,TECH006,27
industrial-weda-bay-industrial-park-iwip,12.0,within_boundary,pvout_centroid,0.1607,0.0,0.0,0.0,960.0,97.78,85.32,149.57,True,False,TECH006,27
industrial-weda-bay-industrial-park-iwip,14.0,within_boundary,pvout_centroid,0.1607,0.0,0.0,0.0,960.0,111.16,96.88,170.47,True,False,TECH006,27
industrial-weda-bay-industrial-park-iwip,16.0,within_boundary,pvout_centroid,0.1607,0.0,0.0,0.0,960.0,124.88,108.75,191.92,True,False,TECH006,27
industrial-weda-bay-industrial-park-iwip,18.0,within_boundary,pvout_centroid,0.1607,0.0,0.0,0.0,960.0,138.87,120.84,213.77,True,False,TECH006,27
industrial-weda-bay-industrial-park-iwip,20.0,within_boundary,pvout_centroid,0.1607,0.0,0.0,0.0,960.0,153.04,133.09,235.91,True,False,TECH006,27
industrial-weda-bay-industrial-park-iwip,4.0,grid_connected_solar,pvout_best_50km,0.1763,485.5,0.0,0.0,1490.5,68.59,63.06,91.56,True,False,TECH006,27
industrial-weda-bay-industrial-park-iwip,6.0,grid_connected_solar,pvout_best_50km,0.1763,485.5,0.0,0.0,1490.5,83.56,76.72,111.94,True,False,TECH006,27
industrial-weda-bay-industrial-park-iwip,8.0,grid_connected_solar,pvout_best_50km,0.1763,485.5,0.0,0.0,1490.5,99.86,91.6,134.15,True,False,TECH006,27
industrial-weda-bay-industrial-park-iwip,10.0,grid_connected_solar,pvout_best_50km,0.1763,485.5,0.0,0.0,1490.5,117.26,107.48,157.85,True,False,TECH006,27
industrial-weda-bay-industrial-park-iwip,12.0,grid_connected_solar,pvout_best_50km,0.1763,485.5,0.0,0.0,1490.5,135.52,124.16,182.73,True,False,TECH006,27
industrial-weda-bay-industrial-park-iwip,14.0,grid_connected_solar,pvout_best_50km,0.1763,485.5,0.0,0.0,1490.5,154.45,141.43,208.52,True,False,TECH006,27
industrial-weda-bay-industrial-park-iwip,16.0,grid_connected_solar,pvout_best_50km,0.1763,485.5,0.0,0.0,1490.5,173.88,159.17,234.99,True,False,TECH006,27
industrial-weda-bay-industrial-park-iwip,18.0,grid_connected_solar,pvout_best_50km,0.1763,485.5,0.0,0.0,1490.5,193.67,177.23,261.95,True,False,TECH006,27
industrial-weda-bay-industrial-park-iwip,20.0,grid_connected_solar,pvout_best_50km,0.1763,485.5,0.0,0.0,1490.5,213.73,195.54,289.28,True,False,TECH006,27
buli-industrial-park,4.0,within_boundary,pvout_centroid,0.1674,0.0,0.0,0.0,960.0,48.47,42.65,72.65,True,False,TECH006,27
buli-industrial-park,6.0,within_boundary,pvout_centroid,0.1674,0.0,0.0,0.0,960.0,58.62,51.42,88.51,True,False,TECH006,27
buli-industrial-park,8.0,within_boundary,pvout_centroid,0.1674,0.0,0.0,0.0,960.0,69.68,60.98,105.79,True,False,TECH006,27
buli-industrial-park,10.0,within_boundary,pvout_centroid,0.1674,0.0,0.0,0.0,960.0,81.48,71.19,124.22,True,False,TECH006,27
buli-industrial-park,12.0,within_boundary,pvout_centroid,0.1674,0.0,0.0,0.0,960.0,93.86,81.9,143.58,True,False,TECH006,27
buli-industrial-park,14.0,within_boundary,pvout_centroid,0.1674,0.0,0.0,0.0,960.0,106.7,92.99,163.64,True,False,TECH006,27
buli-industrial-park,16.0,within_boundary,pvout_centroid,0.1674,0.0,0.0,0.0,960.0,119.88,104.39,184.22,True,False,TECH006,27
buli-industrial-park,18.0,within_boundary,pvout_centroid,0.1674,0.0,0.0,0.0,960.0,133.3,115.99,205.2,True,False,TECH006,27
buli-industrial-park,20.0,within_boundary,pvout_centroid,0.1674,0.0,0.0,0.0,960.0,146.9,127.75,226.45,True,False,TECH006,27
buli-industrial-park,4.0,grid_connected_solar,pvout_best_50km,0.176,574.1,0.0,0.0,1579.2,72.5,66.96,95.5,True,False,TECH006,27
buli-industrial-park,6.0,grid_connected_solar,pvout_best_50km,0.176,574.1,0.0,0.0,1579.2,88.38,81.54,116.82,True,False,TECH006,27
buli-industrial-park,8.0,grid_connected_solar,pvout_best_50km,0.176,574.1,0.0,0.0,1579.2,105.69,97.42,140.04,True,False,TECH006,27
buli-industrial-park,10.0,grid_connected_solar,pvout_best_50km,0.176,574.1,0.0,0.0,1579.2,124.16,114.36,164.83,True,False,TECH006,27
buli-industrial-park,12.0,grid_connected_solar,pvout_best_50km,0.176,574.1,0.0,0.0,1579.2,143.54,132.16,190.84,True,False,TECH006,27
buli-industrial-park,14.0,grid_connected_solar,pvout_best_50km,0.176,574.1,0.0,0.0,1579.2,163.64,150.59,217.81,True,False,TECH006,27
buli-industrial-park,16.0,grid_connected_solar,pvout_best_50km,0.176,574.1,0.0,0.0,1579.2,184.26,169.52,245.48,True,False,TECH006,27
buli-industrial-park,18.0,grid_connected_solar,pvout_best_50km,0.176,574.1,0.0,0.0,1579.2,205.27,188.8,273.68,True,False,TECH006,27
buli-industrial-park,20.0,grid_connected_solar,pvout_best_50km,0.176,574.1,0.0,0.0,1579.2,226.56,208.34,302.25,True,False,TECH006,27
indonesia-konawe-industrial-park-ikip,4.0,within_boundary,pvout_centroid,0.1547,0.0,0.0,0.0,960.0,52.46,46.16,78.62,True,False,TECH006,27
indonesia-konawe-industrial-park-ikip,6.0,within_boundary,pvout_centroid,0.1547,0.0,0.0,0.0,960.0,63.44,55.65,95.78,True,False,TECH006,27
indonesia-konawe-industrial-park-ikip,8.0,within_boundary,pvout_centroid,0.1547,0.0,0.0,0.0,960.0,75.4,66.0,114.48,True,False,TECH006,27
indonesia-konawe-industrial-park-ikip,10.0,within_boundary,pvout_centroid,0.1547,0.0,0.0,0.0,960.0,88.17,77.04,134.43,True,False,TECH006,27
indonesia-konawe-industrial-park-ikip,12.0,within_boundary,pvout_centroid,0.1547,0.0,0.0,0.0,960.0,101.58,88.63,155.38,True,False,TECH006,27
indonesia-konawe-industrial-park-ikip,14.0,within_boundary,pvout_centroid,0.1547,0.0,0.0,0.0,960.0,115.47,100.64,177.09,True,False,TECH006,27
indonesia-konawe-industrial-park-ikip,16.0,within_boundary,pvout_centroid,0.1547,0.0,0.0,0.0,960.0,129.73,112.97,199.37,True,False,TECH006,27
indonesia-konawe-industrial-park-ikip,18.0,within_boundary,pvout_centroid,0.1547,0.0,0.0,0.0,960.0,144.26,125.53,222.07,True,False,TECH006,27
indonesia-konawe-industrial-park-ikip,20.0,within_boundary,pvout_centroid,0.1547,0.0,0.0,0.0,960.0,158.98,138.26,245.07,True,False,TECH006,27
indonesia-konawe-industrial-park-ikip,4.0,grid_connected_solar,pvout_best_50km,0.1696,521.5,0.0,8.6,1535.1,73.28,67.53,97.15,True,False,TECH006,27
indonesia-konawe-industrial-park-ikip,6.0,grid_connected_solar,pvout_best_50km,0.1696,521.5,0.0,8.6,1535.1,89.3,82.19,118.8,True,False,TECH006,27
indonesia-konawe-industrial-park-ikip,8.0,grid_connected_solar,pvout_best_50km,0.1696,521.5,0.0,8.6,1535.1,106.75,98.17,142.4,True,False,TECH006,27
indonesia-konawe-industrial-park-ikip,10.0,grid_connected_solar,pvout_best_50km,0.1696,521.5,0.0,8.6,1535.1,125.38,115.22,167.58,True,False,TECH006,27
indonesia-konawe-industrial-park-ikip,12.0,grid_connected_solar,pvout_best_50km,0.1696,521.5,0.0,8.6,1535.1,144.94,133.12,194.01,True,False,TECH006,27
indonesia-konawe-industrial-park-ikip,14.0,grid_connected_solar,pvout_best_50km,0.1696,521.5,0.0,8.6,1535.1,165.2,151.67,221.41,True,False,TECH006,27
indonesia-konawe-industrial-park-ikip,16.0,grid_connected_solar,pvout_best_50km,0.1696,521.5,0.0,8.6,1535.1,186.0,170.71,249.53,True,False,TECH006,27
indonesia-konawe-industrial-park-ikip,18.0,grid_connected_solar,pvout_best_50km,0.1696,521.5,0.0,8.6,1535.1,207.19,190.11,278.17,True,False,TECH006,27
indonesia-konawe-industrial-park-ikip,20.0,grid_connected_solar,pvout_best_50km,0.1696,521.5,0.0,8.6,1535.1,228.67,209.76,307.2,True,False,TECH006,27
inalum-asahan,4.0,within_boundary,pvout_centroid,0.147,0.0,0.0,0.0,960.0,55.2,48.58,82.74,True,False,TECH006,27
inalum-asahan,6.0,within_boundary,pvout_centroid,0.147,0.0,0.0,0.0,960.0,66.76,58.57,100.81,True,False,TECH006,27
inalum-asahan,8.0,within_boundary,pvout_centroid,0.147,0.0,0.0,0.0,960.0,79.36,69.46,120.48,True,False,TECH006,27
inalum-asahan,10.0,within_boundary,pvout_centroid,0.147,0.0,0.0,0.0,960.0,92.8,81.08,141.48,True,False,TECH006,27
inalum-asahan,12.0,within_boundary,pvout_centroid,0.147,0.0,0.0,0.0,960.0,106.9,93.27,163.52,True,False,TECH006,27
inalum-asahan,14.0,within_boundary,pvout_centroid,0.147,0.0,0.0,0.0,960.0,121.53,105.91,186.37,True,False,TECH006,27
inalum-asahan,16.0,within_boundary,pvout_centroid,0.147,0.0,0.0,0.0,960.0,136.53,118.89,209.82,True,False,TECH006,27
inalum-asahan,18.0,within_boundary,pvout_centroid,0.147,0.0,0.0,0.0,960.0,151.82,132.11,233.71,True,False,TECH006,27
inalum-asahan,20.0,within_boundary,pvout_centroid,0.147,0.0,0.0,0.0,960.0,167.31,145.5,257.92,True,False,TECH006,27
inalum-asahan,4.0,grid_connected_solar,pvout_best_50km,0.1603,186.8,0.0,0.0,1191.8,61.47,55.39,86.72,True,False,TECH006,27
inalum-asahan,6.0,grid_connected_solar,pvout_best_50km,0.1603,186.8,0.0,0.0,1191.8,74.63,67.11,105.84,True,False,TECH006,27
inalum-asahan,8.0,grid_connected_solar,pvout_best_50km,0.1603,186.8,0.0,0.0,1191.8,88.96,79.88,126.67,True,False,TECH006,27
inalum-asahan,10.0,grid_connected_solar,pvout_best_50km,0.1603,186.8,0.0,0.0,1191.8,104.26,93.51,148.91,True,False,TECH006,27
inalum-asahan,12.0,grid_connected_solar,pvout_best_50km,0.1603,186.8,0.0,0.0,1191.8,120.32,107.82,172.25,True,False,TECH006,27
inalum-asahan,14.0,grid_connected_solar,pvout_best_50km,0.1603,186.8,0.0,0.0,1191.8,136.97,122.65,196.43,True,False,TECH006,27
inalum-asahan,16.0,grid_connected_solar,pvout_best_50km,0.1603,186.8,0.0,0.0,1191.8,154.05,137.87,221.26,True,False,TECH006,27
inalum-asahan,18.0,grid_connected_solar,pvout_best_50km,0.1603,186.8,0.0,0.0,1191.8,171.46,153.38,246.55,True,False,TECH006,27
inalum-asahan,20.0,grid_connected_solar,pvout_best_50km,0.1603,186.8,0.0,0.0,1191.8,189.1,169.1,272.18,True,False,TECH006,27
freeport-smelter-gresik,4.0,within_boundary,pvout_centroid,0.1775,0.0,0.0,0.0,960.0,45.71,40.22,68.51,True,False,TECH006,27
freeport-smelter-gresik,6.0,within_boundary,pvout_centroid,0.1775,0.0,0.0,0.0,960.0,55.28,48.49,83.46,True,False,TECH006,27
freeport-smelter-gresik,8.0,within_boundary,pvout_centroid,0.1775,0.0,0.0,0.0,960.0,65.7,57.51,99.75,True,False,TECH006,27
freeport-smelter-gresik,10.0,within_boundary,pvout_centroid,0.1775,0.0,0.0,0.0,960.0,76.83,67.13,117.14,True,False,TECH006,27
freeport-smelter-gresik,12.0,within_boundary,pvout_centroid,0.1775,0.0,0.0,0.0,960.0,88.51,77.22,135.39,True,False,TECH006,27
freeport-smelter-gresik,14.0,within_boundary,pvout_centroid,0.1775,0.0,0.0,0.0,960.0,100.62,87.69,154.3,True,False,TECH006,27
freeport-smelter-gresik,16.0,within_boundary,pvout_centroid,0.1775,0.0,0.0,0.0,960.0,113.04,98.43,173.72,True,False,TECH006,27
freeport-smelter-gresik,18.0,within_boundary,pvout_centroid,0.1775,0.0,0.0,0.0,960.0,125.7,109.38,193.5,True,False,TECH006,27
freeport-smelter-gresik,20.0,within_boundary,pvout_centroid,0.1775,0.0,0.0,0.0,960.0,138.53,120.47,213.54,True,False,TECH006,27
freeport-smelter-gresik,4.0,grid_connected_solar,pvout_buildable_best_50km,0.1755,89.8,0.0,79.5,1174.3,55.4,49.85,78.47,False,False,TECH006,27
freeport-smelter-gresik,6.0,grid_connected_solar,pvout_buildable_best_50km,0.1755,89.8,0.0,79.5,1174.3,67.25,60.38,95.76,False,False,TECH006,27
freeport-smelter-gresik,8.0,grid_connected_solar,pvout_buildable_best_50km,0.1755,89.8,0.0,79.5,1174.3,80.15,71.86,114.6,False,False,TECH006,27
freeport-smelter-gresik,10.0,grid_connected_solar,pvout_buildable_best_50km,0.1755,89.8,0.0,79.5,1174.3,93.92,84.1,134.7,False,False,TECH006,27
freeport-smelter-gresik,12.0,grid_connected_solar,pvout_buildable_best_50km,0.1755,89.8,0.0,79.5,1174.3,108.38,96.96,155.81,False,False,TECH006,27
freeport-smelter-gresik,14.0,grid_connected_solar,pvout_buildable_best_50km,0.1755,89.8,0.0,79.5,1174.3,123.36,110.28,177.68,False,False,TECH006,27
freeport-smelter-gresik,16.0,grid_connected_solar,pvout_buildable_best_50km,0.1755,89.8,0.0,79.5,1174.3,138.74,123.96,200.13,False,False,TECH006,27
freeport-smelter-gresik,18.0,grid_connected_solar,pvout_buildable_best_50km,0.1755,89.8,0.0,79.5,1174.3,154.41,137.89,223.0,False,False,TECH006,27
freeport-smelter-gresik,20.0,grid_connected_solar,pvout_buildable_best_50km,0.1755,89.8,0.0,79.5,1174.3,170.28,152.01,246.18,False,False,TECH006,27
pupuk-kaltim-bontang,4.0,within_boundary,pvout_centroid,0.1551,0.0,0.0,0.0,960.0,52.31,46.03,78.41,True,False,TECH006,27
pupuk-kaltim-bontang,6.0,within_boundary,pvout_centroid,0.1551,0.0,0.0,0.0,960.0,63.27,55.5,95.52,True,False,TECH006,27
pupuk-kaltim-bontang,8.0,within_boundary,pvout_centroid,0.1551,0.0,0.0,0.0,960.0,75.2,65.82,114.17,True,False,TECH006,27
pupuk-kaltim-bontang,10.0,within_boundary,pvout_centroid,0.1551,0.0,0.0,0.0,960.0,87.93,76.83,134.07,True,False,TECH006,27
pupuk-kaltim-bontang,12.0,within_boundary,pvout_centroid,0.1551,0.0,0.0,0.0,960.0,101.3,88.39,154.96,True,False,TECH006,27
pupuk-kaltim-bontang,14.0,within_boundary,pvout_centroid,0.1551,0.0,0.0,0.0,960.0,115.16,100.37,176.61,True,False,TECH006,27
pupuk-kaltim-bontang,16.0,within_boundary,pvout_centroid,0.1551,0.0,0.0,0.0,960.0,129.38,112.66,198.82,True,False,TECH006,27
pupuk-kaltim-bontang,18.0,within_boundary,pvout_centroid,0.1551,0.0,0.0,0.0,960.0,143.87,125.19,221.46,True,False,TECH006,27
pupuk-kaltim-bontang,20.0,within_boundary,pvout_centroid,0.1551,0.0,0.0,0.0,960.0,158.55,137.88,244.4,True,False,TECH006,27
pupuk-kaltim-bontang,4.0,grid_connected_solar,pvout_buildable_best_50km,0.1591,90.8,0.0,79.4,1175.2,61.14,55.01,86.58,False,False,TECH006,27
pupuk-kaltim-bontang,6.0,grid_connected_solar,pvout_buildable_best_50km,0.1591,90.8,0.0,79.4,1175.2,74.21,66.64,105.66,False,False,TECH006,27
pupuk-kaltim-bontang,8.0,grid_connected_solar,pvout_buildable_best_50km,0.1591,90.8,0.0,79.4,1175.2,88.45,79.31,126.44,False,False,TECH006,27
pupuk-kaltim-bontang,10.0,grid_connected_solar,pvout_buildable_best_50km,0.1591,90.8,0.0,79.4,1175.2,103.65,92.82,148.63,False,False,TECH006,27
pupuk-kaltim-bontang,12.0,grid_connected_solar,pvout_buildable_best_50km,0.1591,90.8,0.0,79.4,1175.2,119.61,107.01,171.91,False,False,TECH006,27
pupuk-kaltim-bontang,14.0,grid_connected_solar,pvout_buildable_best_50km,0.1591,90.8,0.0,79.4,1175.2,136.14,121.72,196.05,False,False,TECH006,27
pupuk-kaltim-bontang,16.0,grid_connected_solar,pvout_buildable_best_50km,0.1591,90.8,0.0,79.4,1175.2,153.11,136.82,220.82,False,False,TECH006,27
pupuk-kaltim-bontang,18.0,grid_connected_solar,pvout_buildable_best_50km,0.1591,90.8,0.0,79.4,1175.2,170.4,152.19,246.05,False,False,TECH006,27
pupuk-kaltim-bontang,20.0,grid_connected_solar,pvout_buildable_best_50km,0.1591,90.8,0.0,79.4,1175.2,187.93,167.78,271.63,False,False,TECH006,27
pupuk-sriwidjaja-palembang,4.0,within_boundary,pvout_centroid,0.1492,0.0,0.0,0.0,960.0,54.37,47.84,81.5,True,False,TECH006,27
pupuk-sriwidjaja-palembang,6.0,within_boundary,pvout_centroid,0.1492,0.0,0.0,0.0,960.0,65.76,57.69,99.29,True,False,TECH006,27
pupuk-sriwidjaja-palembang,8.0,within_boundary,pvout_centroid,0.1492,0.0,0.0,0.0,960.0,78.16,68.41,118.67,True,False,TECH006,27
pupuk-sriwidjaja-palembang,10.0,within_boundary,pvout_centroid,0.1492,0.0,0.0,0.0,960.0,91.4,79.85,139.35,True,False,TECH006,27
pupuk-sriwidjaja-palembang,12.0,within_boundary,pvout_centroid,0.1492,0.0,0.0,0.0,960.0,105.29,91.87,161.06,True,False,TECH006,27
pupuk-sriwidjaja-palembang,14.0,within_boundary,pvout_centroid,0.1492,0.0,0.0,0.0,960.0,119.69,104.32,183.56,True,False,TECH006,27
pupuk-sriwidjaja-palembang,16.0,within_boundary,pvout_centroid,0.1492,0.0,0.0,0.0,960.0,134.47,117.1,206.66,True,False,TECH006,27
pupuk-sriwidjaja-palembang,18.0,within_boundary,pvout_centroid,0.1492,0.0,0.0,0.0,960.0,149.53,130.12,230.18,True,False,TECH006,27
pupuk-sriwidjaja-palembang,20.0,within_boundary,pvout_centroid,0.1492,0.0,0.0,0.0,960.0,164.79,143.31,254.03,True,False,TECH006,27
pupuk-sriwidjaja-palembang,4.0,grid_connected_solar,pvout_best_50km,0.1561,90.5,0.0,56.2,1151.7,61.18,54.94,87.11,True,False,TECH006,27
pupuk-sriwidjaja-palembang,6.0,grid_connected_solar,pvout_best_50km,0.1561,90.5,0.0,56.2,1151.7,74.23,66.52,106.28,True,False,TECH006,27
pupuk-sriwidjaja-palembang,8.0,grid_connected_solar,pvout_best_50km,0.1561,90.5,0.0,56.2,1151.7,88.46,79.14,127.18,True,False,TECH006,27
pupuk-sriwidjaja-palembang,10.0,grid_connected_solar,pvout_best_50km,0.1561,90.5,0.0,56.2,1151.7,103.64,92.6,149.47,True,False,TECH006,27
pupuk-sriwidjaja-palembang,12.0,grid_connected_solar,pvout_best_50km,0.1561,90.5,0.0,56.2,1151.7,119.57,106.74,172.88,True,False,TECH006,27
pupuk-sriwidjaja-palembang,14.0,grid_connected_solar,pvout_best_50km,0.1561,90.5,0.0,56.2,1151.7,136.08,121.39,197.14,True,False,TECH006,27
pupuk-sriwidjaja-palembang,16.0,grid_connected_solar,pvout_best_50km,0.1561,90.5,0.0,56.2,1151.7,153.03,136.42,222.03,True,False,TECH006,27
pupuk-sriwidjaja-palembang,18.0,grid_connected_solar,pvout_best_50km,0.1561,90.5,0.0,56.2,1151.7,170.3,151.74,247.4,True,False,TECH006,27
pupuk-sriwidjaja-palembang,20.0,grid_connected_solar,pvout_best_50km,0.1561,90.5,0.0,56.2,1151.7,187.8,167.27,273.1,True,False,TECH006,27
petrokimia-gresik,4.0,within_boundary,pvout_centroid,0.1771,0.0,0.0,0.0,960.0,45.82,40.31,68.67,True,False,TECH006,27
petrokimia-gresik,6.0,within_boundary,pvout_centroid,0.1771,0.0,0.0,0.0,960.0,55.41,48.61,83.66,True,False,TECH006,27
petrokimia-gresik,8.0,within_boundary,pvout_centroid,0.1771,0.0,0.0,0.0,960.0,65.86,57.64,99.99,True,False,TECH006,27
petrokimia-gresik,10.0,within_boundary,pvout_centroid,0.1771,0.0,0.0,0.0,960.0,77.01,67.29,117.42,True,False,TECH006,27
petrokimia-gresik,12.0,within_boundary,pvout_centroid,0.1771,0.0,0.0,0.0,960.0,88.72,77.41,135.71,True,False,TECH006,27
petrokimia-gresik,14.0,within_boundary,pvout_centroid,0.1771,0.0,0.0,0.0,960.0,100.86,87.9,154.67,True,False,TECH006,27
petrokimia-gresik,16.0,within_boundary,pvout_centroid,0.1771,0.0,0.0,0.0,960.0,113.31,98.67,174.13,True,False,TECH006,27
petrokimia-gresik,18.0,within_boundary,pvout_centroid,0.1771,0.0,0.0,0.0,960.0,126.0,109.64,193.96,True,False,TECH006,27
petrokimia-gresik,20.0,within_boundary,pvout_centroid,0.1771,0.0,0.0,0.0,960.0,138.86,120.76,214.05,True,False,TECH006,27
petrokimia-gresik,4.0,grid_connected_solar,pvout_buildable_best_50km,0.1753,91.1,0.0,78.9,1175.0,55.49,49.93,78.59,False,False,TECH006,27
petrokimia-gresik,6.0,grid_connected_solar,pvout_buildable_best_50km,0.1753,91.1,0.0,78.9,1175.0,67.35,60.48,95.9,False,False,TECH006,27
petrokimia-gresik,8.0,grid_connected_solar,pvout_buildable_best_50km,0.1753,91.1,0.0,78.9,1175.0,80.28,71.98,114.77,False,False,TECH006,27
petrokimia-gresik,10.0,grid_connected_solar,pvout_buildable_best_50km,0.1753,91.1,0.0,78.9,1175.0,94.07,84.24,134.9,False,False,TECH006,27
petrokimia-gresik,12.0,grid_connected_solar,pvout_buildable_best_50km,0.1753,91.1,0.0,78.9,1175.0,108.55,97.12,156.04,False,False,TECH006,27
petrokimia-gresik,14.0,grid_connected_solar,pvout_buildable_best_50km,0.1753,91.1,0.0,78.9,1175.0,123.56,110.47,177.94,False,False,TECH006,27
petrokimia-gresik,16.0,grid_connected_solar,pvout_buildable_best_50km,0.1753,91.1,0.0,78.9,1175.0,138.96,124.17,200.42,False,False,TECH006,27
petrokimia-gresik,18.0,grid_connected_solar,pvout_buildable_best_50km,0.1753,91.1,0.0,78.9,1175.0,154.66,138.13,223.33,False,False,TECH006,27
petrokimia-gresik,20.0,grid_connected_solar,pvout_buildable_best_50km,0.1753,91.1,0.0,78.9,1175.0,170.56,152.27,246.54,False,False,TECH006,27
pupuk-kujang-cikampek,4.0,within_boundary,pvout_centroid,0.1627,0.0,0.0,0.0,960.0,49.88,43.89,74.76,True,False,TECH006,27
pupuk-kujang-cikampek,6.0,within_boundary,pvout_centroid,0.1627,0.0,0.0,0.0,960.0,60.32,52.91,91.07,True,False,TECH006,27
pupuk-kujang-cikampek,8.0,within_boundary,pvout_centroid,0.1627,0.0,0.0,0.0,960.0,71.7,62.75,108.85,True,False,TECH006,27
pupuk-kujang-cikampek,10.0,within_boundary,pvout_centroid,0.1627,0.0,0.0,0.0,960.0,83.84,73.25,127.82,True,False,TECH006,27
pupuk-kujang-cikampek,12.0,within_boundary,pvout_centroid,0.1627,0.0,0.0,0.0,960.0,96.58,84.27,147.74,True,False,TECH006,27
pupuk-kujang-cikampek,14.0,within_boundary,pvout_centroid,0.1627,0.0,0.0,0.0,960.0,109.79,95.69,168.38,True,False,TECH006,27
pupuk-kujang-cikampek,16.0,within_boundary,pvout_centroid,0.1627,0.0,0.0,0.0,960.0,123.35,107.41,189.56,True,False,TECH006,27
pupuk-kujang-cikampek,18.0,within_boundary,pvout_centroid,0.1627,0.0,0.0,0.0,960.0,137.16,119.35,211.14,True,False,TECH006,27
pupuk-kujang-cikampek,20.0,within_boundary,pvout_centroid,0.1627,0.0,0.0,0.0,960.0,151.16,131.46,233.02,True,False,TECH006,27
pupuk-kujang-cikampek,4.0,grid_connected_solar,pvout_buildable_best_50km,0.1622,92.2,0.0,79.4,1176.6,60.05,54.04,85.02,False,False,TECH006,27
pupuk-kujang-cikampek,6.0,grid_connected_solar,pvout_buildable_best_50km,0.1622,92.2,0.0,79.4,1176.6,72.9,65.47,103.75,False,False,TECH006,27
pupuk-kujang-cikampek,8.0,grid_connected_solar,pvout_buildable_best_50km,0.1622,92.2,0.0,79.4,1176.6,86.89,77.91,124.16,False,False,TECH006,27
pupuk-kujang-cikampek,10.0,grid_connected_solar,pvout_buildable_best_50km,0.1622,92.2,0.0,79.4,1176.6,101.82,91.19,145.95,False,False,TECH006,27
pupuk-kujang-cikampek,12.0,grid_connected_solar,pvout_buildable_best_50km,0.1622,92.2,0.0,79.4,1176.6,117.49,105.14,168.81,False,False,TECH006,27
pupuk-kujang-cikampek,14.0,grid_connected_solar,pvout_buildable_best_50km,0.1622,92.2,0.0,79.4,1176.6,133.74,119.58,192.51,False,False,TECH006,27
pupuk-kujang-cikampek,16.0,grid_connected_solar,pvout_buildable_best_50km,0.1622,92.2,0.0,79.4,1176.6,150.41,134.41,216.84,False,False,TECH006,27
pupuk-kujang-cikampek,18.0,grid_connected_solar,pvout_buildable_best_50km,0.1622,92.2,0.0,79.4,1176.6,167.39,149.52,241.62,False,False,TECH006,27
pupuk-kujang-cikampek,20.0,grid_connected_solar,pvout_buildable_best_50km,0.1622,92.2,0.0,79.4,1176.6,184.61,164.84,266.73,False,False,TECH006,27
pupuk-iskandar-muda-lhokseumawe,4.0,within_boundary,pvout_centroid,0.16,0.0,0.0,0.0,960.0,50.7,44.61,76.0,True,False,TECH006,27
pupuk-iskandar-muda-lhokseumawe,6.0,within_boundary,pvout_centroid,0.16,0.0,0.0,0.0,960.0,61.32,53.79,92.59,True,False,TECH006,27
pupuk-iskandar-muda-lhokseumawe,8.0,within_boundary,pvout_centroid,0.16,0.0,0.0,0.0,960.0,72.89,63.79,110.66,True,False,TECH006,27
pupuk-iskandar-muda-lhokseumawe,10.0,within_boundary,pvout_centroid,0.16,0.0,0.0,0.0,960.0,85.23,74.47,129.95,True,False,TECH006,27
pupuk-iskandar-muda-lhokseumawe,12.0,within_boundary,pvout_centroid,0.16,0.0,0.0,0.0,960.0,98.19,85.67,150.19,True,False,TECH006,27
pupuk-iskandar-muda-lhokseumawe,14.0,within_boundary,pvout_centroid,0.16,0.0,0.0,0.0,960.0,111.62,97.28,171.18,True,False,TECH006,27
pupuk-iskandar-muda-lhokseumawe,16.0,within_boundary,pvout_centroid,0.16,0.0,0.0,0.0,960.0,125.4,109.2,192.71,True,False,TECH006,27
pupuk-iskandar-muda-lhokseumawe,18.0,within_boundary,pvout_centroid,0.16,0.0,0.0,0.0,960.0,139.44,121.34,214.65,True,False,TECH006,27
pupuk-iskandar-muda-lhokseumawe,20.0,within_boundary,pvout_centroid,0.16,0.0,0.0,0.0,960.0,153.67,133.64,236.89,True,False,TECH006,27
pupuk-iskandar-muda-lhokseumawe,4.0,grid_connected_solar,pvout_best_50km,0.1658,91.3,0.0,8.6,1104.9,55.51,49.63,79.94,True,False,TECH006,27
pupuk-iskandar-muda-lhokseumawe,6.0,grid_connected_solar,pvout_best_50km,0.1658,91.3,0.0,8.6,1104.9,67.31,60.05,97.5,True,False,TECH006,27
pupuk-iskandar-muda-lhokseumawe,8.0,grid_connected_solar,pvout_best_50km,0.1658,91.3,0.0,8.6,1104.9,80.17,71.39,116.64,True,False,TECH006,27
pupuk-iskandar-muda-lhokseumawe,10.0,grid_connected_solar,pvout_best_50km,0.1658,91.3,0.0,8.6,1104.9,93.88,83.49,137.06,True,False,TECH006,27
pupuk-iskandar-muda-lhokseumawe,12.0,grid_connected_solar,pvout_best_50km,0.1658,91.3,0.0,8.6,1104.9,108.29,96.2,158.5,True,False,TECH006,27
pupuk-iskandar-muda-lhokseumawe,14.0,grid_connected_solar,pvout_best_50km,0.1658,91.3,0.0,8.6,1104.9,123.21,109.37,180.72,True,False,TECH006,27
pupuk-iskandar-muda-lhokseumawe,16.0,grid_connected_solar,pvout_best_50km,0.1658,91.3,0.0,8.6,1104.9,138.53,122.88,203.52,True,False,TECH006,27
pupuk-iskandar-muda-lhokseumawe,18.0,grid_connected_solar,pvout_best_50km,0.1658,91.3,0.0,8.6,1104.9,154.13,136.65,226.75,True,False,TECH006,27
pupuk-iskandar-muda-lhokseumawe,20.0,grid_connected_solar,pvout_best_50km,0.1658,91.3,0.0,8.6,1104.9,169.95,150.61,250.3,True,False,TECH006,27
