site_id,wacc_pct,scenario,cf_wind_used,wind_speed_ms,connection_cost_per_kw,effective_capex_usd_per_kw,lcoe_usd_mwh,lcoe_low_usd_mwh,lcoe_high_usd_mwh,is_capex_provisional,tech_id,lifetime_yr
industropolis-batang,4.0,within_boundary,0.05,3.01,0.0,1650.0,322.02,259.1,419.89,False,TECH_WIND_ONSHORE,27
industropolis-batang,6.0,within_boundary,0.05,3.01,0.0,1650.0,376.48,298.71,497.46,False,TECH_WIND_ONSHORE,27
industropolis-batang,8.0,within_boundary,0.05,3.01,0.0,1650.0,435.82,341.87,581.97,False,TECH_WIND_ONSHORE,27
industropolis-batang,10.0,within_boundary,0.05,3.01,0.0,1650.0,499.14,387.92,672.16,False,TECH_WIND_ONSHORE,27
industropolis-batang,12.0,within_boundary,0.05,3.01,0.0,1650.0,565.62,436.27,766.84,False,TECH_WIND_ONSHORE,27
industropolis-batang,14.0,within_boundary,0.05,3.01,0.0,1650.0,634.52,486.37,864.96,False,TECH_WIND_ONSHORE,27
industropolis-batang,16.0,within_boundary,0.05,3.01,0.0,1650.0,705.23,537.8,965.67,False,TECH_WIND_ONSHORE,27
industropolis-batang,18.0,within_boundary,0.05,3.01,0.0,1650.0,777.27,590.19,1068.27,False,TECH_WIND_ONSHORE,27
industropolis-batang,20.0,within_boundary,0.05,3.01,0.0,1650.0,850.27,643.29,1172.25,False,TECH_WIND_ONSHORE,27
industropolis-batang,4.0,grid_connected_solar,0.2822,7.74,97.5,1792.5,60.58,49.44,77.93,False,TECH_WIND_ONSHORE,27
industropolis-batang,6.0,grid_connected_solar,0.2822,7.74,97.5,1792.5,71.07,57.29,92.5,False,TECH_WIND_ONSHORE,27
industropolis-batang,8.0,grid_connected_solar,0.2822,7.74,97.5,1792.5,82.49,65.84,108.38,False,TECH_WIND_ONSHORE,27
industropolis-batang,10.0,grid_connected_solar,0.2822,7.74,97.5,1792.5,94.68,74.97,125.33,False,TECH_WIND_ONSHORE,27
industropolis-batang,12.0,grid_connected_solar,0.2822,7.74,97.5,1792.5,107.47,84.56,143.13,False,TECH_WIND_ONSHORE,27
industropolis-batang,14.0,grid_connected_solar,0.2822,7.74,97.5,1792.5,120.74,94.49,161.57,False,TECH_WIND_ONSHORE,27
industropolis-batang,16.0,grid_connected_solar,0.2822,7.74,97.5,1792.5,134.35,104.68,180.49,False,TECH_WIND_ONSHORE,27
industropolis-batang,18.0,grid_connected_solar,0.2822,7.74,97.5,1792.5,148.21,115.07,199.77,False,TECH_WIND_ONSHORE,27
industropolis-batang,20.0,grid_connected_solar,0.2822,7.74,97.5,1792.5,162.26,125.59,219.31,False,TECH_WIND_ONSHORE,27
batam-tourism-and-international-healthcare,4.0,within_boundary,0.0909,4.16,0.0,1650.0,177.13,142.52,230.96,False,TECH_WIND_ONSHORE,27
batam-tourism-and-international-healthcare,6.0,within_boundary,0.0909,4.16,0.0,1650.0,207.09,164.31,273.63,False,TECH_WIND_ONSHORE,27
batam-tourism-and-international-healthcare,8.0,within_boundary,0.0909,4.16,0.0,1650.0,239.73,188.05,320.12,False,TECH_WIND_ONSHORE,27
batam-tourism-and-international-healthcare,10.0,within_boundary,0.0909,4.16,0.0,1650.0,274.56,213.38,369.72,False,TECH_WIND_ONSHORE,27
batam-tourism-and-international-healthcare,12.0,within_boundary,0.0909,4.16,0.0,1650.0,311.12,239.97,421.8,False,TECH_WIND_ONSHORE,27
batam-tourism-and-international-healthcare,14.0,within_boundary,0.0909,4.16,0.0,1650.0,349.02,267.53,475.78,False,TECH_WIND_ONSHORE,27
batam-tourism-and-international-healthcare,16.0,within_boundary,0.0909,4.16,0.0,1650.0,387.91,295.82,531.17,False,TECH_WIND_ONSHORE,27
batam-tourism-and-international-healthcare,18.0,within_boundary,0.0909,4.16,0.0,1650.0,427.54,324.64,587.61,False,TECH_WIND_ONSHORE,27
batam-tourism-and-international-healthcare,20.0,within_boundary,0.0909,4.16,0.0,1650.0,467.7,353.84,644.8,False,TECH_WIND_ONSHORE,27
batam-tourism-and-international-healthcare,4.0,grid_connected_solar,0.1695,5.28,85.8,1780.8,100.39,81.83,129.26,False,TECH_WIND_ONSHORE,27
batam-tourism-and-international-healthcare,6.0,grid_connected_solar,0.1695,5.28,85.8,1780.8,117.73,94.79,153.41,False,TECH_WIND_ONSHORE,27
batam-tourism-and-international-healthcare,8.0,grid_connected_solar,0.1695,5.28,85.8,1780.8,136.62,108.9,179.73,False,TECH_WIND_ONSHORE,27
batam-tourism-and-international-healthcare,10.0,grid_connected_solar,0.1695,5.28,85.8,1780.8,156.78,123.97,207.82,False,TECH_WIND_ONSHORE,27
batam-tourism-and-international-healthcare,12.0,grid_connected_solar,0.1695,5.28,85.8,1780.8,177.95,139.79,237.3,False,TECH_WIND_ONSHORE,27
batam-tourism-and-international-healthcare,14.0,grid_connected_solar,0.1695,5.28,85.8,1780.8,199.88,156.18,267.86,False,TECH_WIND_ONSHORE,27
batam-tourism-and-international-healthcare,16.0,grid_connected_solar,0.1695,5.28,85.8,1780.8,222.39,173.0,299.22,False,TECH_WIND_ONSHORE,27
batam-tourism-and-international-healthcare,18.0,grid_connected_solar,0.1695,5.28,85.8,1780.8,245.33,190.14,331.17,False,TECH_WIND_ONSHORE,27
batam-tourism-and-international-healthcare,20.0,grid_connected_solar,0.1695,5.28,85.8,1780.8,268.57,207.51,363.55,False,TECH_WIND_ONSHORE,27
bumi-serpong-damai,4.0,within_boundary,0.05,3.07,0.0,1650.0,322.02,259.1,419.89,False,TECH_WIND_ONSHORE,27
bumi-serpong-damai,6.0,within_boundary,0.05,3.07,0.0,1650.0,376.48,298.71,497.46,False,TECH_WIND_ONSHORE,27
bumi-serpong-damai,8.0,within_boundary,0.05,3.07,0.0,1650.0,435.82,341.87,581.97,False,TECH_WIND_ONSHORE,27
bumi-serpong-damai,10.0,within_boundary,0.05,3.07,0.0,1650.0,499.14,387.92,672.16,False,TECH_WIND_ONSHORE,27
bumi-serpong-damai,12.0,within_boundary,0.05,3.07,0.0,1650.0,565.62,436.27,766.84,False,TECH_WIND_ONSHORE,27
bumi-serpong-damai,14.0,within_boundary,0.05,3.07,0.0,1650.0,634.52,486.37,864.96,False,TECH_WIND_ONSHORE,27
bumi-serpong-damai,16.0,within_boundary,0.05,3.07,0.0,1650.0,705.23,537.8,965.67,False,TECH_WIND_ONSHORE,27
bumi-serpong-damai,18.0,within_boundary,0.05,3.07,0.0,1650.0,777.27,590.19,1068.27,False,TECH_WIND_ONSHORE,27
bumi-serpong-damai,20.0,within_boundary,0.05,3.07,0.0,1650.0,850.27,643.29,1172.25,False,TECH_WIND_ONSHORE,27
bumi-serpong-damai,4.0,grid_connected_solar,0.1945,5.64,88.2,1783.2,87.57,71.4,112.73,False,TECH_WIND_ONSHORE,27
bumi-serpong-damai,6.0,grid_connected_solar,0.1945,5.64,88.2,1783.2,102.7,82.71,133.8,False,TECH_WIND_ONSHORE,27
bumi-serpong-damai,8.0,grid_connected_solar,0.1945,5.64,88.2,1783.2,119.19,95.04,156.76,False,TECH_WIND_ONSHORE,27
bumi-serpong-damai,10.0,grid_connected_solar,0.1945,5.64,88.2,1783.2,136.78,108.19,181.26,False,TECH_WIND_ONSHORE,27
bumi-serpong-damai,12.0,grid_connected_solar,0.1945,5.64,88.2,1783.2,155.25,122.0,206.98,False,TECH_WIND_ONSHORE,27
bumi-serpong-damai,14.0,grid_connected_solar,0.1945,5.64,88.2,1783.2,174.39,136.31,233.63,False,TECH_WIND_ONSHORE,27
bumi-serpong-damai,16.0,grid_connected_solar,0.1945,5.64,88.2,1783.2,194.04,151.0,260.99,False,TECH_WIND_ONSHORE,27
bumi-serpong-damai,18.0,grid_connected_solar,0.1945,5.64,88.2,1783.2,214.05,165.96,288.86,False,TECH_WIND_ONSHORE,27
bumi-serpong-damai,20.0,grid_connected_solar,0.1945,5.64,88.2,1783.2,234.34,181.13,317.11,False,TECH_WIND_ONSHORE,27
setangga,4.0,within_boundary,0.05,3.2,0.0,1650.0,322.02,259.1,419.89,False,TECH_WIND_ONSHORE,27
setangga,6.0,within_boundary,0.05,3.2,0.0,1650.0,376.48,298.71,497.46,False,TECH_WIND_ONSHORE,27
setangga,8.0,within_boundary,0.05,3.2,0.0,1650.0,435.82,341.87,581.97,False,TECH_WIND_ONSHORE,27
setangga,10.0,within_boundary,0.05,3.2,0.0,1650.0,499.14,387.92,672.16,False,TECH_WIND_ONSHORE,27
setangga,12.0,within_boundary,0.05,3.2,0.0,1650.0,565.62,436.27,766.84,False,TECH_WIND_ONSHORE,27
setangga,14.0,within_boundary,0.05,3.2,0.0,1650.0,634.52,486.37,864.96,False,TECH_WIND_ONSHORE,27
setangga,16.0,within_boundary,0.05,3.2,0.0,1650.0,705.23,537.8,965.67,False,TECH_WIND_ONSHORE,27
setangga,18.0,within_boundary,0.05,3.2,0.0,1650.0,777.27,590.19,1068.27,False,TECH_WIND_ONSHORE,27
setangga,20.0,within_boundary,0.05,3.2,0.0,1650.0,850.27,643.29,1172.25,False,TECH_WIND_ONSHORE,27
setangga,4.0,grid_connected_solar,0.1929,5.61,95.0,1790.0,88.54,72.23,113.91,False,TECH_WIND_ONSHORE,27
setangga,6.0,grid_connected_solar,0.1929,5.61,95.0,1790.0,103.86,83.7,135.22,False,TECH_WIND_ONSHORE,27
setangga,8.0,grid_connected_solar,0.1929,5.61,95.0,1790.0,120.54,96.19,158.43,False,TECH_WIND_ONSHORE,27
setangga,10.0,grid_connected_solar,0.1929,5.61,95.0,1790.0,138.35,109.52,183.2,False,TECH_WIND_ONSHORE,27
setangga,12.0,grid_connected_solar,0.1929,5.61,95.0,1790.0,157.04,123.52,209.2,False,TECH_WIND_ONSHORE,27
setangga,14.0,grid_connected_solar,0.1929,5.61,95.0,1790.0,176.42,138.02,236.15,False,TECH_WIND_ONSHORE,27
setangga,16.0,grid_connected_solar,0.1929,5.61,95.0,1790.0,196.3,152.9,263.81,False,TECH_WIND_ONSHORE,27
setangga,18.0,grid_connected_solar,0.1929,5.61,95.0,1790.0,216.56,168.07,291.99,False,TECH_WIND_ONSHORE,27
setangga,20.0,grid_connected_solar,0.1929,5.61,95.0,1790.0,237.09,183.44,320.55,False,TECH_WIND_ONSHORE,27
tanjung-sauh,4.0,within_boundary,0.1046,4.35,0.0,1650.0,153.93,123.85,200.71,False,TECH_WIND_ONSHORE,27
tanjung-sauh,6.0,within_boundary,0.1046,4.35,0.0,1650.0,179.96,142.79,237.79,False,TECH_WIND_ONSHORE,27
tanjung-sauh,8.0,within_boundary,0.1046,4.35,0.0,1650.0,208.33,163.42,278.19,False,TECH_WIND_ONSHORE,27
tanjung-sauh,10.0,within_boundary,0.1046,4.35,0.0,1650.0,238.6,185.43,321.3,False,TECH_WIND_ONSHORE,27
tanjung-sauh,12.0,within_boundary,0.1046,4.35,0.0,1650.0,270.37,208.54,366.56,False,TECH_WIND_ONSHORE,27
tanjung-sauh,14.0,within_boundary,0.1046,4.35,0.0,1650.0,303.31,232.49,413.46,False,TECH_WIND_ONSHORE,27
tanjung-sauh,16.0,within_boundary,0.1046,4.35,0.0,1650.0,337.11,257.07,461.6,False,TECH_WIND_ONSHORE,27
tanjung-sauh,18.0,within_boundary,0.1046,4.35,0.0,1650.0,371.54,282.12,510.65,False,TECH_WIND_ONSHORE,27
tanjung-sauh,20.0,within_boundary,0.1046,4.35,0.0,1650.0,406.44,307.5,560.35,False,TECH_WIND_ONSHORE,27
tanjung-sauh,4.0,grid_connected_solar,0.2277,6.23,101.7,1796.7,75.21,61.4,96.71,False,TECH_WIND_ONSHORE,27
tanjung-sauh,6.0,grid_connected_solar,0.2277,6.23,101.7,1796.7,88.24,71.16,114.8,False,TECH_WIND_ONSHORE,27
tanjung-sauh,8.0,grid_connected_solar,0.2277,6.23,101.7,1796.7,102.43,81.8,134.52,False,TECH_WIND_ONSHORE,27
tanjung-sauh,10.0,grid_connected_solar,0.2277,6.23,101.7,1796.7,117.57,93.14,155.56,False,TECH_WIND_ONSHORE,27
tanjung-sauh,12.0,grid_connected_solar,0.2277,6.23,101.7,1796.7,133.46,105.06,177.65,False,TECH_WIND_ONSHORE,27
tanjung-sauh,14.0,grid_connected_solar,0.2277,6.23,101.7,1796.7,149.94,117.41,200.54,False,TECH_WIND_ONSHORE,27
tanjung-sauh,16.0,grid_connected_solar,0.2277,6.23,101.7,1796.7,166.84,130.08,224.03,False,TECH_WIND_ONSHORE,27
tanjung-sauh,18.0,grid_connected_solar,0.2277,6.23,101.7,1796.7,184.07,142.99,247.97,False,TECH_WIND_ONSHORE,27
tanjung-sauh,20.0,grid_connected_solar,0.2277,6.23,101.7,1796.7,201.53,156.07,272.23,False,TECH_WIND_ONSHORE,27
kek-arun-lhokseumawe,4.0,within_boundary,0.05,3.57,0.0,1650.0,322.02,259.1,419.89,False,TECH_WIND_ONSHORE,27
kek-arun-lhokseumawe,6.0,within_boundary,0.05,3.57,0.0,1650.0,376.48,298.71,497.46,False,TECH_WIND_ONSHORE,27
kek-arun-lhokseumawe,8.0,within_boundary,0.05,3.57,0.0,1650.0,435.82,341.87,581.97,False,TECH_WIND_ONSHORE,27
kek-arun-lhokseumawe,10.0,within_boundary,0.05,3.57,0.0,1650.0,499.14,387.92,672.16,False,TECH_WIND_ONSHORE,27
kek-arun-lhokseumawe,12.0,within_boundary,0.05,3.57,0.0,1650.0,565.62,436.27,766.84,False,TECH_WIND_ONSHORE,27
kek-arun-lhokseumawe,14.0,within_boundary,0.05,3.57,0.0,1650.0,634.52,486.37,864.96,False,TECH_WIND_ONSHORE,27
kek-arun-lhokseumawe,16.0,within_boundary,0.05,3.57,0.0,1650.0,705.23,537.8,965.67,False,TECH_WIND_ONSHORE,27
kek-arun-lhokseumawe,18.0,within_boundary,0.05,3.57,0.0,1650.0,777.27,590.19,1068.27,False,TECH_WIND_ONSHORE,27
kek-arun-lhokseumawe,20.0,within_boundary,0.05,3.57,0.0,1650.0,850.27,643.29,1172.25,False,TECH_WIND_ONSHORE,27
kek-arun-lhokseumawe,4.0,grid_connected_solar,0.2415,6.65,126.1,1821.1,71.62,58.6,91.89,False,TECH_WIND_ONSHORE,27
kek-arun-lhokseumawe,6.0,grid_connected_solar,0.2415,6.65,126.1,1821.1,84.07,67.97,109.12,False,TECH_WIND_ONSHORE,27
kek-arun-lhokseumawe,8.0,grid_connected_solar,0.2415,6.65,126.1,1821.1,97.63,78.18,127.89,False,TECH_WIND_ONSHORE,27
kek-arun-lhokseumawe,10.0,grid_connected_solar,0.2415,6.65,126.1,1821.1,112.1,89.07,147.92,False,TECH_WIND_ONSHORE,27
kek-arun-lhokseumawe,12.0,grid_connected_solar,0.2415,6.65,126.1,1821.1,127.29,100.51,168.95,False,TECH_WIND_ONSHORE,27
kek-arun-lhokseumawe,14.0,grid_connected_solar,0.2415,6.65,126.1,1821.1,143.03,112.36,190.74,False,TECH_WIND_ONSHORE,27
kek-arun-lhokseumawe,16.0,grid_connected_solar,0.2415,6.65,126.1,1821.1,159.19,124.53,213.11,False,TECH_WIND_ONSHORE,27
kek-arun-lhokseumawe,18.0,grid_connected_solar,0.2415,6.65,126.1,1821.1,175.65,136.92,235.9,False,TECH_WIND_ONSHORE,27
kek-arun-lhokseumawe,20.0,grid_connected_solar,0.2415,6.65,126.1,1821.1,192.33,149.48,259.0,False,TECH_WIND_ONSHORE,27
kek-sanur,4.0,within_boundary,0.05,3.36,0.0,1650.0,322.02,259.1,419.89,False,TECH_WIND_ONSHORE,27
kek-sanur,6.0,within_boundary,0.05,3.36,0.0,1650.0,376.48,298.71,497.46,False,TECH_WIND_ONSHORE,27
kek-sanur,8.0,within_boundary,0.05,3.36,0.0,1650.0,435.82,341.87,581.97,False,TECH_WIND_ONSHORE,27
kek-sanur,10.0,within_boundary,0.05,3.36,0.0,1650.0,499.14,387.92,672.16,False,TECH_WIND_ONSHORE,27
kek-sanur,12.0,within_boundary,0.05,3.36,0.0,1650.0,565.62,436.27,766.84,False,TECH_WIND_ONSHORE,27
kek-sanur,14.0,within_boundary,0.05,3.36,0.0,1650.0,634.52,486.37,864.96,False,TECH_WIND_ONSHORE,27
kek-sanur,16.0,within_boundary,0.05,3.36,0.0,1650.0,705.23,537.8,965.67,False,TECH_WIND_ONSHORE,27
kek-sanur,18.0,within_boundary,0.05,3.36,0.0,1650.0,777.27,590.19,1068.27,False,TECH_WIND_ONSHORE,27
kek-sanur,20.0,within_boundary,0.05,3.36,0.0,1650.0,850.27,643.29,1172.25,False,TECH_WIND_ONSHORE,27
kek-sanur,4.0,grid_connected_solar,0.2928,7.96,96.0,1791.0,58.35,47.61,75.07,False,TECH_WIND_ONSHORE,27
kek-sanur,6.0,grid_connected_solar,0.2928,7.96,96.0,1791.0,68.45,55.17,89.11,False,TECH_WIND_ONSHORE,27
kek-sanur,8.0,grid_connected_solar,0.2928,7.96,96.0,1791.0,79.45,63.4,104.41,False,TECH_WIND_ONSHORE,27
kek-sanur,10.0,grid_connected_solar,0.2928,7.96,96.0,1791.0,91.19,72.19,120.73,False,TECH_WIND_ONSHORE,27
kek-sanur,12.0,grid_connected_solar,0.2928,7.96,96.0,1791.0,103.51,81.42,137.87,False,TECH_WIND_ONSHORE,27
kek-sanur,14.0,grid_connected_solar,0.2928,7.96,96.0,1791.0,116.28,90.98,155.63,False,TECH_WIND_ONSHORE,27
kek-sanur,16.0,grid_connected_solar,0.2928,7.96,96.0,1791.0,129.38,100.79,173.86,False,TECH_WIND_ONSHORE,27
kek-sanur,18.0,grid_connected_solar,0.2928,7.96,96.0,1791.0,142.74,110.79,192.43,False,TECH_WIND_ONSHORE,27
kek-sanur,20.0,grid_connected_solar,0.2928,7.96,96.0,1791.0,156.27,120.92,211.25,False,TECH_WIND_ONSHORE,27
kek-kendal,4.0,within_boundary,0.05,3.49,0.0,1650.0,322.02,259.1,419.89,False,TECH_WIND_ONSHORE,27
kek-kendal,6.0,within_boundary,0.05,3.49,0.0,1650.0,376.48,298.71,497.46,False,TECH_WIND_ONSHORE,27
kek-kendal,8.0,within_boundary,0.05,3.49,0.0,1650.0,435.82,341.87,581.97,False,TECH_WIND_ONSHORE,27
kek-kendal,10.0,within_boundary,0.05,3.49,0.0,1650.0,499.14,387.92,672.16,False,TECH_WIND_ONSHORE,27
kek-kendal,12.0,within_boundary,0.05,3.49,0.0,1650.0,565.62,436.27,766.84,False,TECH_WIND_ONSHORE,27
kek-kendal,14.0,within_boundary,0.05,3.49,0.0,1650.0,634.52,486.37,864.96,False,TECH_WIND_ONSHORE,27
kek-kendal,16.0,within_boundary,0.05,3.49,0.0,1650.0,705.23,537.8,965.67,False,TECH_WIND_ONSHORE,27
kek-kendal,18.0,within_boundary,0.05,3.49,0.0,1650.0,777.27,590.19,1068.27,False,TECH_WIND_ONSHORE,27
kek-kendal,20.0,within_boundary,0.05,3.49,0.0,1650.0,850.27,643.29,1172.25,False,TECH_WIND_ONSHORE,27
kek-kendal,4.0,grid_connected_solar,0.2822,7.74,99.2,1794.2,60.63,49.48,77.97,False,TECH_WIND_ONSHORE,27
kek-kendal,6.0,grid_connected_solar,0.2822,7.74,99.2,1794.2,71.12,57.34,92.56,False,TECH_WIND_ONSHORE,27
kek-kendal,8.0,grid_connected_solar,0.2822,7.74,99.2,1794.2,82.55,65.91,108.45,False,TECH_WIND_ONSHORE,27
kek-kendal,10.0,grid_connected_solar,0.2822,7.74,99.2,1794.2,94.76,75.05,125.41,False,TECH_WIND_ONSHORE,27
kek-kendal,12.0,grid_connected_solar,0.2822,7.74,99.2,1794.2,107.56,84.64,143.21,False,TECH_WIND_ONSHORE,27
kek-kendal,14.0,grid_connected_solar,0.2822,7.74,99.2,1794.2,120.84,94.59,161.67,False,TECH_WIND_ONSHORE,27
kek-kendal,16.0,grid_connected_solar,0.2822,7.74,99.2,1794.2,134.46,104.8,180.61,False,TECH_WIND_ONSHORE,27
kek-kendal,18.0,grid_connected_solar,0.2822,7.74,99.2,1794.2,148.34,115.19,199.9,False,TECH_WIND_ONSHORE,27
kek-kendal,20.0,grid_connected_solar,0.2822,7.74,99.2,1794.2,162.41,125.73,219.45,False,TECH_WIND_ONSHORE,27
kek-sorong,4.0,within_boundary,0.05,3.38,0.0,1650.0,322.02,259.1,419.89,False,TECH_WIND_ONSHORE,27
kek-sorong,6.0,within_boundary,0.05,3.38,0.0,1650.0,376.48,298.71,497.46,False,TECH_WIND_ONSHORE,27
kek-sorong,8.0,within_boundary,0.05,3.38,0.0,1650.0,435.82,341.87,581.97,False,TECH_WIND_ONSHORE,27
kek-sorong,10.0,within_boundary,0.05,3.38,0.0,1650.0,499.14,387.92,672.16,False,TECH_WIND_ONSHORE,27
kek-sorong,12.0,within_boundary,0.05,3.38,0.0,1650.0,565.62,436.27,766.84,False,TECH_WIND_ONSHORE,27
kek-sorong,14.0,within_boundary,0.05,3.38,0.0,1650.0,634.52,486.37,864.96,False,TECH_WIND_ONSHORE,27
kek-sorong,16.0,within_boundary,0.05,3.38,0.0,1650.0,705.23,537.8,965.67,False,TECH_WIND_ONSHORE,27
kek-sorong,18.0,within_boundary,0.05,3.38,0.0,1650.0,777.27,590.19,1068.27,False,TECH_WIND_ONSHORE,27
kek-sorong,20.0,within_boundary,0.05,3.38,0.0,1650.0,850.27,643.29,1172.25,False,TECH_WIND_ONSHORE,27
kek-sorong,4.0,grid_connected_solar,0.2353,6.46,95.2,1790.2,72.59,59.22,93.39,False,TECH_WIND_ONSHORE,27
kek-sorong,6.0,grid_connected_solar,0.2353,6.46,95.2,1790.2,85.15,68.62,110.85,False,TECH_WIND_ONSHORE,27
kek-sorong,8.0,grid_connected_solar,0.2353,6.46,95.2,1790.2,98.83,78.86,129.88,False,TECH_WIND_ONSHORE,27
kek-sorong,10.0,grid_connected_solar,0.2353,6.46,95.2,1790.2,113.43,89.79,150.19,False,TECH_WIND_ONSHORE,27
kek-sorong,12.0,grid_connected_solar,0.2353,6.46,95.2,1790.2,128.75,101.27,171.51,False,TECH_WIND_ONSHORE,27
kek-sorong,14.0,grid_connected_solar,0.2353,6.46,95.2,1790.2,144.64,113.16,193.6,False,TECH_WIND_ONSHORE,27
kek-sorong,16.0,grid_connected_solar,0.2353,6.46,95.2,1790.2,160.94,125.36,216.28,False,TECH_WIND_ONSHORE,27
kek-sorong,18.0,grid_connected_solar,0.2353,6.46,95.2,1790.2,177.55,137.79,239.38,False,TECH_WIND_ONSHORE,27
kek-sorong,20.0,grid_connected_solar,0.2353,6.46,95.2,1790.2,194.38,150.39,262.8,False,TECH_WIND_ONSHORE,27
kek-singhasari,4.0,within_boundary,0.05,3.16,0.0,1650.0,322.02,259.1,419.89,False,TECH_WIND_ONSHORE,27
kek-singhasari,6.0,within_boundary,0.05,3.16,0.0,1650.0,376.48,298.71,497.46,False,TECH_WIND_ONSHORE,27
kek-singhasari,8.0,within_boundary,0.05,3.16,0.0,1650.0,435.82,341.87,581.97,False,TECH_WIND_ONSHORE,27
kek-singhasari,10.0,within_boundary,0.05,3.16,0.0,1650.0,499.14,387.92,672.16,False,TECH_WIND_ONSHORE,27
kek-singhasari,12.0,within_boundary,0.05,3.16,0.0,1650.0,565.62,436.27,766.84,False,TECH_WIND_ONSHORE,27
kek-singhasari,14.0,within_boundary,0.05,3.16,0.0,1650.0,634.52,486.37,864.96,False,TECH_WIND_ONSHORE,27
kek-singhasari,16.0,within_boundary,0.05,3.16,0.0,1650.0,705.23,537.8,965.67,False,TECH_WIND_ONSHORE,27
kek-singhasari,18.0,within_boundary,0.05,3.16,0.0,1650.0,777.27,590.19,1068.27,False,TECH_WIND_ONSHORE,27
kek-singhasari,20.0,within_boundary,0.05,3.16,0.0,1650.0,850.27,643.29,1172.25,False,TECH_WIND_ONSHORE,27
kek-singhasari,4.0,grid_connected_solar,0.2096,5.85,100.0,1795.0,81.65,66.65,105.0,False,TECH_WIND_ONSHORE,27
kek-singhasari,6.0,grid_connected_solar,0.2096,5.85,100.0,1795.0,95.79,77.24,124.65,False,TECH_WIND_ONSHORE,27
kek-singhasari,8.0,grid_connected_solar,0.2096,5.85,100.0,1795.0,111.19,88.78,146.05,False,TECH_WIND_ONSHORE,27
kek-singhasari,10.0,grid_connected_solar,0.2096,5.85,100.0,1795.0,127.62,101.09,168.9,False,TECH_WIND_ONSHORE,27
kek-singhasari,12.0,grid_connected_solar,0.2096,5.85,100.0,1795.0,144.87,114.02,192.87,False,TECH_WIND_ONSHORE,27
kek-singhasari,14.0,grid_connected_solar,0.2096,5.85,100.0,1795.0,162.75,127.42,217.73,False,TECH_WIND_ONSHORE,27
kek-singhasari,16.0,grid_connected_solar,0.2096,5.85,100.0,1795.0,181.11,141.17,243.23,False,TECH_WIND_ONSHORE,27
kek-singhasari,18.0,grid_connected_solar,0.2096,5.85,100.0,1795.0,199.8,155.17,269.22,False,TECH_WIND_ONSHORE,27
kek-singhasari,20.0,grid_connected_solar,0.2096,5.85,100.0,1795.0,218.75,169.37,295.56,False,TECH_WIND_ONSHORE,27
kek-morotai,4.0,within_boundary,0.05,3.04,0.0,1650.0,322.02,259.1,419.89,False,TECH_WIND_ONSHORE,27
kek-morotai,6.0,within_boundary,0.05,3.04,0.0,1650.0,376.48,298.71,497.46,False,TECH_WIND_ONSHORE,27
kek-morotai,8.0,within_boundary,0.05,3.04,0.0,1650.0,435.82,341.87,581.97,False,TECH_WIND_ONSHORE,27
kek-morotai,10.0,within_boundary,0.05,3.04,0.0,1650.0,499.14,387.92,672.16,False,TECH_WIND_ONSHORE,27
kek-morotai,12.0,within_boundary,0.05,3.04,0.0,1650.0,565.62,436.27,766.84,False,TECH_WIND_ONSHORE,27
kek-morotai,14.0,within_boundary,0.05,3.04,0.0,1650.0,634.52,486.37,864.96,False,TECH_WIND_ONSHORE,27
kek-morotai,16.0,within_boundary,0.05,3.04,0.0,1650.0,705.23,537.8,965.67,False,TECH_WIND_ONSHORE,27
kek-morotai,18.0,within_boundary,0.05,3.04,0.0,1650.0,777.27,590.19,1068.27,False,TECH_WIND_ONSHORE,27
kek-morotai,20.0,within_boundary,0.05,3.04,0.0,1650.0,850.27,643.29,1172.25,False,TECH_WIND_ONSHORE,27
kek-morotai,4.0,grid_connected_solar,0.2218,6.06,929.9,2624.9,103.32,89.14,125.38,False,TECH_WIND_ONSHORE,27
kek-morotai,6.0,grid_connected_solar,0.2218,6.06,929.9,2624.9,122.85,105.32,150.12,False,TECH_WIND_ONSHORE,27
kek-morotai,8.0,grid_connected_solar,0.2218,6.06,929.9,2624.9,144.13,122.95,177.08,False,TECH_WIND_ONSHORE,27
kek-morotai,10.0,grid_connected_solar,0.2218,6.06,929.9,2624.9,166.84,141.77,205.84,False,TECH_WIND_ONSHORE,27
kek-morotai,12.0,grid_connected_solar,0.2218,6.06,929.9,2624.9,190.68,161.52,236.04,False,TECH_WIND_ONSHORE,27
kek-morotai,14.0,grid_connected_solar,0.2218,6.06,929.9,2624.9,215.39,181.99,267.34,False,TECH_WIND_ONSHORE,27
kek-morotai,16.0,grid_connected_solar,0.2218,6.06,929.9,2624.9,240.75,203.0,299.46,False,TECH_WIND_ONSHORE,27
kek-morotai,18.0,grid_connected_solar,0.2218,6.06,929.9,2624.9,266.58,224.41,332.18,False,TECH_WIND_ONSHORE,27
kek-morotai,20.0,grid_connected_solar,0.2218,6.06,929.9,2624.9,292.76,246.1,365.35,False,TECH_WIND_ONSHORE,27
kek-gresik,4.0,within_boundary,0.0821,4.03,0.0,1650.0,196.11,157.8,255.72,False,TECH_WIND_ONSHORE,27
kek-gresik,6.0,within_boundary,0.0821,4.03,0.0,1650.0,229.28,181.92,302.96,False,TECH_WIND_ONSHORE,27
kek-gresik,8.0,within_boundary,0.0821,4.03,0.0,1650.0,265.42,208.2,354.43,False,TECH_WIND_ONSHORE,27
kek-gresik,10.0,within_boundary,0.0821,4.03,0.0,1650.0,303.99,236.25,409.35,False,TECH_WIND_ONSHORE,27
kek-gresik,12.0,within_boundary,0.0821,4.03,0.0,1650.0,344.47,265.69,467.01,False,TECH_WIND_ONSHORE,27
kek-gresik,14.0,within_boundary,0.0821,4.03,0.0,1650.0,386.43,296.21,526.77,False,TECH_WIND_ONSHORE,27
kek-gresik,16.0,within_boundary,0.0821,4.03,0.0,1650.0,429.49,327.53,588.11,False,TECH_WIND_ONSHORE,27
kek-gresik,18.0,within_boundary,0.0821,4.03,0.0,1650.0,473.37,359.43,650.59,False,TECH_WIND_ONSHORE,27
kek-gresik,20.0,within_boundary,0.0821,4.03,0.0,1650.0,517.83,391.77,713.92,False,TECH_WIND_ONSHORE,27
kek-gresik,4.0,grid_connected_solar,0.1498,5.0,97.8,1792.8,114.14,93.14,146.81,False,TECH_WIND_ONSHORE,27
kek-gresik,6.0,grid_connected_solar,0.1498,5.0,97.8,1792.8,133.9,107.94,174.28,False,TECH_WIND_ONSHORE,27
kek-gresik,8.0,grid_connected_solar,0.1498,5.0,97.8,1792.8,155.42,124.06,204.2,False,TECH_WIND_ONSHORE,27
kek-gresik,10.0,grid_connected_solar,0.1498,5.0,97.8,1792.8,178.38,141.26,236.13,False,TECH_WIND_ONSHORE,27
kek-gresik,12.0,grid_connected_solar,0.1498,5.0,97.8,1792.8,202.49,159.31,269.65,False,TECH_WIND_ONSHORE,27
kek-gresik,14.0,grid_connected_solar,0.1498,5.0,97.8,1792.8,227.47,178.03,304.39,False,TECH_WIND_ONSHORE,27
kek-gresik,16.0,grid_connected_solar,0.1498,5.0,97.8,1792.8,253.12,197.23,340.05,False,TECH_WIND_ONSHORE,27
kek-gresik,18.0,grid_connected_solar,0.1498,5.0,97.8,1792.8,279.24,216.8,376.37,False,TECH_WIND_ONSHORE,27
kek-gresik,20.0,grid_connected_solar,0.1498,5.0,97.8,1792.8,305.72,236.63,413.19,False,TECH_WIND_ONSHORE,27
kek-likupang,4.0,within_boundary,0.0868,4.1,0.0,1650.0,185.49,149.25,241.87,False,TECH_WIND_ONSHORE,27
kek-likupang,6.0,within_boundary,0.0868,4.1,0.0,1650.0,216.87,172.07,286.56,False,TECH_WIND_ONSHORE,27
kek-likupang,8.0,within_boundary,0.0868,4.1,0.0,1650.0,251.05,196.93,335.24,False,TECH_WIND_ONSHORE,27
kek-likupang,10.0,within_boundary,0.0868,4.1,0.0,1650.0,287.53,223.46,387.19,False,TECH_WIND_ONSHORE,27
kek-likupang,12.0,within_boundary,0.0868,4.1,0.0,1650.0,325.82,251.31,441.73,False,TECH_WIND_ONSHORE,27
kek-likupang,14.0,within_boundary,0.0868,4.1,0.0,1650.0,365.5,280.17,498.25,False,TECH_WIND_ONSHORE,27
kek-likupang,16.0,within_boundary,0.0868,4.1,0.0,1650.0,406.24,309.79,556.26,False,TECH_WIND_ONSHORE,27
kek-likupang,18.0,within_boundary,0.0868,4.1,0.0,1650.0,447.73,339.97,615.36,False,TECH_WIND_ONSHORE,27
kek-likupang,20.0,within_boundary,0.0868,4.1,0.0,1650.0,489.79,370.56,675.26,False,TECH_WIND_ONSHORE,27
kek-likupang,4.0,grid_connected_solar,0.3769,9.92,95.3,1790.3,45.32,36.98,58.31,False,TECH_WIND_ONSHORE,27
kek-likupang,6.0,grid_connected_solar,0.3769,9.92,95.3,1790.3,53.16,42.85,69.21,False,TECH_WIND_ONSHORE,27
kek-likupang,8.0,grid_connected_solar,0.3769,9.92,95.3,1790.3,61.7,49.24,81.09,False,TECH_WIND_ONSHORE,27
kek-likupang,10.0,grid_connected_solar,0.3769,9.92,95.3,1790.3,70.82,56.06,93.77,False,TECH_WIND_ONSHORE,27
kek-likupang,12.0,grid_connected_solar,0.3769,9.92,95.3,1790.3,80.39,63.23,107.08,False,TECH_WIND_ONSHORE,27
kek-likupang,14.0,grid_connected_solar,0.3769,9.92,95.3,1790.3,90.31,70.65,120.88,False,TECH_WIND_ONSHORE,27
kek-likupang,16.0,grid_connected_solar,0.3769,9.92,95.3,1790.3,100.48,78.27,135.03,False,TECH_WIND_ONSHORE,27
kek-likupang,18.0,grid_connected_solar,0.3769,9.92,95.3,1790.3,110.85,86.04,149.46,False,TECH_WIND_ONSHORE,27
kek-likupang,20.0,grid_connected_solar,0.3769,9.92,95.3,1790.3,121.36,93.9,164.08,False,TECH_WIND_ONSHORE,27
kek-bitung,4.0,within_boundary,0.05,3.0,0.0,1650.0,322.02,259.1,419.89,False,TECH_WIND_ONSHORE,27
kek-bitung,6.0,within_boundary,0.05,3.0,0.0,1650.0,376.48,298.71,497.46,False,TECH_WIND_ONSHORE,27
kek-bitung,8.0,within_boundary,0.05,3.0,0.0,1650.0,435.82,341.87,581.97,False,TECH_WIND_ONSHORE,27
kek-bitung,10.0,within_boundary,0.05,3.0,0.0,1650.0,499.14,387.92,672.16,False,TECH_WIND_ONSHORE,27
kek-bitung,12.0,within_boundary,0.05,3.0,0.0,1650.0,565.62,436.27,766.84,False,TECH_WIND_ONSHORE,27
kek-bitung,14.0,within_boundary,0.05,3.0,0.0,1650.0,634.52,486.37,864.96,False,TECH_WIND_ONSHORE,27
kek-bitung,16.0,within_boundary,0.05,3.0,0.0,1650.0,705.23,537.8,965.67,False,TECH_WIND_ONSHORE,27
kek-bitung,18.0,within_boundary,0.05,3.0,0.0,1650.0,777.27,590.19,1068.27,False,TECH_WIND_ONSHORE,27
kek-bitung,20.0,within_boundary,0.05,3.0,0.0,1650.0,850.27,643.29,1172.25,False,TECH_WIND_ONSHORE,27
kek-bitung,4.0,grid_connected_solar,0.3769,9.92,108.5,1803.5,45.57,37.22,58.55,False,TECH_WIND_ONSHORE,27
kek-bitung,6.0,grid_connected_solar,0.3769,9.92,108.5,1803.5,53.46,43.15,69.51,False,TECH_WIND_ONSHORE,27
kek-bitung,8.0,grid_connected_solar,0.3769,9.92,108.5,1803.5,62.07,49.6,81.46,False,TECH_WIND_ONSHORE,27
kek-bitung,10.0,grid_connected_solar,0.3769,9.92,108.5,1803.5,71.25,56.49,94.2,False,TECH_WIND_ONSHORE,27
kek-bitung,12.0,grid_connected_solar,0.3769,9.92,108.5,1803.5,80.89,63.73,107.58,False,TECH_WIND_ONSHORE,27
kek-bitung,14.0,grid_connected_solar,0.3769,9.92,108.5,1803.5,90.88,71.22,121.45,False,TECH_WIND_ONSHORE,27
kek-bitung,16.0,grid_connected_solar,0.3769,9.92,108.5,1803.5,101.13,78.92,135.68,False,TECH_WIND_ONSHORE,27
kek-bitung,18.0,grid_connected_solar,0.3769,9.92,108.5,1803.5,111.58,86.76,150.18,False,TECH_WIND_ONSHORE,27
kek-bitung,20.0,grid_connected_solar,0.3769,9.92,108.5,1803.5,122.16,94.7,164.88,False,TECH_WIND_ONSHORE,27
kek-palu,4.0,within_boundary,0.0,2.66,0.0,1650.0,,,,False,TECH_WIND_ONSHORE,27
kek-palu,6.0,within_boundary,0.0,2.66,0.0,1650.0,,,,False,TECH_WIND_ONSHORE,27
kek-palu,8.0,within_boundary,0.0,2.66,0.0,1650.0,,,,False,TECH_WIND_ONSHORE,27
kek-palu,10.0,within_boundary,0.0,2.66,0.0,1650.0,,,,False,TECH_WIND_ONSHORE,27
kek-palu,12.0,within_boundary,0.0,2.66,0.0,1650.0,,,,False,TECH_WIND_ONSHORE,27
kek-palu,14.0,within_boundary,0.0,2.66,0.0,1650.0,,,,False,TECH_WIND_ONSHORE,27
kek-palu,16.0,within_boundary,0.0,2.66,0.0,1650.0,,,,False,TECH_WIND_ONSHORE,27
kek-palu,18.0,within_boundary,0.0,2.66,0.0,1650.0,,,,False,TECH_WIND_ONSHORE,27
kek-palu,20.0,within_boundary,0.0,2.66,0.0,1650.0,,,,False,TECH_WIND_ONSHORE,27
kek-palu,4.0,grid_connected_solar,0.2258,6.17,87.0,1782.0,75.39,61.46,97.06,False,TECH_WIND_ONSHORE,27
kek-palu,6.0,grid_connected_solar,0.2258,6.17,87.0,1782.0,88.42,71.2,115.21,False,TECH_WIND_ONSHORE,27
kek-palu,8.0,grid_connected_solar,0.2258,6.17,87.0,1782.0,102.61,81.8,134.97,False,TECH_WIND_ONSHORE,27
kek-palu,10.0,grid_connected_solar,0.2258,6.17,87.0,1782.0,117.75,93.12,156.06,False,TECH_WIND_ONSHORE,27
kek-palu,12.0,grid_connected_solar,0.2258,6.17,87.0,1782.0,133.65,105.0,178.2,False,TECH_WIND_ONSHORE,27
kek-palu,14.0,grid_connected_solar,0.2258,6.17,87.0,1782.0,150.12,117.32,201.15,False,TECH_WIND_ONSHORE,27
kek-palu,16.0,grid_connected_solar,0.2258,6.17,87.0,1782.0,167.03,129.96,224.7,False,TECH_WIND_ONSHORE,27
kek-palu,18.0,grid_connected_solar,0.2258,6.17,87.0,1782.0,184.26,142.84,248.7,False,TECH_WIND_ONSHORE,27
kek-palu,20.0,grid_connected_solar,0.2258,6.17,87.0,1782.0,201.72,155.89,273.02,False,TECH_WIND_ONSHORE,27
kek-kura-kura,4.0,within_boundary,0.0582,3.73,0.0,1650.0,276.65,222.6,360.73,False,TECH_WIND_ONSHORE,27
kek-kura-kura,6.0,within_boundary,0.0582,3.73,0.0,1650.0,323.44,256.63,427.37,False,TECH_WIND_ONSHORE,27
kek-kura-kura,8.0,within_boundary,0.0582,3.73,0.0,1650.0,374.42,293.7,499.97,False,TECH_WIND_ONSHORE,27
kek-kura-kura,10.0,within_boundary,0.0582,3.73,0.0,1650.0,428.82,333.27,577.46,False,TECH_WIND_ONSHORE,27
kek-kura-kura,12.0,within_boundary,0.0582,3.73,0.0,1650.0,485.93,374.8,658.79,False,TECH_WIND_ONSHORE,27
kek-kura-kura,14.0,within_boundary,0.0582,3.73,0.0,1650.0,545.12,417.85,743.09,False,TECH_WIND_ONSHORE,27
kek-kura-kura,16.0,within_boundary,0.0582,3.73,0.0,1650.0,605.86,462.03,829.61,False,TECH_WIND_ONSHORE,27
kek-kura-kura,18.0,within_boundary,0.0582,3.73,0.0,1650.0,667.76,507.04,917.76,False,TECH_WIND_ONSHORE,27
kek-kura-kura,20.0,within_boundary,0.0582,3.73,0.0,1650.0,730.48,552.65,1007.09,False,TECH_WIND_ONSHORE,27
kek-kura-kura,4.0,grid_connected_solar,0.2928,7.96,96.1,1791.1,58.36,47.61,75.07,False,TECH_WIND_ONSHORE,27
kek-kura-kura,6.0,grid_connected_solar,0.2928,7.96,96.1,1791.1,68.45,55.17,89.11,False,TECH_WIND_ONSHORE,27
kek-kura-kura,8.0,grid_connected_solar,0.2928,7.96,96.1,1791.1,79.45,63.41,104.41,False,TECH_WIND_ONSHORE,27
kek-kura-kura,10.0,grid_connected_solar,0.2928,7.96,96.1,1791.1,91.19,72.2,120.74,False,TECH_WIND_ONSHORE,27
kek-kura-kura,12.0,grid_connected_solar,0.2928,7.96,96.1,1791.1,103.51,81.43,137.88,False,TECH_WIND_ONSHORE,27
kek-kura-kura,14.0,grid_connected_solar,0.2928,7.96,96.1,1791.1,116.29,90.99,155.64,False,TECH_WIND_ONSHORE,27
kek-kura-kura,16.0,grid_connected_solar,0.2928,7.96,96.1,1791.1,129.39,100.8,173.87,False,TECH_WIND_ONSHORE,27
kek-kura-kura,18.0,grid_connected_solar,0.2928,7.96,96.1,1791.1,142.75,110.8,192.44,False,TECH_WIND_ONSHORE,27
kek-kura-kura,20.0,grid_connected_solar,0.2928,7.96,96.1,1791.1,156.28,120.93,211.26,False,TECH_WIND_ONSHORE,27
kek-galang-batang,4.0,within_boundary,0.1056,4.37,0.0,1650.0,152.47,122.68,198.81,False,TECH_WIND_ONSHORE,27
kek-galang-batang,6.0,within_boundary,0.1056,4.37,0.0,1650.0,178.26,141.44,235.54,False,TECH_WIND_ONSHORE,27
kek-galang-batang,8.0,within_boundary,0.1056,4.37,0.0,1650.0,206.35,161.87,275.55,False,TECH_WIND_ONSHORE,27
kek-galang-batang,10.0,within_boundary,0.1056,4.37,0.0,1650.0,236.34,183.67,318.26,False,TECH_WIND_ONSHORE,27
kek-galang-batang,12.0,within_boundary,0.1056,4.37,0.0,1650.0,267.81,206.57,363.09,False,TECH_WIND_ONSHORE,27
kek-galang-batang,14.0,within_boundary,0.1056,4.37,0.0,1650.0,300.43,230.29,409.55,False,TECH_WIND_ONSHORE,27
kek-galang-batang,16.0,within_boundary,0.1056,4.37,0.0,1650.0,333.91,254.64,457.23,False,TECH_WIND_ONSHORE,27
kek-galang-batang,18.0,within_boundary,0.1056,4.37,0.0,1650.0,368.02,279.45,505.81,False,TECH_WIND_ONSHORE,27
kek-galang-batang,20.0,within_boundary,0.1056,4.37,0.0,1650.0,402.59,304.59,555.04,False,TECH_WIND_ONSHORE,27
kek-galang-batang,4.0,grid_connected_solar,0.2277,6.23,93.4,1788.4,74.96,61.14,96.45,False,TECH_WIND_ONSHORE,27
kek-galang-batang,6.0,grid_connected_solar,0.2277,6.23,93.4,1788.4,87.92,70.85,114.49,False,TECH_WIND_ONSHORE,27
kek-galang-batang,8.0,grid_connected_solar,0.2277,6.23,93.4,1788.4,102.05,81.41,134.14,False,TECH_WIND_ONSHORE,27
kek-galang-batang,10.0,grid_connected_solar,0.2277,6.23,93.4,1788.4,117.12,92.69,155.11,False,TECH_WIND_ONSHORE,27
kek-galang-batang,12.0,grid_connected_solar,0.2277,6.23,93.4,1788.4,132.94,104.53,177.12,False,TECH_WIND_ONSHORE,27
kek-galang-batang,14.0,grid_connected_solar,0.2277,6.23,93.4,1788.4,149.34,116.81,199.94,False,TECH_WIND_ONSHORE,27
kek-galang-batang,16.0,grid_connected_solar,0.2277,6.23,93.4,1788.4,166.17,129.4,223.36,False,TECH_WIND_ONSHORE,27
kek-galang-batang,18.0,grid_connected_solar,0.2277,6.23,93.4,1788.4,183.31,142.23,247.21,False,TECH_WIND_ONSHORE,27
kek-galang-batang,20.0,grid_connected_solar,0.2277,6.23,93.4,1788.4,200.69,155.24,271.39,False,TECH_WIND_ONSHORE,27
kek-maloy-batuta,4.0,within_boundary,0.05,3.32,0.0,1650.0,322.02,259.1,419.89,False,TECH_WIND_ONSHORE,27
kek-maloy-batuta,6.0,within_boundary,0.05,3.32,0.0,1650.0,376.48,298.71,497.46,False,TECH_WIND_ONSHORE,27
kek-maloy-batuta,8.0,within_boundary,0.05,3.32,0.0,1650.0,435.82,341.87,581.97,False,TECH_WIND_ONSHORE,27
kek-maloy-batuta,10.0,within_boundary,0.05,3.32,0.0,1650.0,499.14,387.92,672.16,False,TECH_WIND_ONSHORE,27
kek-maloy-batuta,12.0,within_boundary,0.05,3.32,0.0,1650.0,565.62,436.27,766.84,False,TECH_WIND_ONSHORE,27
kek-maloy-batuta,14.0,within_boundary,0.05,3.32,0.0,1650.0,634.52,486.37,864.96,False,TECH_WIND_ONSHORE,27
kek-maloy-batuta,16.0,within_boundary,0.05,3.32,0.0,1650.0,705.23,537.8,965.67,False,TECH_WIND_ONSHORE,27
kek-maloy-batuta,18.0,within_boundary,0.05,3.32,0.0,1650.0,777.27,590.19,1068.27,False,TECH_WIND_ONSHORE,27
kek-maloy-batuta,20.0,within_boundary,0.05,3.32,0.0,1650.0,850.27,643.29,1172.25,False,TECH_WIND_ONSHORE,27
kek-maloy-batuta,4.0,grid_connected_solar,0.2013,5.73,385.6,2080.6,94.94,79.31,119.25,False,TECH_WIND_ONSHORE,27
kek-maloy-batuta,6.0,grid_connected_solar,0.2013,5.73,385.6,2080.6,112.0,92.68,142.04,False,TECH_WIND_ONSHORE,27
kek-maloy-batuta,8.0,grid_connected_solar,0.2013,5.73,385.6,2080.6,130.58,107.24,166.88,False,TECH_WIND_ONSHORE,27
kek-maloy-batuta,10.0,grid_connected_solar,0.2013,5.73,385.6,2080.6,150.41,122.79,193.39,False,TECH_WIND_ONSHORE,27
kek-maloy-batuta,12.0,grid_connected_solar,0.2013,5.73,385.6,2080.6,171.23,139.1,221.21,False,TECH_WIND_ONSHORE,27
kek-maloy-batuta,14.0,grid_connected_solar,0.2013,5.73,385.6,2080.6,192.81,156.01,250.05,False,TECH_WIND_ONSHORE,27
kek-maloy-batuta,16.0,grid_connected_solar,0.2013,5.73,385.6,2080.6,214.96,173.37,279.65,False,TECH_WIND_ONSHORE,27
kek-maloy-batuta,18.0,grid_connected_solar,0.2013,5.73,385.6,2080.6,237.52,191.05,309.8,False,TECH_WIND_ONSHORE,27
kek-maloy-batuta,20.0,grid_connected_solar,0.2013,5.73,385.6,2080.6,260.39,208.97,340.36,False,TECH_WIND_ONSHORE,27
kek-nongsa,4.0,within_boundary,0.0908,4.15,0.0,1650.0,177.32,142.68,231.22,False,TECH_WIND_ONSHORE,27
kek-nongsa,6.0,within_boundary,0.0908,4.15,0.0,1650.0,207.32,164.49,273.93,False,TECH_WIND_ONSHORE,27
kek-nongsa,8.0,within_boundary,0.0908,4.15,0.0,1650.0,239.99,188.25,320.47,False,TECH_WIND_ONSHORE,27
kek-nongsa,10.0,within_boundary,0.0908,4.15,0.0,1650.0,274.86,213.61,370.13,False,TECH_WIND_ONSHORE,27
kek-nongsa,12.0,within_boundary,0.0908,4.15,0.0,1650.0,311.47,240.24,422.27,False,TECH_WIND_ONSHORE,27
kek-nongsa,14.0,within_boundary,0.0908,4.15,0.0,1650.0,349.4,267.83,476.3,False,TECH_WIND_ONSHORE,27
kek-nongsa,16.0,within_boundary,0.0908,4.15,0.0,1650.0,388.34,296.14,531.76,False,TECH_WIND_ONSHORE,27
kek-nongsa,18.0,within_boundary,0.0908,4.15,0.0,1650.0,428.01,325.0,588.26,False,TECH_WIND_ONSHORE,27
kek-nongsa,20.0,within_boundary,0.0908,4.15,0.0,1650.0,468.21,354.23,645.51,False,TECH_WIND_ONSHORE,27
kek-nongsa,4.0,grid_connected_solar,0.2277,6.23,101.7,1796.7,75.21,61.4,96.71,False,TECH_WIND_ONSHORE,27
kek-nongsa,6.0,grid_connected_solar,0.2277,6.23,101.7,1796.7,88.24,71.16,114.8,False,TECH_WIND_ONSHORE,27
kek-nongsa,8.0,grid_connected_solar,0.2277,6.23,101.7,1796.7,102.43,81.8,134.52,False,TECH_WIND_ONSHORE,27
kek-nongsa,10.0,grid_connected_solar,0.2277,6.23,101.7,1796.7,117.57,93.14,155.56,False,TECH_WIND_ONSHORE,27
kek-nongsa,12.0,grid_connected_solar,0.2277,6.23,101.7,1796.7,133.46,105.06,177.65,False,TECH_WIND_ONSHORE,27
kek-nongsa,14.0,grid_connected_solar,0.2277,6.23,101.7,1796.7,149.94,117.41,200.54,False,TECH_WIND_ONSHORE,27
kek-nongsa,16.0,grid_connected_solar,0.2277,6.23,101.7,1796.7,166.84,130.08,224.03,False,TECH_WIND_ONSHORE,27
kek-nongsa,18.0,grid_connected_solar,0.2277,6.23,101.7,1796.7,184.07,142.99,247.97,False,TECH_WIND_ONSHORE,27
kek-nongsa,20.0,grid_connected_solar,0.2277,6.23,101.7,1796.7,201.53,156.07,272.23,False,TECH_WIND_ONSHORE,27
kek-mandalika,4.0,within_boundary,0.0987,4.27,0.0,1650.0,163.13,131.26,212.71,False,TECH_WIND_ONSHORE,27
kek-mandalika,6.0,within_boundary,0.0987,4.27,0.0,1650.0,190.72,151.32,252.01,False,TECH_WIND_ONSHORE,27
kek-mandalika,8.0,within_boundary,0.0987,4.27,0.0,1650.0,220.78,173.18,294.82,False,TECH_WIND_ONSHORE,27
kek-mandalika,10.0,within_boundary,0.0987,4.27,0.0,1650.0,252.86,196.51,340.51,False,TECH_WIND_ONSHORE,27
kek-mandalika,12.0,within_boundary,0.0987,4.27,0.0,1650.0,286.54,221.01,388.47,False,TECH_WIND_ONSHORE,27
kek-mandalika,14.0,within_boundary,0.0987,4.27,0.0,1650.0,321.44,246.39,438.18,False,TECH_WIND_ONSHORE,27
kek-mandalika,16.0,within_boundary,0.0987,4.27,0.0,1650.0,357.26,272.44,489.19,False,TECH_WIND_ONSHORE,27
kek-mandalika,18.0,within_boundary,0.0987,4.27,0.0,1650.0,393.75,298.98,541.17,False,TECH_WIND_ONSHORE,27
kek-mandalika,20.0,within_boundary,0.0987,4.27,0.0,1650.0,430.74,325.88,593.85,False,TECH_WIND_ONSHORE,27
kek-mandalika,4.0,grid_connected_solar,0.3352,8.88,106.5,1801.5,51.19,41.81,65.79,False,TECH_WIND_ONSHORE,27
kek-mandalika,6.0,grid_connected_solar,0.3352,8.88,106.5,1801.5,60.06,48.46,78.11,False,TECH_WIND_ONSHORE,27
kek-mandalika,8.0,grid_connected_solar,0.3352,8.88,106.5,1801.5,69.73,55.71,91.53,False,TECH_WIND_ONSHORE,27
kek-mandalika,10.0,grid_connected_solar,0.3352,8.88,106.5,1801.5,80.04,63.45,105.85,False,TECH_WIND_ONSHORE,27
kek-mandalika,12.0,grid_connected_solar,0.3352,8.88,106.5,1801.5,90.87,71.57,120.88,False,TECH_WIND_ONSHORE,27
kek-mandalika,14.0,grid_connected_solar,0.3352,8.88,106.5,1801.5,102.09,79.99,136.46,False,TECH_WIND_ONSHORE,27
kek-mandalika,16.0,grid_connected_solar,0.3352,8.88,106.5,1801.5,113.6,88.63,152.45,False,TECH_WIND_ONSHORE,27
kek-mandalika,18.0,grid_connected_solar,0.3352,8.88,106.5,1801.5,125.34,97.43,168.74,False,TECH_WIND_ONSHORE,27
kek-mandalika,20.0,grid_connected_solar,0.3352,8.88,106.5,1801.5,137.23,106.35,185.25,False,TECH_WIND_ONSHORE,27
kek-batam-aero-technic,4.0,within_boundary,0.097,4.24,0.0,1650.0,165.99,133.56,216.44,False,TECH_WIND_ONSHORE,27
kek-batam-aero-technic,6.0,within_boundary,0.097,4.24,0.0,1650.0,194.06,153.98,256.42,False,TECH_WIND_ONSHORE,27
kek-batam-aero-technic,8.0,within_boundary,0.097,4.24,0.0,1650.0,224.65,176.22,299.98,False,TECH_WIND_ONSHORE,27
kek-batam-aero-technic,10.0,within_boundary,0.097,4.24,0.0,1650.0,257.29,199.96,346.47,False,TECH_WIND_ONSHORE,27
kek-batam-aero-technic,12.0,within_boundary,0.097,4.24,0.0,1650.0,291.56,224.88,395.28,False,TECH_WIND_ONSHORE,27
kek-batam-aero-technic,14.0,within_boundary,0.097,4.24,0.0,1650.0,327.07,250.71,445.86,False,TECH_WIND_ONSHORE,27
kek-batam-aero-technic,16.0,within_boundary,0.097,4.24,0.0,1650.0,363.52,277.22,497.77,False,TECH_WIND_ONSHORE,27
kek-batam-aero-technic,18.0,within_boundary,0.097,4.24,0.0,1650.0,400.65,304.22,550.66,False,TECH_WIND_ONSHORE,27
kek-batam-aero-technic,20.0,within_boundary,0.097,4.24,0.0,1650.0,438.29,331.59,604.25,False,TECH_WIND_ONSHORE,27
kek-batam-aero-technic,4.0,grid_connected_solar,0.2277,6.23,97.7,1792.7,75.09,61.27,96.58,False,TECH_WIND_ONSHORE,27
kek-batam-aero-technic,6.0,grid_connected_solar,0.2277,6.23,97.7,1792.7,88.08,71.01,114.65,False,TECH_WIND_ONSHORE,27
kek-batam-aero-technic,8.0,grid_connected_solar,0.2277,6.23,97.7,1792.7,102.24,81.61,134.33,False,TECH_WIND_ONSHORE,27
kek-batam-aero-technic,10.0,grid_connected_solar,0.2277,6.23,97.7,1792.7,117.35,92.92,155.34,False,TECH_WIND_ONSHORE,27
kek-batam-aero-technic,12.0,grid_connected_solar,0.2277,6.23,97.7,1792.7,133.21,104.8,177.39,False,TECH_WIND_ONSHORE,27
kek-batam-aero-technic,14.0,grid_connected_solar,0.2277,6.23,97.7,1792.7,149.64,117.11,200.25,False,TECH_WIND_ONSHORE,27
kek-batam-aero-technic,16.0,grid_connected_solar,0.2277,6.23,97.7,1792.7,166.51,129.75,223.7,False,TECH_WIND_ONSHORE,27
kek-batam-aero-technic,18.0,grid_connected_solar,0.2277,6.23,97.7,1792.7,183.7,142.62,247.6,False,TECH_WIND_ONSHORE,27
kek-batam-aero-technic,20.0,grid_connected_solar,0.2277,6.23,97.7,1792.7,201.12,155.67,271.82,False,TECH_WIND_ONSHORE,27
kek-tanjung-kelayang,4.0,within_boundary,0.0842,4.06,0.0,1650.0,191.22,153.86,249.34,False,TECH_WIND_ONSHORE,27
kek-tanjung-kelayang,6.0,within_boundary,0.0842,4.06,0.0,1650.0,223.57,177.38,295.4,False,TECH_WIND_ONSHORE,27
kek-tanjung-kelayang,8.0,within_boundary,0.0842,4.06,0.0,1650.0,258.8,203.01,345.59,False,TECH_WIND_ONSHORE,27
kek-tanjung-kelayang,10.0,within_boundary,0.0842,4.06,0.0,1650.0,296.4,230.36,399.14,False,TECH_WIND_ONSHORE,27
kek-tanjung-kelayang,12.0,within_boundary,0.0842,4.06,0.0,1650.0,335.88,259.07,455.37,False,TECH_WIND_ONSHORE,27
kek-tanjung-kelayang,14.0,within_boundary,0.0842,4.06,0.0,1650.0,376.79,288.82,513.64,False,TECH_WIND_ONSHORE,27
kek-tanjung-kelayang,16.0,within_boundary,0.0842,4.06,0.0,1650.0,418.78,319.36,573.44,False,TECH_WIND_ONSHORE,27
kek-tanjung-kelayang,18.0,within_boundary,0.0842,4.06,0.0,1650.0,461.56,350.47,634.37,False,TECH_WIND_ONSHORE,27
kek-tanjung-kelayang,20.0,within_boundary,0.0842,4.06,0.0,1650.0,504.91,382.0,696.11,False,TECH_WIND_ONSHORE,27
kek-tanjung-kelayang,4.0,grid_connected_solar,0.2206,6.02,97.7,1792.7,77.51,63.25,99.69,False,TECH_WIND_ONSHORE,27
kek-tanjung-kelayang,6.0,grid_connected_solar,0.2206,6.02,97.7,1792.7,90.92,73.29,118.34,False,TECH_WIND_ONSHORE,27
kek-tanjung-kelayang,8.0,grid_connected_solar,0.2206,6.02,97.7,1792.7,105.53,84.24,138.66,False,TECH_WIND_ONSHORE,27
kek-tanjung-kelayang,10.0,grid_connected_solar,0.2206,6.02,97.7,1792.7,121.13,95.92,160.34,False,TECH_WIND_ONSHORE,27
kek-tanjung-kelayang,12.0,grid_connected_solar,0.2206,6.02,97.7,1792.7,137.5,108.18,183.1,False,TECH_WIND_ONSHORE,27
kek-tanjung-kelayang,14.0,grid_connected_solar,0.2206,6.02,97.7,1792.7,154.46,120.89,206.7,False,TECH_WIND_ONSHORE,27
kek-tanjung-kelayang,16.0,grid_connected_solar,0.2206,6.02,97.7,1792.7,171.88,133.93,230.91,False,TECH_WIND_ONSHORE,27
kek-tanjung-kelayang,18.0,grid_connected_solar,0.2206,6.02,97.7,1792.7,189.62,147.22,255.58,False,TECH_WIND_ONSHORE,27
kek-tanjung-kelayang,20.0,grid_connected_solar,0.2206,6.02,97.7,1792.7,207.6,160.68,280.57,False,TECH_WIND_ONSHORE,27
kek-lido,4.0,within_boundary,0.0594,3.74,0.0,1650.0,271.06,218.1,353.44,False,TECH_WIND_ONSHORE,27
kek-lido,6.0,within_boundary,0.0594,3.74,0.0,1650.0,316.91,251.44,418.74,False,TECH_WIND_ONSHORE,27
kek-lido,8.0,within_boundary,0.0594,3.74,0.0,1650.0,366.85,287.77,489.87,False,TECH_WIND_ONSHORE,27
kek-lido,10.0,within_boundary,0.0594,3.74,0.0,1650.0,420.15,326.53,565.79,False,TECH_WIND_ONSHORE,27
kek-lido,12.0,within_boundary,0.0594,3.74,0.0,1650.0,476.11,367.23,645.49,False,TECH_WIND_ONSHORE,27
kek-lido,14.0,within_boundary,0.0594,3.74,0.0,1650.0,534.1,409.41,728.08,False,TECH_WIND_ONSHORE,27
kek-lido,16.0,within_boundary,0.0594,3.74,0.0,1650.0,593.62,452.69,812.85,False,TECH_WIND_ONSHORE,27
kek-lido,18.0,within_boundary,0.0594,3.74,0.0,1650.0,654.27,496.79,899.22,False,TECH_WIND_ONSHORE,27
kek-lido,20.0,within_boundary,0.0594,3.74,0.0,1650.0,715.72,541.49,986.74,False,TECH_WIND_ONSHORE,27
kek-lido,4.0,grid_connected_solar,0.2643,7.33,129.4,1824.4,65.53,53.63,84.05,False,TECH_WIND_ONSHORE,27
kek-lido,6.0,grid_connected_solar,0.2643,7.33,129.4,1824.4,76.92,62.21,99.81,False,TECH_WIND_ONSHORE,27
kek-lido,8.0,grid_connected_solar,0.2643,7.33,129.4,1824.4,89.34,71.56,116.98,False,TECH_WIND_ONSHORE,27
kek-lido,10.0,grid_connected_solar,0.2643,7.33,129.4,1824.4,102.58,81.54,135.31,False,TECH_WIND_ONSHORE,27
kek-lido,12.0,grid_connected_solar,0.2643,7.33,129.4,1824.4,116.49,92.02,154.55,False,TECH_WIND_ONSHORE,27
kek-lido,14.0,grid_connected_solar,0.2643,7.33,129.4,1824.4,130.9,102.87,174.49,False,TECH_WIND_ONSHORE,27
kek-lido,16.0,grid_connected_solar,0.2643,7.33,129.4,1824.4,145.69,114.02,194.96,False,TECH_WIND_ONSHORE,27
kek-lido,18.0,grid_connected_solar,0.2643,7.33,129.4,1824.4,160.76,125.37,215.81,False,TECH_WIND_ONSHORE,27
kek-lido,20.0,grid_connected_solar,0.2643,7.33,129.4,1824.4,176.03,136.87,236.94,False,TECH_WIND_ONSHORE,27
kek-tanjung-lesung,4.0,within_boundary,0.1643,5.2,0.0,1650.0,98.0,78.85,127.78,False,TECH_WIND_ONSHORE,27
kek-tanjung-lesung,6.0,within_boundary,0.1643,5.2,0.0,1650.0,114.57,90.9,151.39,False,TECH_WIND_ONSHORE,27
kek-tanjung-lesung,8.0,within_boundary,0.1643,5.2,0.0,1650.0,132.63,104.04,177.11,False,TECH_WIND_ONSHORE,27
kek-tanjung-lesung,10.0,within_boundary,0.1643,5.2,0.0,1650.0,151.9,118.05,204.55,False,TECH_WIND_ONSHORE,27
kek-tanjung-lesung,12.0,within_boundary,0.1643,5.2,0.0,1650.0,172.13,132.77,233.36,False,TECH_WIND_ONSHORE,27
kek-tanjung-lesung,14.0,within_boundary,0.1643,5.2,0.0,1650.0,193.1,148.01,263.23,False,TECH_WIND_ONSHORE,27
kek-tanjung-lesung,16.0,within_boundary,0.1643,5.2,0.0,1650.0,214.62,163.66,293.87,False,TECH_WIND_ONSHORE,27
kek-tanjung-lesung,18.0,within_boundary,0.1643,5.2,0.0,1650.0,236.54,179.61,325.1,False,TECH_WIND_ONSHORE,27
kek-tanjung-lesung,20.0,within_boundary,0.1643,5.2,0.0,1650.0,258.76,195.77,356.74,False,TECH_WIND_ONSHORE,27
kek-tanjung-lesung,4.0,grid_connected_solar,0.3869,10.35,238.4,1933.3,46.73,38.6,59.38,False,TECH_WIND_ONSHORE,27
kek-tanjung-lesung,6.0,grid_connected_solar,0.3869,10.35,238.4,1933.3,54.98,44.93,70.62,False,TECH_WIND_ONSHORE,27
kek-tanjung-lesung,8.0,grid_connected_solar,0.3869,10.35,238.4,1933.3,63.97,51.83,82.85,False,TECH_WIND_ONSHORE,27
kek-tanjung-lesung,10.0,grid_connected_solar,0.3869,10.35,238.4,1933.3,73.56,59.18,95.92,False,TECH_WIND_ONSHORE,27
kek-tanjung-lesung,12.0,grid_connected_solar,0.3869,10.35,238.4,1933.3,83.62,66.91,109.63,False,TECH_WIND_ONSHORE,27
kek-tanjung-lesung,14.0,grid_connected_solar,0.3869,10.35,238.4,1933.3,94.05,74.91,123.84,False,TECH_WIND_ONSHORE,27
kek-tanjung-lesung,16.0,grid_connected_solar,0.3869,10.35,238.4,1933.3,104.76,83.13,138.42,False,TECH_WIND_ONSHORE,27
kek-tanjung-lesung,18.0,grid_connected_solar,0.3869,10.35,238.4,1933.3,115.67,91.49,153.28,False,TECH_WIND_ONSHORE,27
kek-tanjung-lesung,20.0,grid_connected_solar,0.3869,10.35,238.4,1933.3,126.73,99.98,168.34,False,TECH_WIND_ONSHORE,27
kek-sei-mangkei,4.0,within_boundary,0.0,2.65,0.0,1650.0,,,,False,TECH_WIND_ONSHORE,27
kek-sei-mangkei,6.0,within_boundary,0.0,2.65,0.0,1650.0,,,,False,TECH_WIND_ONSHORE,27
kek-sei-mangkei,8.0,within_boundary,0.0,2.65,0.0,1650.0,,,,False,TECH_WIND_ONSHORE,27
kek-sei-mangkei,10.0,within_boundary,0.0,2.65,0.0,1650.0,,,,False,TECH_WIND_ONSHORE,27
kek-sei-mangkei,12.0,within_boundary,0.0,2.65,0.0,1650.0,,,,False,TECH_WIND_ONSHORE,27
kek-sei-mangkei,14.0,within_boundary,0.0,2.65,0.0,1650.0,,,,False,TECH_WIND_ONSHORE,27
kek-sei-mangkei,16.0,within_boundary,0.0,2.65,0.0,1650.0,,,,False,TECH_WIND_ONSHORE,27
kek-sei-mangkei,18.0,within_boundary,0.0,2.65,0.0,1650.0,,,,False,TECH_WIND_ONSHORE,27
kek-sei-mangkei,20.0,within_boundary,0.0,2.65,0.0,1650.0,,,,False,TECH_WIND_ONSHORE,27
kek-sei-mangkei,4.0,grid_connected_solar,0.1308,4.73,155.6,1850.6,133.82,109.77,171.23,False,TECH_WIND_ONSHORE,27
kek-sei-mangkei,6.0,grid_connected_solar,0.1308,4.73,155.6,1850.6,157.17,127.44,203.41,False,TECH_WIND_ONSHORE,27
kek-sei-mangkei,8.0,grid_connected_solar,0.1308,4.73,155.6,1850.6,182.61,146.69,238.48,False,TECH_WIND_ONSHORE,27
kek-sei-mangkei,10.0,grid_connected_solar,0.1308,4.73,155.6,1850.6,209.76,167.24,275.89,False,TECH_WIND_ONSHORE,27
kek-sei-mangkei,12.0,grid_connected_solar,0.1308,4.73,155.6,1850.6,238.26,188.81,315.18,False,TECH_WIND_ONSHORE,27
kek-sei-mangkei,14.0,grid_connected_solar,0.1308,4.73,155.6,1850.6,267.8,211.17,355.89,False,TECH_WIND_ONSHORE,27
kek-sei-mangkei,16.0,grid_connected_solar,0.1308,4.73,155.6,1850.6,298.11,234.11,397.67,False,TECH_WIND_ONSHORE,27
kek-sei-mangkei,18.0,grid_connected_solar,0.1308,4.73,155.6,1850.6,329.0,257.49,440.24,False,TECH_WIND_ONSHORE,27
kek-sei-mangkei,20.0,grid_connected_solar,0.1308,4.73,155.6,1850.6,360.3,281.18,483.38,False,TECH_WIND_ONSHORE,27
semen-gresik-tuban,4.0,within_boundary,0.1005,4.29,0.0,1650.0,160.21,128.91,208.9,False,TECH_WIND_ONSHORE,27
semen-gresik-tuban,6.0,within_boundary,0.1005,4.29,0.0,1650.0,187.31,148.61,247.49,False,TECH_WIND_ONSHORE,27
semen-gresik-tuban,8.0,within_boundary,0.1005,4.29,0.0,1650.0,216.83,170.08,289.54,False,TECH_WIND_ONSHORE,27
semen-gresik-tuban,10.0,within_boundary,0.1005,4.29,0.0,1650.0,248.33,193.0,334.41,False,TECH_WIND_ONSHORE,27
semen-gresik-tuban,12.0,within_boundary,0.1005,4.29,0.0,1650.0,281.4,217.05,381.51,False,TECH_WIND_ONSHORE,27
semen-gresik-tuban,14.0,within_boundary,0.1005,4.29,0.0,1650.0,315.68,241.98,430.33,False,TECH_WIND_ONSHORE,27
semen-gresik-tuban,16.0,within_boundary,0.1005,4.29,0.0,1650.0,350.86,267.56,480.43,False,TECH_WIND_ONSHORE,27
semen-gresik-tuban,18.0,within_boundary,0.1005,4.29,0.0,1650.0,386.7,293.63,531.48,False,TECH_WIND_ONSHORE,27
semen-gresik-tuban,20.0,within_boundary,0.1005,4.29,0.0,1650.0,423.02,320.04,583.21,False,TECH_WIND_ONSHORE,27
semen-gresik-tuban,4.0,grid_connected_solar,0.2558,7.08,103.3,1798.3,67.0,54.7,86.13,False,TECH_WIND_ONSHORE,27
semen-gresik-tuban,6.0,grid_connected_solar,0.2558,7.08,103.3,1798.3,78.6,63.4,102.25,False,TECH_WIND_ONSHORE,27
semen-gresik-tuban,8.0,grid_connected_solar,0.2558,7.08,103.3,1798.3,91.24,72.88,119.81,False,TECH_WIND_ONSHORE,27
semen-gresik-tuban,10.0,grid_connected_solar,0.2558,7.08,103.3,1798.3,104.73,82.99,138.55,False,TECH_WIND_ONSHORE,27
semen-gresik-tuban,12.0,grid_connected_solar,0.2558,7.08,103.3,1798.3,118.89,93.61,158.23,False,TECH_WIND_ONSHORE,27
semen-gresik-tuban,14.0,grid_connected_solar,0.2558,7.08,103.3,1798.3,133.57,104.62,178.62,False,TECH_WIND_ONSHORE,27
semen-gresik-tuban,16.0,grid_connected_solar,0.2558,7.08,103.3,1798.3,148.64,115.91,199.54,False,TECH_WIND_ONSHORE,27
semen-gresik-tuban,18.0,grid_connected_solar,0.2558,7.08,103.3,1798.3,163.98,127.42,220.87,False,TECH_WIND_ONSHORE,27
semen-gresik-tuban,20.0,grid_connected_solar,0.2558,7.08,103.3,1798.3,179.54,139.08,242.47,False,TECH_WIND_ONSHORE,27
indocement-citeureup,4.0,within_boundary,0.05,3.16,0.0,1650.0,322.02,259.1,419.89,False,TECH_WIND_ONSHORE,27
indocement-citeureup,6.0,within_boundary,0.05,3.16,0.0,1650.0,376.48,298.71,497.46,False,TECH_WIND_ONSHORE,27
indocement-citeureup,8.0,within_boundary,0.05,3.16,0.0,1650.0,435.82,341.87,581.97,False,TECH_WIND_ONSHORE,27
indocement-citeureup,10.0,within_boundary,0.05,3.16,0.0,1650.0,499.14,387.92,672.16,False,TECH_WIND_ONSHORE,27
indocement-citeureup,12.0,within_boundary,0.05,3.16,0.0,1650.0,565.62,436.27,766.84,False,TECH_WIND_ONSHORE,27
indocement-citeureup,14.0,within_boundary,0.05,3.16,0.0,1650.0,634.52,486.37,864.96,False,TECH_WIND_ONSHORE,27
indocement-citeureup,16.0,within_boundary,0.05,3.16,0.0,1650.0,705.23,537.8,965.67,False,TECH_WIND_ONSHORE,27
indocement-citeureup,18.0,within_boundary,0.05,3.16,0.0,1650.0,777.27,590.19,1068.27,False,TECH_WIND_ONSHORE,27
indocement-citeureup,20.0,within_boundary,0.05,3.16,0.0,1650.0,850.27,643.29,1172.25,False,TECH_WIND_ONSHORE,27
indocement-citeureup,4.0,grid_connected_solar,0.1945,5.64,105.2,1800.2,88.18,72.01,113.34,False,TECH_WIND_ONSHORE,27
indocement-citeureup,6.0,grid_connected_solar,0.1945,5.64,105.2,1800.2,103.46,83.47,134.56,False,TECH_WIND_ONSHORE,27
indocement-citeureup,8.0,grid_connected_solar,0.1945,5.64,105.2,1800.2,120.1,95.95,157.67,False,TECH_WIND_ONSHORE,27
indocement-citeureup,10.0,grid_connected_solar,0.1945,5.64,105.2,1800.2,137.86,109.27,182.34,False,TECH_WIND_ONSHORE,27
indocement-citeureup,12.0,grid_connected_solar,0.1945,5.64,105.2,1800.2,156.51,123.25,208.23,False,TECH_WIND_ONSHORE,27
indocement-citeureup,14.0,grid_connected_solar,0.1945,5.64,105.2,1800.2,175.83,137.75,235.07,False,TECH_WIND_ONSHORE,27
indocement-citeureup,16.0,grid_connected_solar,0.1945,5.64,105.2,1800.2,195.66,152.62,262.61,False,TECH_WIND_ONSHORE,27
indocement-citeureup,18.0,grid_connected_solar,0.1945,5.64,105.2,1800.2,215.87,167.78,290.68,False,TECH_WIND_ONSHORE,27
indocement-citeureup,20.0,grid_connected_solar,0.1945,5.64,105.2,1800.2,236.35,183.14,319.12,False,TECH_WIND_ONSHORE,27
semen-padang-indarung,4.0,within_boundary,0.0,1.45,0.0,1650.0,,,,False,TECH_WIND_ONSHORE,27
semen-padang-indarung,6.0,within_boundary,0.0,1.45,0.0,1650.0,,,,False,TECH_WIND_ONSHORE,27
semen-padang-indarung,8.0,within_boundary,0.0,1.45,0.0,1650.0,,,,False,TECH_WIND_ONSHORE,27
semen-padang-indarung,10.0,within_boundary,0.0,1.45,0.0,1650.0,,,,False,TECH_WIND_ONSHORE,27
semen-padang-indarung,12.0,within_boundary,0.0,1.45,0.0,1650.0,,,,False,TECH_WIND_ONSHORE,27
semen-padang-indarung,14.0,within_boundary,0.0,1.45,0.0,1650.0,,,,False,TECH_WIND_ONSHORE,27
semen-padang-indarung,16.0,within_boundary,0.0,1.45,0.0,1650.0,,,,False,TECH_WIND_ONSHORE,27
semen-padang-indarung,18.0,within_boundary,0.0,1.45,0.0,1650.0,,,,False,TECH_WIND_ONSHORE,27
semen-padang-indarung,20.0,within_boundary,0.0,1.45,0.0,1650.0,,,,False,TECH_WIND_ONSHORE,27
semen-padang-indarung,4.0,grid_connected_solar,0.3671,9.68,82.0,1777.0,46.28,37.71,59.61,False,TECH_WIND_ONSHORE,27
semen-padang-indarung,6.0,grid_connected_solar,0.3671,9.68,82.0,1777.0,54.27,43.68,70.75,False,TECH_WIND_ONSHORE,27
semen-padang-indarung,8.0,grid_connected_solar,0.3671,9.68,82.0,1777.0,62.97,50.18,82.88,False,TECH_WIND_ONSHORE,27
semen-padang-indarung,10.0,grid_connected_solar,0.3671,9.68,82.0,1777.0,72.26,57.11,95.83,False,TECH_WIND_ONSHORE,27
semen-padang-indarung,12.0,grid_connected_solar,0.3671,9.68,82.0,1777.0,82.01,64.39,109.42,False,TECH_WIND_ONSHORE,27
semen-padang-indarung,14.0,grid_connected_solar,0.3671,9.68,82.0,1777.0,92.12,71.94,123.51,False,TECH_WIND_ONSHORE,27
semen-padang-indarung,16.0,grid_connected_solar,0.3671,9.68,82.0,1777.0,102.49,79.69,137.97,False,TECH_WIND_ONSHORE,27
semen-padang-indarung,18.0,grid_connected_solar,0.3671,9.68,82.0,1777.0,113.06,87.58,152.7,False,TECH_WIND_ONSHORE,27
semen-padang-indarung,20.0,grid_connected_solar,0.3671,9.68,82.0,1777.0,123.77,95.58,167.62,False,TECH_WIND_ONSHORE,27
semen-tonasa,4.0,within_boundary,0.0,2.93,0.0,1650.0,,,,False,TECH_WIND_ONSHORE,27
semen-tonasa,6.0,within_boundary,0.0,2.93,0.0,1650.0,,,,False,TECH_WIND_ONSHORE,27
semen-tonasa,8.0,within_boundary,0.0,2.93,0.0,1650.0,,,,False,TECH_WIND_ONSHORE,27
semen-tonasa,10.0,within_boundary,0.0,2.93,0.0,1650.0,,,,False,TECH_WIND_ONSHORE,27
semen-tonasa,12.0,within_boundary,0.0,2.93,0.0,1650.0,,,,False,TECH_WIND_ONSHORE,27
semen-tonasa,14.0,within_boundary,0.0,2.93,0.0,1650.0,,,,False,TECH_WIND_ONSHORE,27
semen-tonasa,16.0,within_boundary,0.0,2.93,0.0,1650.0,,,,False,TECH_WIND_ONSHORE,27
semen-tonasa,18.0,within_boundary,0.0,2.93,0.0,1650.0,,,,False,TECH_WIND_ONSHORE,27
semen-tonasa,20.0,within_boundary,0.0,2.93,0.0,1650.0,,,,False,TECH_WIND_ONSHORE,27
semen-tonasa,4.0,grid_connected_solar,0.4197,11.99,82.5,1777.5,40.49,32.99,52.15,False,TECH_WIND_ONSHORE,27
semen-tonasa,6.0,grid_connected_solar,0.4197,11.99,82.5,1777.5,47.48,38.21,61.89,False,TECH_WIND_ONSHORE,27
semen-tonasa,8.0,grid_connected_solar,0.4197,11.99,82.5,1777.5,55.09,43.9,72.5,False,TECH_WIND_ONSHORE,27
semen-tonasa,10.0,grid_connected_solar,0.4197,11.99,82.5,1777.5,63.22,49.97,83.83,False,TECH_WIND_ONSHORE,27
semen-tonasa,12.0,grid_connected_solar,0.4197,11.99,82.5,1777.5,71.75,56.34,95.72,False,TECH_WIND_ONSHORE,27
semen-tonasa,14.0,grid_connected_solar,0.4197,11.99,82.5,1777.5,80.59,62.94,108.04,False,TECH_WIND_ONSHORE,27
semen-tonasa,16.0,grid_connected_solar,0.4197,11.99,82.5,1777.5,89.66,69.72,120.69,False,TECH_WIND_ONSHORE,27
semen-tonasa,18.0,grid_connected_solar,0.4197,11.99,82.5,1777.5,98.91,76.62,133.58,False,TECH_WIND_ONSHORE,27
semen-tonasa,20.0,grid_connected_solar,0.4197,11.99,82.5,1777.5,108.28,83.62,146.64,False,TECH_WIND_ONSHORE,27
sbi-narogong,4.0,within_boundary,0.05,3.05,0.0,1650.0,322.02,259.1,419.89,False,TECH_WIND_ONSHORE,27
sbi-narogong,6.0,within_boundary,0.05,3.05,0.0,1650.0,376.48,298.71,497.46,False,TECH_WIND_ONSHORE,27
sbi-narogong,8.0,within_boundary,0.05,3.05,0.0,1650.0,435.82,341.87,581.97,False,TECH_WIND_ONSHORE,27
sbi-narogong,10.0,within_boundary,0.05,3.05,0.0,1650.0,499.14,387.92,672.16,False,TECH_WIND_ONSHORE,27
sbi-narogong,12.0,within_boundary,0.05,3.05,0.0,1650.0,565.62,436.27,766.84,False,TECH_WIND_ONSHORE,27
sbi-narogong,14.0,within_boundary,0.05,3.05,0.0,1650.0,634.52,486.37,864.96,False,TECH_WIND_ONSHORE,27
sbi-narogong,16.0,within_boundary,0.05,3.05,0.0,1650.0,705.23,537.8,965.67,False,TECH_WIND_ONSHORE,27
sbi-narogong,18.0,within_boundary,0.05,3.05,0.0,1650.0,777.27,590.19,1068.27,False,TECH_WIND_ONSHORE,27
sbi-narogong,20.0,within_boundary,0.05,3.05,0.0,1650.0,850.27,643.29,1172.25,False,TECH_WIND_ONSHORE,27
sbi-narogong,4.0,grid_connected_solar,0.1945,5.64,95.5,1790.5,87.83,71.66,112.99,False,TECH_WIND_ONSHORE,27
sbi-narogong,6.0,grid_connected_solar,0.1945,5.64,95.5,1790.5,103.02,83.03,134.12,False,TECH_WIND_ONSHORE,27
sbi-narogong,8.0,grid_connected_solar,0.1945,5.64,95.5,1790.5,119.58,95.42,157.15,False,TECH_WIND_ONSHORE,27
sbi-narogong,10.0,grid_connected_solar,0.1945,5.64,95.5,1790.5,137.24,108.65,181.72,False,TECH_WIND_ONSHORE,27
sbi-narogong,12.0,grid_connected_solar,0.1945,5.64,95.5,1790.5,155.79,122.53,207.51,False,TECH_WIND_ONSHORE,27
sbi-narogong,14.0,grid_connected_solar,0.1945,5.64,95.5,1790.5,175.01,136.92,234.25,False,TECH_WIND_ONSHORE,27
sbi-narogong,16.0,grid_connected_solar,0.1945,5.64,95.5,1790.5,194.73,151.69,261.68,False,TECH_WIND_ONSHORE,27
sbi-narogong,18.0,grid_connected_solar,0.1945,5.64,95.5,1790.5,214.83,166.74,289.64,False,TECH_WIND_ONSHORE,27
sbi-narogong,20.0,grid_connected_solar,0.1945,5.64,95.5,1790.5,235.19,181.98,317.96,False,TECH_WIND_ONSHORE,27
conch-cement-serang,4.0,within_boundary,0.0528,3.66,0.0,1650.0,304.94,245.36,397.62,False,TECH_WIND_ONSHORE,27
conch-cement-serang,6.0,within_boundary,0.0528,3.66,0.0,1650.0,356.52,282.87,471.08,False,TECH_WIND_ONSHORE,27
conch-cement-serang,8.0,within_boundary,0.0528,3.66,0.0,1650.0,412.71,323.74,551.11,False,TECH_WIND_ONSHORE,27
conch-cement-serang,10.0,within_boundary,0.0528,3.66,0.0,1650.0,472.67,367.35,636.51,False,TECH_WIND_ONSHORE,27
conch-cement-serang,12.0,within_boundary,0.0528,3.66,0.0,1650.0,535.63,413.13,726.17,False,TECH_WIND_ONSHORE,27
conch-cement-serang,14.0,within_boundary,0.0528,3.66,0.0,1650.0,600.87,460.58,819.09,False,TECH_WIND_ONSHORE,27
conch-cement-serang,16.0,within_boundary,0.0528,3.66,0.0,1650.0,667.83,509.28,914.46,False,TECH_WIND_ONSHORE,27
conch-cement-serang,18.0,within_boundary,0.0528,3.66,0.0,1650.0,736.05,558.89,1011.62,False,TECH_WIND_ONSHORE,27
conch-cement-serang,20.0,within_boundary,0.0528,3.66,0.0,1650.0,805.18,609.17,1110.09,False,TECH_WIND_ONSHORE,27
conch-cement-serang,4.0,grid_connected_solar,0.2311,6.33,93.3,1788.3,73.85,60.24,95.03,False,TECH_WIND_ONSHORE,27
conch-cement-serang,6.0,grid_connected_solar,0.2311,6.33,93.3,1788.3,86.63,69.8,112.8,False,TECH_WIND_ONSHORE,27
conch-cement-serang,8.0,grid_connected_solar,0.2311,6.33,93.3,1788.3,100.54,80.21,132.16,False,TECH_WIND_ONSHORE,27
conch-cement-serang,10.0,grid_connected_solar,0.2311,6.33,93.3,1788.3,115.39,91.32,152.82,False,TECH_WIND_ONSHORE,27
conch-cement-serang,12.0,grid_connected_solar,0.2311,6.33,93.3,1788.3,130.98,102.99,174.51,False,TECH_WIND_ONSHORE,27
conch-cement-serang,14.0,grid_connected_solar,0.2311,6.33,93.3,1788.3,147.13,115.08,196.99,False,TECH_WIND_ONSHORE,27
conch-cement-serang,16.0,grid_connected_solar,0.2311,6.33,93.3,1788.3,163.71,127.49,220.06,False,TECH_WIND_ONSHORE,27
conch-cement-serang,18.0,grid_connected_solar,0.2311,6.33,93.3,1788.3,180.61,140.13,243.57,False,TECH_WIND_ONSHORE,27
conch-cement-serang,20.0,grid_connected_solar,0.2311,6.33,93.3,1788.3,197.73,152.94,267.39,False,TECH_WIND_ONSHORE,27
conch-cement-north-sulawesi,4.0,within_boundary,0.103,4.33,0.0,1650.0,156.32,125.78,203.83,False,TECH_WIND_ONSHORE,27
conch-cement-north-sulawesi,6.0,within_boundary,0.103,4.33,0.0,1650.0,182.76,145.01,241.49,False,TECH_WIND_ONSHORE,27
conch-cement-north-sulawesi,8.0,within_boundary,0.103,4.33,0.0,1650.0,211.56,165.95,282.51,False,TECH_WIND_ONSHORE,27
conch-cement-north-sulawesi,10.0,within_boundary,0.103,4.33,0.0,1650.0,242.3,188.31,326.29,False,TECH_WIND_ONSHORE,27
conch-cement-north-sulawesi,12.0,within_boundary,0.103,4.33,0.0,1650.0,274.57,211.78,372.25,False,TECH_WIND_ONSHORE,27
conch-cement-north-sulawesi,14.0,within_boundary,0.103,4.33,0.0,1650.0,308.02,236.1,419.88,False,TECH_WIND_ONSHORE,27
conch-cement-north-sulawesi,16.0,within_boundary,0.103,4.33,0.0,1650.0,342.34,261.07,468.77,False,TECH_WIND_ONSHORE,27
conch-cement-north-sulawesi,18.0,within_boundary,0.103,4.33,0.0,1650.0,377.31,286.5,518.58,False,TECH_WIND_ONSHORE,27
conch-cement-north-sulawesi,20.0,within_boundary,0.103,4.33,0.0,1650.0,412.75,312.28,569.05,False,TECH_WIND_ONSHORE,27
conch-cement-north-sulawesi,4.0,grid_connected_solar,0.3647,9.62,279.6,1974.6,50.37,41.74,63.79,False,TECH_WIND_ONSHORE,27
conch-cement-north-sulawesi,6.0,grid_connected_solar,0.3647,9.62,279.6,1974.6,59.31,48.64,75.89,False,TECH_WIND_ONSHORE,27
conch-cement-north-sulawesi,8.0,grid_connected_solar,0.3647,9.62,279.6,1974.6,69.04,56.16,89.08,False,TECH_WIND_ONSHORE,27
conch-cement-north-sulawesi,10.0,grid_connected_solar,0.3647,9.62,279.6,1974.6,79.43,64.18,103.15,False,TECH_WIND_ONSHORE,27
conch-cement-north-sulawesi,12.0,grid_connected_solar,0.3647,9.62,279.6,1974.6,90.34,72.6,117.92,False,TECH_WIND_ONSHORE,27
conch-cement-north-sulawesi,14.0,grid_connected_solar,0.3647,9.62,279.6,1974.6,101.64,81.33,133.24,False,TECH_WIND_ONSHORE,27
conch-cement-north-sulawesi,16.0,grid_connected_solar,0.3647,9.62,279.6,1974.6,113.24,90.29,148.95,False,TECH_WIND_ONSHORE,27
conch-cement-north-sulawesi,18.0,grid_connected_solar,0.3647,9.62,279.6,1974.6,125.06,99.42,164.96,False,TECH_WIND_ONSHORE,27
conch-cement-north-sulawesi,20.0,grid_connected_solar,0.3647,9.62,279.6,1974.6,137.04,108.66,181.18,False,TECH_WIND_ONSHORE,27
semen-bosowa-maros,4.0,within_boundary,0.0,2.65,0.0,1650.0,,,,False,TECH_WIND_ONSHORE,27
semen-bosowa-maros,6.0,within_boundary,0.0,2.65,0.0,1650.0,,,,False,TECH_WIND_ONSHORE,27
semen-bosowa-maros,8.0,within_boundary,0.0,2.65,0.0,1650.0,,,,False,TECH_WIND_ONSHORE,27
semen-bosowa-maros,10.0,within_boundary,0.0,2.65,0.0,1650.0,,,,False,TECH_WIND_ONSHORE,27
semen-bosowa-maros,12.0,within_boundary,0.0,2.65,0.0,1650.0,,,,False,TECH_WIND_ONSHORE,27
semen-bosowa-maros,14.0,within_boundary,0.0,2.65,0.0,1650.0,,,,False,TECH_WIND_ONSHORE,27
semen-bosowa-maros,16.0,within_boundary,0.0,2.65,0.0,1650.0,,,,False,TECH_WIND_ONSHORE,27
semen-bosowa-maros,18.0,within_boundary,0.0,2.65,0.0,1650.0,,,,False,TECH_WIND_ONSHORE,27
semen-bosowa-maros,20.0,within_boundary,0.0,2.65,0.0,1650.0,,,,False,TECH_WIND_ONSHORE,27
semen-bosowa-maros,4.0,grid_connected_solar,0.4197,11.99,93.8,1788.8,40.67,33.18,52.33,False,TECH_WIND_ONSHORE,27
semen-bosowa-maros,6.0,grid_connected_solar,0.4197,11.99,93.8,1788.8,47.71,38.44,62.12,False,TECH_WIND_ONSHORE,27
semen-bosowa-maros,8.0,grid_connected_solar,0.4197,11.99,93.8,1788.8,55.37,44.18,72.78,False,TECH_WIND_ONSHORE,27
semen-bosowa-maros,10.0,grid_connected_solar,0.4197,11.99,93.8,1788.8,63.55,50.3,84.16,False,TECH_WIND_ONSHORE,27
semen-bosowa-maros,12.0,grid_connected_solar,0.4197,11.99,93.8,1788.8,72.14,56.73,96.11,False,TECH_WIND_ONSHORE,27
semen-bosowa-maros,14.0,grid_connected_solar,0.4197,11.99,93.8,1788.8,81.04,63.39,108.49,False,TECH_WIND_ONSHORE,27
semen-bosowa-maros,16.0,grid_connected_solar,0.4197,11.99,93.8,1788.8,90.17,70.22,121.2,False,TECH_WIND_ONSHORE,27
semen-bosowa-maros,18.0,grid_connected_solar,0.4197,11.99,93.8,1788.8,99.47,77.19,134.14,False,TECH_WIND_ONSHORE,27
semen-bosowa-maros,20.0,grid_connected_solar,0.4197,11.99,93.8,1788.8,108.9,84.24,147.26,False,TECH_WIND_ONSHORE,27
red-lion-hongshi-tonga,4.0,within_boundary,0.05,3.03,0.0,1650.0,322.02,259.1,419.89,False,TECH_WIND_ONSHORE,27
red-lion-hongshi-tonga,6.0,within_boundary,0.05,3.03,0.0,1650.0,376.48,298.71,497.46,False,TECH_WIND_ONSHORE,27
red-lion-hongshi-tonga,8.0,within_boundary,0.05,3.03,0.0,1650.0,435.82,341.87,581.97,False,TECH_WIND_ONSHORE,27
red-lion-hongshi-tonga,10.0,within_boundary,0.05,3.03,0.0,1650.0,499.14,387.92,672.16,False,TECH_WIND_ONSHORE,27
red-lion-hongshi-tonga,12.0,within_boundary,0.05,3.03,0.0,1650.0,565.62,436.27,766.84,False,TECH_WIND_ONSHORE,27
red-lion-hongshi-tonga,14.0,within_boundary,0.05,3.03,0.0,1650.0,634.52,486.37,864.96,False,TECH_WIND_ONSHORE,27
red-lion-hongshi-tonga,16.0,within_boundary,0.05,3.03,0.0,1650.0,705.23,537.8,965.67,False,TECH_WIND_ONSHORE,27
red-lion-hongshi-tonga,18.0,within_boundary,0.05,3.03,0.0,1650.0,777.27,590.19,1068.27,False,TECH_WIND_ONSHORE,27
red-lion-hongshi-tonga,20.0,within_boundary,0.05,3.03,0.0,1650.0,850.27,643.29,1172.25,False,TECH_WIND_ONSHORE,27
red-lion-hongshi-tonga,4.0,grid_connected_solar,0.1355,4.79,188.4,1883.4,130.87,107.65,166.98,False,TECH_WIND_ONSHORE,27
red-lion-hongshi-tonga,6.0,grid_connected_solar,0.1355,4.79,188.4,1883.4,153.81,125.11,198.45,False,TECH_WIND_ONSHORE,27
red-lion-hongshi-tonga,8.0,grid_connected_solar,0.1355,4.79,188.4,1883.4,178.8,144.13,232.73,False,TECH_WIND_ONSHORE,27
red-lion-hongshi-tonga,10.0,grid_connected_solar,0.1355,4.79,188.4,1883.4,205.47,164.43,269.32,False,TECH_WIND_ONSHORE,27
red-lion-hongshi-tonga,12.0,grid_connected_solar,0.1355,4.79,188.4,1883.4,233.47,185.74,307.72,False,TECH_WIND_ONSHORE,27
red-lion-hongshi-tonga,14.0,grid_connected_solar,0.1355,4.79,188.4,1883.4,262.49,207.83,347.53,False,TECH_WIND_ONSHORE,27
red-lion-hongshi-tonga,16.0,grid_connected_solar,0.1355,4.79,188.4,1883.4,292.27,230.49,388.38,False,TECH_WIND_ONSHORE,27
red-lion-hongshi-tonga,18.0,grid_connected_solar,0.1355,4.79,188.4,1883.4,322.62,253.59,430.0,False,TECH_WIND_ONSHORE,27
red-lion-hongshi-tonga,20.0,grid_connected_solar,0.1355,4.79,188.4,1883.4,353.37,276.99,472.18,False,TECH_WIND_ONSHORE,27
semen-baturaja,4.0,within_boundary,0.0,2.57,0.0,1650.0,,,,False,TECH_WIND_ONSHORE,27
semen-baturaja,6.0,within_boundary,0.0,2.57,0.0,1650.0,,,,False,TECH_WIND_ONSHORE,27
semen-baturaja,8.0,within_boundary,0.0,2.57,0.0,1650.0,,,,False,TECH_WIND_ONSHORE,27
semen-baturaja,10.0,within_boundary,0.0,2.57,0.0,1650.0,,,,False,TECH_WIND_ONSHORE,27
semen-baturaja,12.0,within_boundary,0.0,2.57,0.0,1650.0,,,,False,TECH_WIND_ONSHORE,27
semen-baturaja,14.0,within_boundary,0.0,2.57,0.0,1650.0,,,,False,TECH_WIND_ONSHORE,27
semen-baturaja,16.0,within_boundary,0.0,2.57,0.0,1650.0,,,,False,TECH_WIND_ONSHORE,27
semen-baturaja,18.0,within_boundary,0.0,2.57,0.0,1650.0,,,,False,TECH_WIND_ONSHORE,27
semen-baturaja,20.0,within_boundary,0.0,2.57,0.0,1650.0,,,,False,TECH_WIND_ONSHORE,27
semen-baturaja,4.0,grid_connected_solar,0.2164,5.95,86.8,1781.8,78.66,64.12,101.27,False,TECH_WIND_ONSHORE,27
semen-baturaja,6.0,grid_connected_solar,0.2164,5.95,86.8,1781.8,92.25,74.28,120.2,False,TECH_WIND_ONSHORE,27
semen-baturaja,8.0,grid_connected_solar,0.2164,5.95,86.8,1781.8,107.05,85.35,140.82,False,TECH_WIND_ONSHORE,27
semen-baturaja,10.0,grid_connected_solar,0.2164,5.95,86.8,1781.8,122.85,97.15,162.83,False,TECH_WIND_ONSHORE,27
semen-baturaja,12.0,grid_connected_solar,0.2164,5.95,86.8,1781.8,139.44,109.55,185.93,False,TECH_WIND_ONSHORE,27
semen-baturaja,14.0,grid_connected_solar,0.2164,5.95,86.8,1781.8,156.63,122.4,209.87,False,TECH_WIND_ONSHORE,27
semen-baturaja,16.0,grid_connected_solar,0.2164,5.95,86.8,1781.8,174.27,135.59,234.45,False,TECH_WIND_ONSHORE,27
semen-baturaja,18.0,grid_connected_solar,0.2164,5.95,86.8,1781.8,192.25,149.02,259.48,False,TECH_WIND_ONSHORE,27
semen-baturaja,20.0,grid_connected_solar,0.2164,5.95,86.8,1781.8,210.46,162.64,284.86,False,TECH_WIND_ONSHORE,27
sbi-tuban,4.0,within_boundary,0.118,4.54,0.0,1650.0,136.45,109.79,177.92,False,TECH_WIND_ONSHORE,27
sbi-tuban,6.0,within_boundary,0.118,4.54,0.0,1650.0,159.53,126.57,210.79,False,TECH_WIND_ONSHORE,27
sbi-tuban,8.0,within_boundary,0.118,4.54,0.0,1650.0,184.67,144.86,246.6,False,TECH_WIND_ONSHORE,27
sbi-tuban,10.0,within_boundary,0.118,4.54,0.0,1650.0,211.5,164.37,284.81,False,TECH_WIND_ONSHORE,27
sbi-tuban,12.0,within_boundary,0.118,4.54,0.0,1650.0,239.67,184.86,324.93,False,TECH_WIND_ONSHORE,27
sbi-tuban,14.0,within_boundary,0.118,4.54,0.0,1650.0,268.86,206.09,366.51,False,TECH_WIND_ONSHORE,27
sbi-tuban,16.0,within_boundary,0.118,4.54,0.0,1650.0,298.82,227.88,409.18,False,TECH_WIND_ONSHORE,27
sbi-tuban,18.0,within_boundary,0.118,4.54,0.0,1650.0,329.35,250.08,452.66,False,TECH_WIND_ONSHORE,27
sbi-tuban,20.0,within_boundary,0.118,4.54,0.0,1650.0,360.29,272.58,496.72,False,TECH_WIND_ONSHORE,27
sbi-tuban,4.0,grid_connected_solar,0.2558,7.08,99.5,1794.5,66.89,54.6,86.02,False,TECH_WIND_ONSHORE,27
sbi-tuban,6.0,grid_connected_solar,0.2558,7.08,99.5,1794.5,78.47,63.27,102.12,False,TECH_WIND_ONSHORE,27
sbi-tuban,8.0,grid_connected_solar,0.2558,7.08,99.5,1794.5,91.09,72.72,119.65,False,TECH_WIND_ONSHORE,27
sbi-tuban,10.0,grid_connected_solar,0.2558,7.08,99.5,1794.5,104.55,82.81,138.37,False,TECH_WIND_ONSHORE,27
sbi-tuban,12.0,grid_connected_solar,0.2558,7.08,99.5,1794.5,118.68,93.4,158.01,False,TECH_WIND_ONSHORE,27
sbi-tuban,14.0,grid_connected_solar,0.2558,7.08,99.5,1794.5,133.33,104.37,178.37,False,TECH_WIND_ONSHORE,27
sbi-tuban,16.0,grid_connected_solar,0.2558,7.08,99.5,1794.5,148.36,115.63,199.27,False,TECH_WIND_ONSHORE,27
sbi-tuban,18.0,grid_connected_solar,0.2558,7.08,99.5,1794.5,163.67,127.11,220.56,False,TECH_WIND_ONSHORE,27
sbi-tuban,20.0,grid_connected_solar,0.2558,7.08,99.5,1794.5,179.2,138.74,242.13,False,TECH_WIND_ONSHORE,27
indocement-palimanan,4.0,within_boundary,0.0,2.46,0.0,1650.0,,,,False,TECH_WIND_ONSHORE,27
indocement-palimanan,6.0,within_boundary,0.0,2.46,0.0,1650.0,,,,False,TECH_WIND_ONSHORE,27
indocement-palimanan,8.0,within_boundary,0.0,2.46,0.0,1650.0,,,,False,TECH_WIND_ONSHORE,27
indocement-palimanan,10.0,within_boundary,0.0,2.46,0.0,1650.0,,,,False,TECH_WIND_ONSHORE,27
indocement-palimanan,12.0,within_boundary,0.0,2.46,0.0,1650.0,,,,False,TECH_WIND_ONSHORE,27
indocement-palimanan,14.0,within_boundary,0.0,2.46,0.0,1650.0,,,,False,TECH_WIND_ONSHORE,27
indocement-palimanan,16.0,within_boundary,0.0,2.46,0.0,1650.0,,,,False,TECH_WIND_ONSHORE,27
indocement-palimanan,18.0,within_boundary,0.0,2.46,0.0,1650.0,,,,False,TECH_WIND_ONSHORE,27
indocement-palimanan,20.0,within_boundary,0.0,2.46,0.0,1650.0,,,,False,TECH_WIND_ONSHORE,27
indocement-palimanan,4.0,grid_connected_solar,0.305,8.2,114.3,1809.3,56.44,46.13,72.49,False,TECH_WIND_ONSHORE,27
indocement-palimanan,6.0,grid_connected_solar,0.305,8.2,114.3,1809.3,66.23,53.48,86.06,False,TECH_WIND_ONSHORE,27
indocement-palimanan,8.0,grid_connected_solar,0.305,8.2,114.3,1809.3,76.9,61.5,100.86,False,TECH_WIND_ONSHORE,27
indocement-palimanan,10.0,grid_connected_solar,0.305,8.2,114.3,1809.3,88.28,70.05,116.64,False,TECH_WIND_ONSHORE,27
indocement-palimanan,12.0,grid_connected_solar,0.305,8.2,114.3,1809.3,100.23,79.03,133.22,False,TECH_WIND_ONSHORE,27
indocement-palimanan,14.0,grid_connected_solar,0.305,8.2,114.3,1809.3,112.62,88.33,150.39,False,TECH_WIND_ONSHORE,27
indocement-palimanan,16.0,grid_connected_solar,0.305,8.2,114.3,1809.3,125.33,97.88,168.02,False,TECH_WIND_ONSHORE,27
indocement-palimanan,18.0,grid_connected_solar,0.305,8.2,114.3,1809.3,138.28,107.61,185.98,False,TECH_WIND_ONSHORE,27
indocement-palimanan,20.0,grid_connected_solar,0.305,8.2,114.3,1809.3,151.4,117.47,204.18,False,TECH_WIND_ONSHORE,27
cemindo-gemilang-bayah,4.0,within_boundary,0.1287,4.7,0.0,1650.0,125.1,100.66,163.13,False,TECH_WIND_ONSHORE,27
cemindo-gemilang-bayah,6.0,within_boundary,0.1287,4.7,0.0,1650.0,146.26,116.05,193.26,False,TECH_WIND_ONSHORE,27
cemindo-gemilang-bayah,8.0,within_boundary,0.1287,4.7,0.0,1650.0,169.32,132.82,226.1,False,TECH_WIND_ONSHORE,27
cemindo-gemilang-bayah,10.0,within_boundary,0.1287,4.7,0.0,1650.0,193.92,150.71,261.13,False,TECH_WIND_ONSHORE,27
cemindo-gemilang-bayah,12.0,within_boundary,0.1287,4.7,0.0,1650.0,219.74,169.49,297.92,False,TECH_WIND_ONSHORE,27
cemindo-gemilang-bayah,14.0,within_boundary,0.1287,4.7,0.0,1650.0,246.51,188.96,336.04,False,TECH_WIND_ONSHORE,27
cemindo-gemilang-bayah,16.0,within_boundary,0.1287,4.7,0.0,1650.0,273.98,208.93,375.16,False,TECH_WIND_ONSHORE,27
cemindo-gemilang-bayah,18.0,within_boundary,0.1287,4.7,0.0,1650.0,301.97,229.29,415.02,False,TECH_WIND_ONSHORE,27
cemindo-gemilang-bayah,20.0,within_boundary,0.1287,4.7,0.0,1650.0,330.33,249.92,455.42,False,TECH_WIND_ONSHORE,27
cemindo-gemilang-bayah,4.0,grid_connected_solar,0.3157,8.41,114.0,1809.0,54.52,44.56,70.02,False,TECH_WIND_ONSHORE,27
cemindo-gemilang-bayah,6.0,grid_connected_solar,0.3157,8.41,114.0,1809.0,63.98,51.66,83.14,False,TECH_WIND_ONSHORE,27
cemindo-gemilang-bayah,8.0,grid_connected_solar,0.3157,8.41,114.0,1809.0,74.28,59.4,97.43,False,TECH_WIND_ONSHORE,27
cemindo-gemilang-bayah,10.0,grid_connected_solar,0.3157,8.41,114.0,1809.0,85.28,67.66,112.68,False,TECH_WIND_ONSHORE,27
cemindo-gemilang-bayah,12.0,grid_connected_solar,0.3157,8.41,114.0,1809.0,96.82,76.33,128.69,False,TECH_WIND_ONSHORE,27
cemindo-gemilang-bayah,14.0,grid_connected_solar,0.3157,8.41,114.0,1809.0,108.78,85.32,145.28,False,TECH_WIND_ONSHORE,27
cemindo-gemilang-bayah,16.0,grid_connected_solar,0.3157,8.41,114.0,1809.0,121.06,94.54,162.31,False,TECH_WIND_ONSHORE,27
cemindo-gemilang-bayah,18.0,grid_connected_solar,0.3157,8.41,114.0,1809.0,133.57,103.94,179.66,False,TECH_WIND_ONSHORE,27
cemindo-gemilang-bayah,20.0,grid_connected_solar,0.3157,8.41,114.0,1809.0,146.25,113.47,197.24,False,TECH_WIND_ONSHORE,27
sbi-cilacap,4.0,within_boundary,0.0828,4.04,0.0,1650.0,194.45,156.46,253.56,False,TECH_WIND_ONSHORE,27
sbi-cilacap,6.0,within_boundary,0.0828,4.04,0.0,1650.0,227.35,180.38,300.4,False,TECH_WIND_ONSHORE,27
sbi-cilacap,8.0,within_boundary,0.0828,4.04,0.0,1650.0,263.18,206.44,351.43,False,TECH_WIND_ONSHORE,27
sbi-cilacap,10.0,within_boundary,0.0828,4.04,0.0,1650.0,301.42,234.25,405.89,False,TECH_WIND_ONSHORE,27
sbi-cilacap,12.0,within_boundary,0.0828,4.04,0.0,1650.0,341.56,263.45,463.07,False,TECH_WIND_ONSHORE,27
sbi-cilacap,14.0,within_boundary,0.0828,4.04,0.0,1650.0,383.16,293.7,522.32,False,TECH_WIND_ONSHORE,27
sbi-cilacap,16.0,within_boundary,0.0828,4.04,0.0,1650.0,425.86,324.76,583.13,False,TECH_WIND_ONSHORE,27
sbi-cilacap,18.0,within_boundary,0.0828,4.04,0.0,1650.0,469.36,356.4,645.09,False,TECH_WIND_ONSHORE,27
sbi-cilacap,20.0,within_boundary,0.0828,4.04,0.0,1650.0,513.45,388.46,707.88,False,TECH_WIND_ONSHORE,27
sbi-cilacap,4.0,grid_connected_solar,0.2999,8.1,94.0,1789.0,56.93,46.44,73.24,False,TECH_WIND_ONSHORE,27
sbi-cilacap,6.0,grid_connected_solar,0.2999,8.1,94.0,1789.0,66.77,53.81,86.94,False,TECH_WIND_ONSHORE,27
sbi-cilacap,8.0,grid_connected_solar,0.2999,8.1,94.0,1789.0,77.5,61.84,101.87,False,TECH_WIND_ONSHORE,27
sbi-cilacap,10.0,grid_connected_solar,0.2999,8.1,94.0,1789.0,88.95,70.4,117.79,False,TECH_WIND_ONSHORE,27
sbi-cilacap,12.0,grid_connected_solar,0.2999,8.1,94.0,1789.0,100.96,79.4,134.51,False,TECH_WIND_ONSHORE,27
sbi-cilacap,14.0,grid_connected_solar,0.2999,8.1,94.0,1789.0,113.42,88.72,151.84,False,TECH_WIND_ONSHORE,27
sbi-cilacap,16.0,grid_connected_solar,0.2999,8.1,94.0,1789.0,126.2,98.29,169.62,False,TECH_WIND_ONSHORE,27
sbi-cilacap,18.0,grid_connected_solar,0.2999,8.1,94.0,1789.0,139.22,108.03,187.74,False,TECH_WIND_ONSHORE,27
sbi-cilacap,20.0,grid_connected_solar,0.2999,8.1,94.0,1789.0,152.42,117.91,206.1,False,TECH_WIND_ONSHORE,27
semen-imasco-asiatic-jember,4.0,within_boundary,0.05,3.18,0.0,1650.0,322.02,259.1,419.89,False,TECH_WIND_ONSHORE,27
semen-imasco-asiatic-jember,6.0,within_boundary,0.05,3.18,0.0,1650.0,376.48,298.71,497.46,False,TECH_WIND_ONSHORE,27
semen-imasco-asiatic-jember,8.0,within_boundary,0.05,3.18,0.0,1650.0,435.82,341.87,581.97,False,TECH_WIND_ONSHORE,27
semen-imasco-asiatic-jember,10.0,within_boundary,0.05,3.18,0.0,1650.0,499.14,387.92,672.16,False,TECH_WIND_ONSHORE,27
semen-imasco-asiatic-jember,12.0,within_boundary,0.05,3.18,0.0,1650.0,565.62,436.27,766.84,False,TECH_WIND_ONSHORE,27
semen-imasco-asiatic-jember,14.0,within_boundary,0.05,3.18,0.0,1650.0,634.52,486.37,864.96,False,TECH_WIND_ONSHORE,27
semen-imasco-asiatic-jember,16.0,within_boundary,0.05,3.18,0.0,1650.0,705.23,537.8,965.67,False,TECH_WIND_ONSHORE,27
semen-imasco-asiatic-jember,18.0,within_boundary,0.05,3.18,0.0,1650.0,777.27,590.19,1068.27,False,TECH_WIND_ONSHORE,27
semen-imasco-asiatic-jember,20.0,within_boundary,0.05,3.18,0.0,1650.0,850.27,643.29,1172.25,False,TECH_WIND_ONSHORE,27
semen-imasco-asiatic-jember,4.0,grid_connected_solar,0.3416,9.04,170.4,1865.5,51.54,42.33,65.87,False,TECH_WIND_ONSHORE,27
semen-imasco-asiatic-jember,6.0,grid_connected_solar,0.3416,9.04,170.4,1865.5,60.56,49.17,78.26,False,TECH_WIND_ONSHORE,27
semen-imasco-asiatic-jember,8.0,grid_connected_solar,0.3416,9.04,170.4,1865.5,70.38,56.62,91.77,False,TECH_WIND_ONSHORE,27
semen-imasco-asiatic-jember,10.0,grid_connected_solar,0.3416,9.04,170.4,1865.5,80.85,64.57,106.18,False,TECH_WIND_ONSHORE,27
semen-imasco-asiatic-jember,12.0,grid_connected_solar,0.3416,9.04,170.4,1865.5,91.85,72.92,121.31,False,TECH_WIND_ONSHORE,27
semen-imasco-asiatic-jember,14.0,grid_connected_solar,0.3416,9.04,170.4,1865.5,103.26,81.57,136.99,False,TECH_WIND_ONSHORE,27
semen-imasco-asiatic-jember,16.0,grid_connected_solar,0.3416,9.04,170.4,1865.5,114.96,90.45,153.08,False,TECH_WIND_ONSHORE,27
semen-imasco-asiatic-jember,18.0,grid_connected_solar,0.3416,9.04,170.4,1865.5,126.88,99.5,169.47,False,TECH_WIND_ONSHORE,27
semen-imasco-asiatic-jember,20.0,grid_connected_solar,0.3416,9.04,170.4,1865.5,138.96,108.66,186.09,False,TECH_WIND_ONSHORE,27
si-gresik-rembang,4.0,within_boundary,0.0738,3.92,0.0,1650.0,218.17,175.54,284.48,False,TECH_WIND_ONSHORE,27
si-gresik-rembang,6.0,within_boundary,0.0738,3.92,0.0,1650.0,255.07,202.38,337.03,False,TECH_WIND_ONSHORE,27
si-gresik-rembang,8.0,within_boundary,0.0738,3.92,0.0,1650.0,295.27,231.62,394.29,False,TECH_WIND_ONSHORE,27
si-gresik-rembang,10.0,within_boundary,0.0738,3.92,0.0,1650.0,338.17,262.82,455.39,False,TECH_WIND_ONSHORE,27
si-gresik-rembang,12.0,within_boundary,0.0738,3.92,0.0,1650.0,383.21,295.57,519.54,False,TECH_WIND_ONSHORE,27
si-gresik-rembang,14.0,within_boundary,0.0738,3.92,0.0,1650.0,429.89,329.52,586.02,False,TECH_WIND_ONSHORE,27
si-gresik-rembang,16.0,within_boundary,0.0738,3.92,0.0,1650.0,477.8,364.36,654.25,False,TECH_WIND_ONSHORE,27
si-gresik-rembang,18.0,within_boundary,0.0738,3.92,0.0,1650.0,526.6,399.86,723.76,False,TECH_WIND_ONSHORE,27
si-gresik-rembang,20.0,within_boundary,0.0738,3.92,0.0,1650.0,576.07,435.83,794.21,False,TECH_WIND_ONSHORE,27
si-gresik-rembang,4.0,grid_connected_solar,0.2558,7.08,115.8,1810.8,67.34,55.04,86.47,False,TECH_WIND_ONSHORE,27
si-gresik-rembang,6.0,grid_connected_solar,0.2558,7.08,115.8,1810.8,79.02,63.82,102.67,False,TECH_WIND_ONSHORE,27
si-gresik-rembang,8.0,grid_connected_solar,0.2558,7.08,115.8,1810.8,91.75,73.39,120.32,False,TECH_WIND_ONSHORE,27
si-gresik-rembang,10.0,grid_connected_solar,0.2558,7.08,115.8,1810.8,105.34,83.6,139.15,False,TECH_WIND_ONSHORE,27
si-gresik-rembang,12.0,grid_connected_solar,0.2558,7.08,115.8,1810.8,119.6,94.31,158.93,False,TECH_WIND_ONSHORE,27
si-gresik-rembang,14.0,grid_connected_solar,0.2558,7.08,115.8,1810.8,134.38,105.42,179.42,False,TECH_WIND_ONSHORE,27
si-gresik-rembang,16.0,grid_connected_solar,0.2558,7.08,115.8,1810.8,149.54,116.82,200.45,False,TECH_WIND_ONSHORE,27
si-gresik-rembang,18.0,grid_connected_solar,0.2558,7.08,115.8,1810.8,165.0,128.43,221.88,False,TECH_WIND_ONSHORE,27
si-gresik-rembang,20.0,grid_connected_solar,0.2558,7.08,115.8,1810.8,180.66,140.2,243.6,False,TECH_WIND_ONSHORE,27
semeru-surya-semen-kutai,4.0,within_boundary,0.0529,3.66,0.0,1650.0,304.36,244.9,396.87,False,TECH_WIND_ONSHORE,27
semeru-surya-semen-kutai,6.0,within_boundary,0.0529,3.66,0.0,1650.0,355.85,282.34,470.19,False,TECH_WIND_ONSHORE,27
semeru-surya-semen-kutai,8.0,within_boundary,0.0529,3.66,0.0,1650.0,411.93,323.13,550.07,False,TECH_WIND_ONSHORE,27
semeru-surya-semen-kutai,10.0,within_boundary,0.0529,3.66,0.0,1650.0,471.78,366.65,635.31,False,TECH_WIND_ONSHORE,27
semeru-surya-semen-kutai,12.0,within_boundary,0.0529,3.66,0.0,1650.0,534.61,412.35,724.8,False,TECH_WIND_ONSHORE,27
semeru-surya-semen-kutai,14.0,within_boundary,0.0529,3.66,0.0,1650.0,599.73,459.71,817.54,False,TECH_WIND_ONSHORE,27
semeru-surya-semen-kutai,16.0,within_boundary,0.0529,3.66,0.0,1650.0,666.56,508.32,912.73,False,TECH_WIND_ONSHORE,27
semeru-surya-semen-kutai,18.0,within_boundary,0.0529,3.66,0.0,1650.0,734.66,557.84,1009.71,False,TECH_WIND_ONSHORE,27
semeru-surya-semen-kutai,20.0,within_boundary,0.0529,3.66,0.0,1650.0,803.66,608.02,1107.99,False,TECH_WIND_ONSHORE,27
semeru-surya-semen-kutai,4.0,grid_connected_solar,0.0986,4.27,87.4,1782.4,172.68,140.78,222.31,False,TECH_WIND_ONSHORE,27
semeru-surya-semen-kutai,6.0,grid_connected_solar,0.0986,4.27,87.4,1782.4,202.52,163.08,263.87,False,TECH_WIND_ONSHORE,27
semeru-surya-semen-kutai,8.0,grid_connected_solar,0.0986,4.27,87.4,1782.4,235.02,187.38,309.13,False,TECH_WIND_ONSHORE,27
semeru-surya-semen-kutai,10.0,grid_connected_solar,0.0986,4.27,87.4,1782.4,269.71,213.31,357.45,False,TECH_WIND_ONSHORE,27
semeru-surya-semen-kutai,12.0,grid_connected_solar,0.0986,4.27,87.4,1782.4,306.13,240.53,408.16,False,TECH_WIND_ONSHORE,27
semeru-surya-semen-kutai,14.0,grid_connected_solar,0.0986,4.27,87.4,1782.4,343.87,268.74,460.72,False,TECH_WIND_ONSHORE,27
semeru-surya-semen-kutai,16.0,grid_connected_solar,0.0986,4.27,87.4,1782.4,382.6,297.7,514.67,False,TECH_WIND_ONSHORE,27
semeru-surya-semen-kutai,18.0,grid_connected_solar,0.0986,4.27,87.4,1782.4,422.06,327.2,569.63,False,TECH_WIND_ONSHORE,27
semeru-surya-semen-kutai,20.0,grid_connected_solar,0.0986,4.27,87.4,1782.4,462.06,357.09,625.33,False,TECH_WIND_ONSHORE,27
indocement-kotabaru-tarjun,4.0,within_boundary,0.05,3.08,0.0,1650.0,322.02,259.1,419.89,False,TECH_WIND_ONSHORE,27
indocement-kotabaru-tarjun,6.0,within_boundary,0.05,3.08,0.0,1650.0,376.48,298.71,497.46,False,TECH_WIND_ONSHORE,27
indocement-kotabaru-tarjun,8.0,within_boundary,0.05,3.08,0.0,1650.0,435.82,341.87,581.97,False,TECH_WIND_ONSHORE,27
indocement-kotabaru-tarjun,10.0,within_boundary,0.05,3.08,0.0,1650.0,499.14,387.92,672.16,False,TECH_WIND_ONSHORE,27
indocement-kotabaru-tarjun,12.0,within_boundary,0.05,3.08,0.0,1650.0,565.62,436.27,766.84,False,TECH_WIND_ONSHORE,27
indocement-kotabaru-tarjun,14.0,within_boundary,0.05,3.08,0.0,1650.0,634.52,486.37,864.96,False,TECH_WIND_ONSHORE,27
indocement-kotabaru-tarjun,16.0,within_boundary,0.05,3.08,0.0,1650.0,705.23,537.8,965.67,False,TECH_WIND_ONSHORE,27
indocement-kotabaru-tarjun,18.0,within_boundary,0.05,3.08,0.0,1650.0,777.27,590.19,1068.27,False,TECH_WIND_ONSHORE,27
indocement-kotabaru-tarjun,20.0,within_boundary,0.05,3.08,0.0,1650.0,850.27,643.29,1172.25,False,TECH_WIND_ONSHORE,27
indocement-kotabaru-tarjun,4.0,grid_connected_solar,0.1929,5.61,93.8,1788.8,88.5,72.19,113.87,False,TECH_WIND_ONSHORE,27
indocement-kotabaru-tarjun,6.0,grid_connected_solar,0.1929,5.61,93.8,1788.8,103.8,83.64,135.16,False,TECH_WIND_ONSHORE,27
indocement-kotabaru-tarjun,8.0,grid_connected_solar,0.1929,5.61,93.8,1788.8,120.48,96.12,158.36,False,TECH_WIND_ONSHORE,27
indocement-kotabaru-tarjun,10.0,grid_connected_solar,0.1929,5.61,93.8,1788.8,138.27,109.44,183.12,False,TECH_WIND_ONSHORE,27
indocement-kotabaru-tarjun,12.0,grid_connected_solar,0.1929,5.61,93.8,1788.8,156.95,123.42,209.11,False,TECH_WIND_ONSHORE,27
indocement-kotabaru-tarjun,14.0,grid_connected_solar,0.1929,5.61,93.8,1788.8,176.31,137.91,236.04,False,TECH_WIND_ONSHORE,27
indocement-kotabaru-tarjun,16.0,grid_connected_solar,0.1929,5.61,93.8,1788.8,196.18,152.78,263.69,False,TECH_WIND_ONSHORE,27
indocement-kotabaru-tarjun,18.0,grid_connected_solar,0.1929,5.61,93.8,1788.8,216.43,167.94,291.85,False,TECH_WIND_ONSHORE,27
indocement-kotabaru-tarjun,20.0,grid_connected_solar,0.1929,5.61,93.8,1788.8,236.94,183.29,320.4,False,TECH_WIND_ONSHORE,27
semen-grobogan,4.0,within_boundary,0.0502,3.63,0.0,1650.0,320.73,258.07,418.21,False,TECH_WIND_ONSHORE,27
semen-grobogan,6.0,within_boundary,0.0502,3.63,0.0,1650.0,374.98,297.52,495.48,False,TECH_WIND_ONSHORE,27
semen-grobogan,8.0,within_boundary,0.0502,3.63,0.0,1650.0,434.08,340.5,579.65,False,TECH_WIND_ONSHORE,27
semen-grobogan,10.0,within_boundary,0.0502,3.63,0.0,1650.0,497.16,386.37,669.48,False,TECH_WIND_ONSHORE,27
semen-grobogan,12.0,within_boundary,0.0502,3.63,0.0,1650.0,563.37,434.53,763.78,False,TECH_WIND_ONSHORE,27
semen-grobogan,14.0,within_boundary,0.0502,3.63,0.0,1650.0,631.99,484.44,861.52,False,TECH_WIND_ONSHORE,27
semen-grobogan,16.0,within_boundary,0.0502,3.63,0.0,1650.0,702.42,535.66,961.82,False,TECH_WIND_ONSHORE,27
semen-grobogan,18.0,within_boundary,0.0502,3.63,0.0,1650.0,774.17,587.84,1064.02,False,TECH_WIND_ONSHORE,27
semen-grobogan,20.0,within_boundary,0.0502,3.63,0.0,1650.0,846.89,640.72,1167.58,False,TECH_WIND_ONSHORE,27
semen-grobogan,4.0,grid_connected_solar,0.2822,7.74,121.4,1816.5,61.18,50.03,78.52,False,TECH_WIND_ONSHORE,27
semen-grobogan,6.0,grid_connected_solar,0.2822,7.74,121.4,1816.5,71.8,58.02,93.24,False,TECH_WIND_ONSHORE,27
semen-grobogan,8.0,grid_connected_solar,0.2822,7.74,121.4,1816.5,83.38,66.73,109.27,False,TECH_WIND_ONSHORE,27
semen-grobogan,10.0,grid_connected_solar,0.2822,7.74,121.4,1816.5,95.73,76.02,126.38,False,TECH_WIND_ONSHORE,27
semen-grobogan,12.0,grid_connected_solar,0.2822,7.74,121.4,1816.5,108.69,85.77,144.35,False,TECH_WIND_ONSHORE,27
semen-grobogan,14.0,grid_connected_solar,0.2822,7.74,121.4,1816.5,122.13,95.88,162.96,False,TECH_WIND_ONSHORE,27
semen-grobogan,16.0,grid_connected_solar,0.2822,7.74,121.4,1816.5,135.92,106.26,182.07,False,TECH_WIND_ONSHORE,27
semen-grobogan,18.0,grid_connected_solar,0.2822,7.74,121.4,1816.5,149.98,116.83,201.54,False,TECH_WIND_ONSHORE,27
semen-grobogan,20.0,grid_connected_solar,0.2822,7.74,121.4,1816.5,164.22,127.54,221.26,False,TECH_WIND_ONSHORE,27
semen-garuda-bekasi,4.0,within_boundary,0.0,2.23,0.0,1650.0,,,,False,TECH_WIND_ONSHORE,27
semen-garuda-bekasi,6.0,within_boundary,0.0,2.23,0.0,1650.0,,,,False,TECH_WIND_ONSHORE,27
semen-garuda-bekasi,8.0,within_boundary,0.0,2.23,0.0,1650.0,,,,False,TECH_WIND_ONSHORE,27
semen-garuda-bekasi,10.0,within_boundary,0.0,2.23,0.0,1650.0,,,,False,TECH_WIND_ONSHORE,27
semen-garuda-bekasi,12.0,within_boundary,0.0,2.23,0.0,1650.0,,,,False,TECH_WIND_ONSHORE,27
semen-garuda-bekasi,14.0,within_boundary,0.0,2.23,0.0,1650.0,,,,False,TECH_WIND_ONSHORE,27
semen-garuda-bekasi,16.0,within_boundary,0.0,2.23,0.0,1650.0,,,,False,TECH_WIND_ONSHORE,27
semen-garuda-bekasi,18.0,within_boundary,0.0,2.23,0.0,1650.0,,,,False,TECH_WIND_ONSHORE,27
semen-garuda-bekasi,20.0,within_boundary,0.0,2.23,0.0,1650.0,,,,False,TECH_WIND_ONSHORE,27
semen-garuda-bekasi,4.0,grid_connected_solar,0.1945,5.64,90.8,1785.8,87.66,71.49,112.82,False,TECH_WIND_ONSHORE,27
semen-garuda-bekasi,6.0,grid_connected_solar,0.1945,5.64,90.8,1785.8,102.82,82.82,133.92,False,TECH_WIND_ONSHORE,27
semen-garuda-bekasi,8.0,grid_connected_solar,0.1945,5.64,90.8,1785.8,119.32,95.17,156.9,False,TECH_WIND_ONSHORE,27
semen-garuda-bekasi,10.0,grid_connected_solar,0.1945,5.64,90.8,1785.8,136.94,108.35,181.42,False,TECH_WIND_ONSHORE,27
semen-garuda-bekasi,12.0,grid_connected_solar,0.1945,5.64,90.8,1785.8,155.44,122.19,207.17,False,TECH_WIND_ONSHORE,27
semen-garuda-bekasi,14.0,grid_connected_solar,0.1945,5.64,90.8,1785.8,174.61,136.52,233.85,False,TECH_WIND_ONSHORE,27
semen-garuda-bekasi,16.0,grid_connected_solar,0.1945,5.64,90.8,1785.8,194.28,151.24,261.23,False,TECH_WIND_ONSHORE,27
semen-garuda-bekasi,18.0,grid_connected_solar,0.1945,5.64,90.8,1785.8,214.32,166.23,289.13,False,TECH_WIND_ONSHORE,27
semen-garuda-bekasi,20.0,grid_connected_solar,0.1945,5.64,90.8,1785.8,234.64,181.43,317.41,False,TECH_WIND_ONSHORE,27
sbi-andalas-lhoknga,4.0,within_boundary,0.0984,4.26,0.0,1650.0,163.63,131.66,213.36,False,TECH_WIND_ONSHORE,27
sbi-andalas-lhoknga,6.0,within_boundary,0.0984,4.26,0.0,1650.0,191.3,151.79,252.78,False,TECH_WIND_ONSHORE,27
sbi-andalas-lhoknga,8.0,within_boundary,0.0984,4.26,0.0,1650.0,221.45,173.71,295.72,False,TECH_WIND_ONSHORE,27
sbi-andalas-lhoknga,10.0,within_boundary,0.0984,4.26,0.0,1650.0,253.63,197.11,341.54,False,TECH_WIND_ONSHORE,27
sbi-andalas-lhoknga,12.0,within_boundary,0.0984,4.26,0.0,1650.0,287.41,221.68,389.65,False,TECH_WIND_ONSHORE,27
sbi-andalas-lhoknga,14.0,within_boundary,0.0984,4.26,0.0,1650.0,322.42,247.14,439.51,False,TECH_WIND_ONSHORE,27
sbi-andalas-lhoknga,16.0,within_boundary,0.0984,4.26,0.0,1650.0,358.35,273.27,490.69,False,TECH_WIND_ONSHORE,27
sbi-andalas-lhoknga,18.0,within_boundary,0.0984,4.26,0.0,1650.0,394.95,299.89,542.82,False,TECH_WIND_ONSHORE,27
sbi-andalas-lhoknga,20.0,within_boundary,0.0984,4.26,0.0,1650.0,432.05,326.87,595.66,False,TECH_WIND_ONSHORE,27
sbi-andalas-lhoknga,4.0,grid_connected_solar,0.3962,10.81,143.4,1838.5,43.96,36.02,56.31,False,TECH_WIND_ONSHORE,27
sbi-andalas-lhoknga,6.0,grid_connected_solar,0.3962,10.81,143.4,1838.5,51.62,41.81,66.89,False,TECH_WIND_ONSHORE,27
sbi-andalas-lhoknga,8.0,grid_connected_solar,0.3962,10.81,143.4,1838.5,59.97,48.11,78.41,False,TECH_WIND_ONSHORE,27
sbi-andalas-lhoknga,10.0,grid_connected_solar,0.3962,10.81,143.4,1838.5,68.87,54.83,90.7,False,TECH_WIND_ONSHORE,27
sbi-andalas-lhoknga,12.0,grid_connected_solar,0.3962,10.81,143.4,1838.5,78.22,61.89,103.61,False,TECH_WIND_ONSHORE,27
sbi-andalas-lhoknga,14.0,grid_connected_solar,0.3962,10.81,143.4,1838.5,87.9,69.21,116.99,False,TECH_WIND_ONSHORE,27
sbi-andalas-lhoknga,16.0,grid_connected_solar,0.3962,10.81,143.4,1838.5,97.85,76.72,130.71,False,TECH_WIND_ONSHORE,27
sbi-andalas-lhoknga,18.0,grid_connected_solar,0.3962,10.81,143.4,1838.5,107.98,84.37,144.7,False,TECH_WIND_ONSHORE,27
sbi-andalas-lhoknga,20.0,grid_connected_solar,0.3962,10.81,143.4,1838.5,118.24,92.12,158.88,False,TECH_WIND_ONSHORE,27
semen-jawa-scg-sukabumi,4.0,within_boundary,0.05,3.1,0.0,1650.0,322.02,259.1,419.89,False,TECH_WIND_ONSHORE,27
semen-jawa-scg-sukabumi,6.0,within_boundary,0.05,3.1,0.0,1650.0,376.48,298.71,497.46,False,TECH_WIND_ONSHORE,27
semen-jawa-scg-sukabumi,8.0,within_boundary,0.05,3.1,0.0,1650.0,435.82,341.87,581.97,False,TECH_WIND_ONSHORE,27
semen-jawa-scg-sukabumi,10.0,within_boundary,0.05,3.1,0.0,1650.0,499.14,387.92,672.16,False,TECH_WIND_ONSHORE,27
semen-jawa-scg-sukabumi,12.0,within_boundary,0.05,3.1,0.0,1650.0,565.62,436.27,766.84,False,TECH_WIND_ONSHORE,27
semen-jawa-scg-sukabumi,14.0,within_boundary,0.05,3.1,0.0,1650.0,634.52,486.37,864.96,False,TECH_WIND_ONSHORE,27
semen-jawa-scg-sukabumi,16.0,within_boundary,0.05,3.1,0.0,1650.0,705.23,537.8,965.67,False,TECH_WIND_ONSHORE,27
semen-jawa-scg-sukabumi,18.0,within_boundary,0.05,3.1,0.0,1650.0,777.27,590.19,1068.27,False,TECH_WIND_ONSHORE,27
semen-jawa-scg-sukabumi,20.0,within_boundary,0.05,3.1,0.0,1650.0,850.27,643.29,1172.25,False,TECH_WIND_ONSHORE,27
semen-jawa-scg-sukabumi,4.0,grid_connected_solar,0.3157,8.41,102.7,1797.7,54.27,44.31,69.77,False,TECH_WIND_ONSHORE,27
semen-jawa-scg-sukabumi,6.0,grid_connected_solar,0.3157,8.41,102.7,1797.7,63.67,51.35,82.83,False,TECH_WIND_ONSHORE,27
semen-jawa-scg-sukabumi,8.0,grid_connected_solar,0.3157,8.41,102.7,1797.7,73.91,59.03,97.06,False,TECH_WIND_ONSHORE,27
semen-jawa-scg-sukabumi,10.0,grid_connected_solar,0.3157,8.41,102.7,1797.7,84.84,67.22,112.24,False,TECH_WIND_ONSHORE,27
semen-jawa-scg-sukabumi,12.0,grid_connected_solar,0.3157,8.41,102.7,1797.7,96.31,75.82,128.17,False,TECH_WIND_ONSHORE,27
semen-jawa-scg-sukabumi,14.0,grid_connected_solar,0.3157,8.41,102.7,1797.7,108.19,84.73,144.69,False,TECH_WIND_ONSHORE,27
semen-jawa-scg-sukabumi,16.0,grid_connected_solar,0.3157,8.41,102.7,1797.7,120.4,93.88,161.64,False,TECH_WIND_ONSHORE,27
semen-jawa-scg-sukabumi,18.0,grid_connected_solar,0.3157,8.41,102.7,1797.7,132.83,103.2,178.92,False,TECH_WIND_ONSHORE,27
semen-jawa-scg-sukabumi,20.0,grid_connected_solar,0.3157,8.41,102.7,1797.7,145.42,112.64,196.42,False,TECH_WIND_ONSHORE,27
semen-bosowa-banyuwangi,4.0,within_boundary,0.1135,4.48,0.0,1650.0,141.86,114.14,184.97,False,TECH_WIND_ONSHORE,27
semen-bosowa-banyuwangi,6.0,within_boundary,0.1135,4.48,0.0,1650.0,165.85,131.59,219.15,False,TECH_WIND_ONSHORE,27
semen-bosowa-banyuwangi,8.0,within_boundary,0.1135,4.48,0.0,1650.0,191.99,150.6,256.37,False,TECH_WIND_ONSHORE,27
semen-bosowa-banyuwangi,10.0,within_boundary,0.1135,4.48,0.0,1650.0,219.89,170.89,296.11,False,TECH_WIND_ONSHORE,27
semen-bosowa-banyuwangi,12.0,within_boundary,0.1135,4.48,0.0,1650.0,249.17,192.19,337.81,False,TECH_WIND_ONSHORE,27
semen-bosowa-banyuwangi,14.0,within_boundary,0.1135,4.48,0.0,1650.0,279.52,214.26,381.04,False,TECH_WIND_ONSHORE,27
semen-bosowa-banyuwangi,16.0,within_boundary,0.1135,4.48,0.0,1650.0,310.67,236.92,425.4,False,TECH_WIND_ONSHORE,27
semen-bosowa-banyuwangi,18.0,within_boundary,0.1135,4.48,0.0,1650.0,342.41,260.0,470.61,False,TECH_WIND_ONSHORE,27
semen-bosowa-banyuwangi,20.0,within_boundary,0.1135,4.48,0.0,1650.0,374.57,283.39,516.41,False,TECH_WIND_ONSHORE,27
semen-bosowa-banyuwangi,4.0,grid_connected_solar,0.3825,10.13,109.2,1804.2,44.91,36.69,57.7,False,TECH_WIND_ONSHORE,27
semen-bosowa-banyuwangi,6.0,grid_connected_solar,0.3825,10.13,109.2,1804.2,52.7,42.53,68.51,False,TECH_WIND_ONSHORE,27
semen-bosowa-banyuwangi,8.0,grid_connected_solar,0.3825,10.13,109.2,1804.2,61.18,48.9,80.28,False,TECH_WIND_ONSHORE,27
semen-bosowa-banyuwangi,10.0,grid_connected_solar,0.3825,10.13,109.2,1804.2,70.23,55.69,92.84,False,TECH_WIND_ONSHORE,27
semen-bosowa-banyuwangi,12.0,grid_connected_solar,0.3825,10.13,109.2,1804.2,79.73,62.82,106.03,False,TECH_WIND_ONSHORE,27
semen-bosowa-banyuwangi,14.0,grid_connected_solar,0.3825,10.13,109.2,1804.2,89.58,70.21,119.7,False,TECH_WIND_ONSHORE,27
semen-bosowa-banyuwangi,16.0,grid_connected_solar,0.3825,10.13,109.2,1804.2,99.68,77.8,133.73,False,TECH_WIND_ONSHORE,27
semen-bosowa-banyuwangi,18.0,grid_connected_solar,0.3825,10.13,109.2,1804.2,109.98,85.53,148.02,False,TECH_WIND_ONSHORE,27
semen-bosowa-banyuwangi,20.0,grid_connected_solar,0.3825,10.13,109.2,1804.2,120.42,93.36,162.5,False,TECH_WIND_ONSHORE,27
cemindo-gemilang-ciwandan,4.0,within_boundary,0.0651,3.81,0.0,1650.0,247.33,199.0,322.49,False,TECH_WIND_ONSHORE,27
cemindo-gemilang-ciwandan,6.0,within_boundary,0.0651,3.81,0.0,1650.0,289.16,229.43,382.08,False,TECH_WIND_ONSHORE,27
cemindo-gemilang-ciwandan,8.0,within_boundary,0.0651,3.81,0.0,1650.0,334.73,262.57,446.98,False,TECH_WIND_ONSHORE,27
cemindo-gemilang-ciwandan,10.0,within_boundary,0.0651,3.81,0.0,1650.0,383.37,297.94,516.25,False,TECH_WIND_ONSHORE,27
cemindo-gemilang-ciwandan,12.0,within_boundary,0.0651,3.81,0.0,1650.0,434.42,335.07,588.97,False,TECH_WIND_ONSHORE,27
cemindo-gemilang-ciwandan,14.0,within_boundary,0.0651,3.81,0.0,1650.0,487.34,373.56,664.33,False,TECH_WIND_ONSHORE,27
cemindo-gemilang-ciwandan,16.0,within_boundary,0.0651,3.81,0.0,1650.0,541.65,413.06,741.68,False,TECH_WIND_ONSHORE,27
cemindo-gemilang-ciwandan,18.0,within_boundary,0.0651,3.81,0.0,1650.0,596.98,453.3,820.49,False,TECH_WIND_ONSHORE,27
cemindo-gemilang-ciwandan,20.0,within_boundary,0.0651,3.81,0.0,1650.0,653.05,494.08,900.35,False,TECH_WIND_ONSHORE,27
cemindo-gemilang-ciwandan,4.0,grid_connected_solar,0.2446,6.74,82.3,1777.3,69.46,56.6,89.47,False,TECH_WIND_ONSHORE,27
cemindo-gemilang-ciwandan,6.0,grid_connected_solar,0.2446,6.74,82.3,1777.3,81.46,65.56,106.19,False,TECH_WIND_ONSHORE,27
cemindo-gemilang-ciwandan,8.0,grid_connected_solar,0.2446,6.74,82.3,1777.3,94.52,75.32,124.4,False,TECH_WIND_ONSHORE,27
cemindo-gemilang-ciwandan,10.0,grid_connected_solar,0.2446,6.74,82.3,1777.3,108.47,85.73,143.83,False,TECH_WIND_ONSHORE,27
cemindo-gemilang-ciwandan,12.0,grid_connected_solar,0.2446,6.74,82.3,1777.3,123.1,96.66,164.24,False,TECH_WIND_ONSHORE,27
cemindo-gemilang-ciwandan,14.0,grid_connected_solar,0.2446,6.74,82.3,1777.3,138.27,107.99,185.38,False,TECH_WIND_ONSHORE,27
cemindo-gemilang-ciwandan,16.0,grid_connected_solar,0.2446,6.74,82.3,1777.3,153.84,119.62,207.08,False,TECH_WIND_ONSHORE,27
cemindo-gemilang-ciwandan,18.0,grid_connected_solar,0.2446,6.74,82.3,1777.3,169.71,131.47,229.19,False,TECH_WIND_ONSHORE,27
cemindo-gemilang-ciwandan,20.0,grid_connected_solar,0.2446,6.74,82.3,1777.3,185.78,143.47,251.6,False,TECH_WIND_ONSHORE,27
conch-south-kalimantan,4.0,within_boundary,0.0,1.81,0.0,1650.0,,,,False,TECH_WIND_ONSHORE,27
conch-south-kalimantan,6.0,within_boundary,0.0,1.81,0.0,1650.0,,,,False,TECH_WIND_ONSHORE,27
conch-south-kalimantan,8.0,within_boundary,0.0,1.81,0.0,1650.0,,,,False,TECH_WIND_ONSHORE,27
conch-south-kalimantan,10.0,within_boundary,0.0,1.81,0.0,1650.0,,,,False,TECH_WIND_ONSHORE,27
conch-south-kalimantan,12.0,within_boundary,0.0,1.81,0.0,1650.0,,,,False,TECH_WIND_ONSHORE,27
conch-south-kalimantan,14.0,within_boundary,0.0,1.81,0.0,1650.0,,,,False,TECH_WIND_ONSHORE,27
conch-south-kalimantan,16.0,within_boundary,0.0,1.81,0.0,1650.0,,,,False,TECH_WIND_ONSHORE,27
conch-south-kalimantan,18.0,within_boundary,0.0,1.81,0.0,1650.0,,,,False,TECH_WIND_ONSHORE,27
conch-south-kalimantan,20.0,within_boundary,0.0,1.81,0.0,1650.0,,,,False,TECH_WIND_ONSHORE,27
conch-south-kalimantan,4.0,grid_connected_solar,0.1881,5.54,104.2,1799.2,91.14,74.42,117.16,False,TECH_WIND_ONSHORE,27
conch-south-kalimantan,6.0,grid_connected_solar,0.1881,5.54,104.2,1799.2,106.93,86.26,139.09,False,TECH_WIND_ONSHORE,27
conch-south-kalimantan,8.0,grid_connected_solar,0.1881,5.54,104.2,1799.2,124.13,99.16,162.98,False,TECH_WIND_ONSHORE,27
conch-south-kalimantan,10.0,grid_connected_solar,0.1881,5.54,104.2,1799.2,142.49,112.92,188.48,False,TECH_WIND_ONSHORE,27
conch-south-kalimantan,12.0,grid_connected_solar,0.1881,5.54,104.2,1799.2,161.76,127.37,215.24,False,TECH_WIND_ONSHORE,27
conch-south-kalimantan,14.0,grid_connected_solar,0.1881,5.54,104.2,1799.2,181.73,142.35,242.98,False,TECH_WIND_ONSHORE,27
conch-south-kalimantan,16.0,grid_connected_solar,0.1881,5.54,104.2,1799.2,202.22,157.72,271.45,False,TECH_WIND_ONSHORE,27
conch-south-kalimantan,18.0,grid_connected_solar,0.1881,5.54,104.2,1799.2,223.1,173.38,300.46,False,TECH_WIND_ONSHORE,27
conch-south-kalimantan,20.0,grid_connected_solar,0.1881,5.54,104.2,1799.2,244.26,189.24,329.85,False,TECH_WIND_ONSHORE,27
cemindo-gemilang-batam,4.0,within_boundary,0.1049,4.36,0.0,1650.0,153.49,123.5,200.14,False,TECH_WIND_ONSHORE,27
cemindo-gemilang-batam,6.0,within_boundary,0.1049,4.36,0.0,1650.0,179.45,142.38,237.11,False,TECH_WIND_ONSHORE,27
cemindo-gemilang-batam,8.0,within_boundary,0.1049,4.36,0.0,1650.0,207.73,162.95,277.39,False,TECH_WIND_ONSHORE,27
cemindo-gemilang-batam,10.0,within_boundary,0.1049,4.36,0.0,1650.0,237.91,184.9,320.38,False,TECH_WIND_ONSHORE,27
cemindo-gemilang-batam,12.0,within_boundary,0.1049,4.36,0.0,1650.0,269.6,207.94,365.51,False,TECH_WIND_ONSHORE,27
cemindo-gemilang-batam,14.0,within_boundary,0.1049,4.36,0.0,1650.0,302.44,231.83,412.28,False,TECH_WIND_ONSHORE,27
cemindo-gemilang-batam,16.0,within_boundary,0.1049,4.36,0.0,1650.0,336.14,256.34,460.28,False,TECH_WIND_ONSHORE,27
cemindo-gemilang-batam,18.0,within_boundary,0.1049,4.36,0.0,1650.0,370.48,281.31,509.19,False,TECH_WIND_ONSHORE,27
cemindo-gemilang-batam,20.0,within_boundary,0.1049,4.36,0.0,1650.0,405.28,306.62,558.75,False,TECH_WIND_ONSHORE,27
cemindo-gemilang-batam,4.0,grid_connected_solar,0.2277,6.23,102.3,1797.3,75.23,61.42,96.73,False,TECH_WIND_ONSHORE,27
cemindo-gemilang-batam,6.0,grid_connected_solar,0.2277,6.23,102.3,1797.3,88.26,71.19,114.83,False,TECH_WIND_ONSHORE,27
cemindo-gemilang-batam,8.0,grid_connected_solar,0.2277,6.23,102.3,1797.3,102.46,81.83,134.55,False,TECH_WIND_ONSHORE,27
cemindo-gemilang-batam,10.0,grid_connected_solar,0.2277,6.23,102.3,1797.3,117.6,93.18,155.59,False,TECH_WIND_ONSHORE,27
cemindo-gemilang-batam,12.0,grid_connected_solar,0.2277,6.23,102.3,1797.3,133.5,105.1,177.69,False,TECH_WIND_ONSHORE,27
cemindo-gemilang-batam,14.0,grid_connected_solar,0.2277,6.23,102.3,1797.3,149.98,117.45,200.59,False,TECH_WIND_ONSHORE,27
cemindo-gemilang-batam,16.0,grid_connected_solar,0.2277,6.23,102.3,1797.3,166.9,130.13,224.09,False,TECH_WIND_ONSHORE,27
cemindo-gemilang-batam,18.0,grid_connected_solar,0.2277,6.23,102.3,1797.3,184.13,143.05,248.03,False,TECH_WIND_ONSHORE,27
cemindo-gemilang-batam,20.0,grid_connected_solar,0.2277,6.23,102.3,1797.3,201.59,156.14,272.29,False,TECH_WIND_ONSHORE,27
semen-bosowa-batam,4.0,within_boundary,0.0993,4.28,0.0,1650.0,162.14,130.46,211.42,False,TECH_WIND_ONSHORE,27
semen-bosowa-batam,6.0,within_boundary,0.0993,4.28,0.0,1650.0,189.57,150.41,250.48,False,TECH_WIND_ONSHORE,27
semen-bosowa-batam,8.0,within_boundary,0.0993,4.28,0.0,1650.0,219.45,172.14,293.04,False,TECH_WIND_ONSHORE,27
semen-bosowa-batam,10.0,within_boundary,0.0993,4.28,0.0,1650.0,251.33,195.33,338.45,False,TECH_WIND_ONSHORE,27
semen-bosowa-batam,12.0,within_boundary,0.0993,4.28,0.0,1650.0,284.8,219.67,386.12,False,TECH_WIND_ONSHORE,27
semen-bosowa-batam,14.0,within_boundary,0.0993,4.28,0.0,1650.0,319.49,244.9,435.53,False,TECH_WIND_ONSHORE,27
semen-bosowa-batam,16.0,within_boundary,0.0993,4.28,0.0,1650.0,355.1,270.79,486.24,False,TECH_WIND_ONSHORE,27
semen-bosowa-batam,18.0,within_boundary,0.0993,4.28,0.0,1650.0,391.37,297.18,537.9,False,TECH_WIND_ONSHORE,27
semen-bosowa-batam,20.0,within_boundary,0.0993,4.28,0.0,1650.0,428.13,323.91,590.26,False,TECH_WIND_ONSHORE,27
semen-bosowa-batam,4.0,grid_connected_solar,0.2277,6.23,100.4,1795.4,75.17,61.36,96.67,False,TECH_WIND_ONSHORE,27
semen-bosowa-batam,6.0,grid_connected_solar,0.2277,6.23,100.4,1795.4,88.19,71.11,114.75,False,TECH_WIND_ONSHORE,27
semen-bosowa-batam,8.0,grid_connected_solar,0.2277,6.23,100.4,1795.4,102.37,81.74,134.46,False,TECH_WIND_ONSHORE,27
semen-bosowa-batam,10.0,grid_connected_solar,0.2277,6.23,100.4,1795.4,117.5,93.07,155.49,False,TECH_WIND_ONSHORE,27
semen-bosowa-batam,12.0,grid_connected_solar,0.2277,6.23,100.4,1795.4,133.38,104.98,177.57,False,TECH_WIND_ONSHORE,27
semen-bosowa-batam,14.0,grid_connected_solar,0.2277,6.23,100.4,1795.4,149.84,117.31,200.45,False,TECH_WIND_ONSHORE,27
semen-bosowa-batam,16.0,grid_connected_solar,0.2277,6.23,100.4,1795.4,166.74,129.97,223.93,False,TECH_WIND_ONSHORE,27
semen-bosowa-batam,18.0,grid_connected_solar,0.2277,6.23,100.4,1795.4,183.95,142.87,247.85,False,TECH_WIND_ONSHORE,27
semen-bosowa-batam,20.0,grid_connected_solar,0.2277,6.23,100.4,1795.4,201.4,155.94,272.1,False,TECH_WIND_ONSHORE,27
semen-jakarta,4.0,within_boundary,0.05,3.58,0.0,1650.0,322.02,259.1,419.89,False,TECH_WIND_ONSHORE,27
semen-jakarta,6.0,within_boundary,0.05,3.58,0.0,1650.0,376.48,298.71,497.46,False,TECH_WIND_ONSHORE,27
semen-jakarta,8.0,within_boundary,0.05,3.58,0.0,1650.0,435.82,341.87,581.97,False,TECH_WIND_ONSHORE,27
semen-jakarta,10.0,within_boundary,0.05,3.58,0.0,1650.0,499.14,387.92,672.16,False,TECH_WIND_ONSHORE,27
semen-jakarta,12.0,within_boundary,0.05,3.58,0.0,1650.0,565.62,436.27,766.84,False,TECH_WIND_ONSHORE,27
semen-jakarta,14.0,within_boundary,0.05,3.58,0.0,1650.0,634.52,486.37,864.96,False,TECH_WIND_ONSHORE,27
semen-jakarta,16.0,within_boundary,0.05,3.58,0.0,1650.0,705.23,537.8,965.67,False,TECH_WIND_ONSHORE,27
semen-jakarta,18.0,within_boundary,0.05,3.58,0.0,1650.0,777.27,590.19,1068.27,False,TECH_WIND_ONSHORE,27
semen-jakarta,20.0,within_boundary,0.05,3.58,0.0,1650.0,850.27,643.29,1172.25,False,TECH_WIND_ONSHORE,27
semen-jakarta,4.0,grid_connected_solar,0.2446,6.74,95.5,1790.5,69.84,56.98,89.85,False,TECH_WIND_ONSHORE,27
semen-jakarta,6.0,grid_connected_solar,0.2446,6.74,95.5,1790.5,81.92,66.02,106.65,False,TECH_WIND_ONSHORE,27
semen-jakarta,8.0,grid_connected_solar,0.2446,6.74,95.5,1790.5,95.08,75.88,124.96,False,TECH_WIND_ONSHORE,27
semen-jakarta,10.0,grid_connected_solar,0.2446,6.74,95.5,1790.5,109.13,86.39,144.5,False,TECH_WIND_ONSHORE,27
semen-jakarta,12.0,grid_connected_solar,0.2446,6.74,95.5,1790.5,123.87,97.43,165.01,False,TECH_WIND_ONSHORE,27
semen-jakarta,14.0,grid_connected_solar,0.2446,6.74,95.5,1790.5,139.16,108.87,186.26,False,TECH_WIND_ONSHORE,27
semen-jakarta,16.0,grid_connected_solar,0.2446,6.74,95.5,1790.5,154.84,120.62,208.08,False,TECH_WIND_ONSHORE,27
semen-jakarta,18.0,grid_connected_solar,0.2446,6.74,95.5,1790.5,170.82,132.58,230.31,False,TECH_WIND_ONSHORE,27
semen-jakarta,20.0,grid_connected_solar,0.2446,6.74,95.5,1790.5,187.01,144.7,252.83,False,TECH_WIND_ONSHORE,27
semen-gresik-city,4.0,within_boundary,0.0517,3.65,0.0,1650.0,311.43,250.58,406.08,False,TECH_WIND_ONSHORE,27
semen-gresik-city,6.0,within_boundary,0.0517,3.65,0.0,1650.0,364.11,288.89,481.1,False,TECH_WIND_ONSHORE,27
semen-gresik-city,8.0,within_boundary,0.0517,3.65,0.0,1650.0,421.49,330.63,562.83,False,TECH_WIND_ONSHORE,27
semen-gresik-city,10.0,within_boundary,0.0517,3.65,0.0,1650.0,482.73,375.16,650.06,False,TECH_WIND_ONSHORE,27
semen-gresik-city,12.0,within_boundary,0.0517,3.65,0.0,1650.0,547.02,421.92,741.62,False,TECH_WIND_ONSHORE,27
semen-gresik-city,14.0,within_boundary,0.0517,3.65,0.0,1650.0,613.65,470.38,836.52,False,TECH_WIND_ONSHORE,27
semen-gresik-city,16.0,within_boundary,0.0517,3.65,0.0,1650.0,682.04,520.11,933.92,False,TECH_WIND_ONSHORE,27
semen-gresik-city,18.0,within_boundary,0.0517,3.65,0.0,1650.0,751.71,570.79,1033.15,False,TECH_WIND_ONSHORE,27
semen-gresik-city,20.0,within_boundary,0.0517,3.65,0.0,1650.0,822.31,622.13,1133.71,False,TECH_WIND_ONSHORE,27
semen-gresik-city,4.0,grid_connected_solar,0.1763,5.38,84.5,1779.5,96.46,78.62,124.22,False,TECH_WIND_ONSHORE,27
semen-gresik-city,6.0,grid_connected_solar,0.1763,5.38,84.5,1779.5,113.12,91.06,147.43,False,TECH_WIND_ONSHORE,27
semen-gresik-city,8.0,grid_connected_solar,0.1763,5.38,84.5,1779.5,131.27,104.62,172.72,False,TECH_WIND_ONSHORE,27
semen-gresik-city,10.0,grid_connected_solar,0.1763,5.38,84.5,1779.5,150.64,119.09,199.71,False,TECH_WIND_ONSHORE,27
semen-gresik-city,12.0,grid_connected_solar,0.1763,5.38,84.5,1779.5,170.97,134.29,228.04,False,TECH_WIND_ONSHORE,27
semen-gresik-city,14.0,grid_connected_solar,0.1763,5.38,84.5,1779.5,192.04,150.03,257.4,False,TECH_WIND_ONSHORE,27
semen-gresik-city,16.0,grid_connected_solar,0.1763,5.38,84.5,1779.5,213.67,166.19,287.54,False,TECH_WIND_ONSHORE,27
semen-gresik-city,18.0,grid_connected_solar,0.1763,5.38,84.5,1779.5,235.71,182.65,318.24,False,TECH_WIND_ONSHORE,27
semen-gresik-city,20.0,grid_connected_solar,0.1763,5.38,84.5,1779.5,258.04,199.33,349.35,False,TECH_WIND_ONSHORE,27
solusi-bangun-cilegon,4.0,within_boundary,0.0735,3.92,0.0,1650.0,219.06,176.26,285.64,False,TECH_WIND_ONSHORE,27
solusi-bangun-cilegon,6.0,within_boundary,0.0735,3.92,0.0,1650.0,256.11,203.21,338.41,False,TECH_WIND_ONSHORE,27
solusi-bangun-cilegon,8.0,within_boundary,0.0735,3.92,0.0,1650.0,296.48,232.56,395.9,False,TECH_WIND_ONSHORE,27
solusi-bangun-cilegon,10.0,within_boundary,0.0735,3.92,0.0,1650.0,339.55,263.89,457.25,False,TECH_WIND_ONSHORE,27
solusi-bangun-cilegon,12.0,within_boundary,0.0735,3.92,0.0,1650.0,384.78,296.78,521.66,False,TECH_WIND_ONSHORE,27
solusi-bangun-cilegon,14.0,within_boundary,0.0735,3.92,0.0,1650.0,431.64,330.87,588.41,False,TECH_WIND_ONSHORE,27
solusi-bangun-cilegon,16.0,within_boundary,0.0735,3.92,0.0,1650.0,479.75,365.85,656.92,False,TECH_WIND_ONSHORE,27
solusi-bangun-cilegon,18.0,within_boundary,0.0735,3.92,0.0,1650.0,528.75,401.49,726.72,False,TECH_WIND_ONSHORE,27
solusi-bangun-cilegon,20.0,within_boundary,0.0735,3.92,0.0,1650.0,578.42,437.61,797.45,False,TECH_WIND_ONSHORE,27
solusi-bangun-cilegon,4.0,grid_connected_solar,0.2446,6.74,81.0,1776.0,69.43,56.57,89.43,False,TECH_WIND_ONSHORE,27
solusi-bangun-cilegon,6.0,grid_connected_solar,0.2446,6.74,81.0,1776.0,81.41,65.51,106.14,False,TECH_WIND_ONSHORE,27
solusi-bangun-cilegon,8.0,grid_connected_solar,0.2446,6.74,81.0,1776.0,94.47,75.26,124.34,False,TECH_WIND_ONSHORE,27
solusi-bangun-cilegon,10.0,grid_connected_solar,0.2446,6.74,81.0,1776.0,108.4,85.67,143.77,False,TECH_WIND_ONSHORE,27
solusi-bangun-cilegon,12.0,grid_connected_solar,0.2446,6.74,81.0,1776.0,123.03,96.59,164.16,False,TECH_WIND_ONSHORE,27
solusi-bangun-cilegon,14.0,grid_connected_solar,0.2446,6.74,81.0,1776.0,138.19,107.9,185.29,False,TECH_WIND_ONSHORE,27
solusi-bangun-cilegon,16.0,grid_connected_solar,0.2446,6.74,81.0,1776.0,153.75,119.52,206.98,False,TECH_WIND_ONSHORE,27
solusi-bangun-cilegon,18.0,grid_connected_solar,0.2446,6.74,81.0,1776.0,169.6,131.36,229.08,False,TECH_WIND_ONSHORE,27
solusi-bangun-cilegon,20.0,grid_connected_solar,0.2446,6.74,81.0,1776.0,185.66,143.35,251.48,False,TECH_WIND_ONSHORE,27
semen-kupang,4.0,within_boundary,0.1889,5.56,0.0,1650.0,85.23,68.58,111.14,False,TECH_WIND_ONSHORE,27
semen-kupang,6.0,within_boundary,0.1889,5.56,0.0,1650.0,99.65,79.07,131.67,False,TECH_WIND_ONSHORE,27
semen-kupang,8.0,within_boundary,0.1889,5.56,0.0,1650.0,115.36,90.49,154.04,False,TECH_WIND_ONSHORE,27
semen-kupang,10.0,within_boundary,0.1889,5.56,0.0,1650.0,132.12,102.68,177.91,False,TECH_WIND_ONSHORE,27
semen-kupang,12.0,within_boundary,0.1889,5.56,0.0,1650.0,149.71,115.48,202.97,False,TECH_WIND_ONSHORE,27
semen-kupang,14.0,within_boundary,0.1889,5.56,0.0,1650.0,167.95,128.74,228.95,False,TECH_WIND_ONSHORE,27
semen-kupang,16.0,within_boundary,0.1889,5.56,0.0,1650.0,186.67,142.35,255.6,False,TECH_WIND_ONSHORE,27
semen-kupang,18.0,within_boundary,0.1889,5.56,0.0,1650.0,205.74,156.22,282.76,False,TECH_WIND_ONSHORE,27
semen-kupang,20.0,within_boundary,0.1889,5.56,0.0,1650.0,225.06,170.27,310.28,False,TECH_WIND_ONSHORE,27
semen-kupang,4.0,grid_connected_solar,0.3664,9.66,116.3,1811.3,47.02,38.44,60.38,False,TECH_WIND_ONSHORE,27
semen-kupang,6.0,grid_connected_solar,0.3664,9.66,116.3,1811.3,55.18,44.57,71.69,False,TECH_WIND_ONSHORE,27
semen-kupang,8.0,grid_connected_solar,0.3664,9.66,116.3,1811.3,64.07,51.25,84.01,False,TECH_WIND_ONSHORE,27
semen-kupang,10.0,grid_connected_solar,0.3664,9.66,116.3,1811.3,73.56,58.38,97.17,False,TECH_WIND_ONSHORE,27
semen-kupang,12.0,grid_connected_solar,0.3664,9.66,116.3,1811.3,83.52,65.86,110.97,False,TECH_WIND_ONSHORE,27
semen-kupang,14.0,grid_connected_solar,0.3664,9.66,116.3,1811.3,93.84,73.62,125.28,False,TECH_WIND_ONSHORE,27
semen-kupang,16.0,grid_connected_solar,0.3664,9.66,116.3,1811.3,104.43,81.58,139.97,False,TECH_WIND_ONSHORE,27
semen-kupang,18.0,grid_connected_solar,0.3664,9.66,116.3,1811.3,115.22,89.69,154.93,False,TECH_WIND_ONSHORE,27
semen-kupang,20.0,grid_connected_solar,0.3664,9.66,116.3,1811.3,126.16,97.91,170.1,False,TECH_WIND_ONSHORE,27
conch-west-kalimantan,4.0,within_boundary,0.056,3.7,0.0,1650.0,287.52,231.34,374.9,False,TECH_WIND_ONSHORE,27
conch-west-kalimantan,6.0,within_boundary,0.056,3.7,0.0,1650.0,336.15,266.71,444.16,False,TECH_WIND_ONSHORE,27
conch-west-kalimantan,8.0,within_boundary,0.056,3.7,0.0,1650.0,389.13,305.24,519.62,False,TECH_WIND_ONSHORE,27
conch-west-kalimantan,10.0,within_boundary,0.056,3.7,0.0,1650.0,445.66,346.36,600.14,False,TECH_WIND_ONSHORE,27
conch-west-kalimantan,12.0,within_boundary,0.056,3.7,0.0,1650.0,505.02,389.52,684.68,False,TECH_WIND_ONSHORE,27
conch-west-kalimantan,14.0,within_boundary,0.056,3.7,0.0,1650.0,566.53,434.26,772.29,False,TECH_WIND_ONSHORE,27
conch-west-kalimantan,16.0,within_boundary,0.056,3.7,0.0,1650.0,629.67,480.18,862.2,False,TECH_WIND_ONSHORE,27
conch-west-kalimantan,18.0,within_boundary,0.056,3.7,0.0,1650.0,693.99,526.96,953.82,False,TECH_WIND_ONSHORE,27
conch-west-kalimantan,20.0,within_boundary,0.056,3.7,0.0,1650.0,759.17,574.36,1046.65,False,TECH_WIND_ONSHORE,27
conch-west-kalimantan,4.0,grid_connected_solar,0.2222,6.07,125.9,1821.0,77.84,63.68,99.86,False,TECH_WIND_ONSHORE,27
conch-west-kalimantan,6.0,grid_connected_solar,0.2222,6.07,125.9,1821.0,91.37,73.87,118.59,False,TECH_WIND_ONSHORE,27
conch-west-kalimantan,8.0,grid_connected_solar,0.2222,6.07,125.9,1821.0,106.1,84.96,138.99,False,TECH_WIND_ONSHORE,27
conch-west-kalimantan,10.0,grid_connected_solar,0.2222,6.07,125.9,1821.0,121.83,96.8,160.76,False,TECH_WIND_ONSHORE,27
conch-west-kalimantan,12.0,grid_connected_solar,0.2222,6.07,125.9,1821.0,138.33,109.23,183.61,False,TECH_WIND_ONSHORE,27
conch-west-kalimantan,14.0,grid_connected_solar,0.2222,6.07,125.9,1821.0,155.44,122.11,207.3,False,TECH_WIND_ONSHORE,27
conch-west-kalimantan,16.0,grid_connected_solar,0.2222,6.07,125.9,1821.0,173.0,135.33,231.61,False,TECH_WIND_ONSHORE,27
conch-west-kalimantan,18.0,grid_connected_solar,0.2222,6.07,125.9,1821.0,190.89,148.8,256.38,False,TECH_WIND_ONSHORE,27
conch-west-kalimantan,20.0,grid_connected_solar,0.2222,6.07,125.9,1821.0,209.02,162.45,281.48,False,TECH_WIND_ONSHORE,27
krakatau-steel-cilegon,4.0,within_boundary,0.0521,3.65,0.0,1650.0,309.04,248.66,402.96,False,TECH_WIND_ONSHORE,27
krakatau-steel-cilegon,6.0,within_boundary,0.0521,3.65,0.0,1650.0,361.31,286.67,477.41,False,TECH_WIND_ONSHORE,27
krakatau-steel-cilegon,8.0,within_boundary,0.0521,3.65,0.0,1650.0,418.25,328.09,558.51,False,TECH_WIND_ONSHORE,27
krakatau-steel-cilegon,10.0,within_boundary,0.0521,3.65,0.0,1650.0,479.03,372.28,645.07,False,TECH_WIND_ONSHORE,27
krakatau-steel-cilegon,12.0,within_boundary,0.0521,3.65,0.0,1650.0,542.82,418.68,735.93,False,TECH_WIND_ONSHORE,27
krakatau-steel-cilegon,14.0,within_boundary,0.0521,3.65,0.0,1650.0,608.94,466.77,830.1,False,TECH_WIND_ONSHORE,27
krakatau-steel-cilegon,16.0,within_boundary,0.0521,3.65,0.0,1650.0,676.8,516.12,926.75,False,TECH_WIND_ONSHORE,27
krakatau-steel-cilegon,18.0,within_boundary,0.0521,3.65,0.0,1650.0,745.94,566.4,1025.21,False,TECH_WIND_ONSHORE,27
krakatau-steel-cilegon,20.0,within_boundary,0.0521,3.65,0.0,1650.0,816.0,617.36,1125.0,False,TECH_WIND_ONSHORE,27
krakatau-steel-cilegon,4.0,grid_connected_solar,0.2446,6.74,98.2,1793.2,69.92,57.06,89.93,False,TECH_WIND_ONSHORE,27
krakatau-steel-cilegon,6.0,grid_connected_solar,0.2446,6.74,98.2,1793.2,82.02,66.12,106.75,False,TECH_WIND_ONSHORE,27
krakatau-steel-cilegon,8.0,grid_connected_solar,0.2446,6.74,98.2,1793.2,95.2,76.0,125.08,False,TECH_WIND_ONSHORE,27
krakatau-steel-cilegon,10.0,grid_connected_solar,0.2446,6.74,98.2,1793.2,109.27,86.53,144.64,False,TECH_WIND_ONSHORE,27
krakatau-steel-cilegon,12.0,grid_connected_solar,0.2446,6.74,98.2,1793.2,124.04,97.6,165.17,False,TECH_WIND_ONSHORE,27
krakatau-steel-cilegon,14.0,grid_connected_solar,0.2446,6.74,98.2,1793.2,139.34,109.06,186.45,False,TECH_WIND_ONSHORE,27
krakatau-steel-cilegon,16.0,grid_connected_solar,0.2446,6.74,98.2,1793.2,155.05,120.83,208.29,False,TECH_WIND_ONSHORE,27
krakatau-steel-cilegon,18.0,grid_connected_solar,0.2446,6.74,98.2,1793.2,171.06,132.82,230.54,False,TECH_WIND_ONSHORE,27
krakatau-steel-cilegon,20.0,grid_connected_solar,0.2446,6.74,98.2,1793.2,187.28,144.97,253.1,False,TECH_WIND_ONSHORE,27
krakatau-posco-cilegon,4.0,within_boundary,0.0792,3.99,0.0,1650.0,203.29,163.57,265.08,False,TECH_WIND_ONSHORE,27
krakatau-posco-cilegon,6.0,within_boundary,0.0792,3.99,0.0,1650.0,237.68,188.58,314.05,False,TECH_WIND_ONSHORE,27
krakatau-posco-cilegon,8.0,within_boundary,0.0792,3.99,0.0,1650.0,275.14,215.83,367.41,False,TECH_WIND_ONSHORE,27
krakatau-posco-cilegon,10.0,within_boundary,0.0792,3.99,0.0,1650.0,315.12,244.9,424.34,False,TECH_WIND_ONSHORE,27
krakatau-posco-cilegon,12.0,within_boundary,0.0792,3.99,0.0,1650.0,357.08,275.42,484.11,False,TECH_WIND_ONSHORE,27
krakatau-posco-cilegon,14.0,within_boundary,0.0792,3.99,0.0,1650.0,400.58,307.05,546.06,False,TECH_WIND_ONSHORE,27
krakatau-posco-cilegon,16.0,within_boundary,0.0792,3.99,0.0,1650.0,445.22,339.52,609.64,False,TECH_WIND_ONSHORE,27
krakatau-posco-cilegon,18.0,within_boundary,0.0792,3.99,0.0,1650.0,490.7,372.6,674.42,False,TECH_WIND_ONSHORE,27
krakatau-posco-cilegon,20.0,within_boundary,0.0792,3.99,0.0,1650.0,536.79,406.12,740.06,False,TECH_WIND_ONSHORE,27
krakatau-posco-cilegon,4.0,grid_connected_solar,0.2446,6.74,100.0,1795.0,69.97,57.11,89.98,False,TECH_WIND_ONSHORE,27
krakatau-posco-cilegon,6.0,grid_connected_solar,0.2446,6.74,100.0,1795.0,82.08,66.18,106.81,False,TECH_WIND_ONSHORE,27
krakatau-posco-cilegon,8.0,grid_connected_solar,0.2446,6.74,100.0,1795.0,95.28,76.07,125.15,False,TECH_WIND_ONSHORE,27
krakatau-posco-cilegon,10.0,grid_connected_solar,0.2446,6.74,100.0,1795.0,109.36,86.62,144.73,False,TECH_WIND_ONSHORE,27
krakatau-posco-cilegon,12.0,grid_connected_solar,0.2446,6.74,100.0,1795.0,124.14,97.7,165.27,False,TECH_WIND_ONSHORE,27
krakatau-posco-cilegon,14.0,grid_connected_solar,0.2446,6.74,100.0,1795.0,139.46,109.18,186.57,False,TECH_WIND_ONSHORE,27
krakatau-posco-cilegon,16.0,grid_connected_solar,0.2446,6.74,100.0,1795.0,155.19,120.96,208.43,False,TECH_WIND_ONSHORE,27
krakatau-posco-cilegon,18.0,grid_connected_solar,0.2446,6.74,100.0,1795.0,171.21,132.97,230.69,False,TECH_WIND_ONSHORE,27
krakatau-posco-cilegon,20.0,grid_connected_solar,0.2446,6.74,100.0,1795.0,187.44,145.13,253.26,False,TECH_WIND_ONSHORE,27
dexin-steel-morowali,4.0,within_boundary,0.0,2.46,0.0,1650.0,,,,False,TECH_WIND_ONSHORE,27
dexin-steel-morowali,6.0,within_boundary,0.0,2.46,0.0,1650.0,,,,False,TECH_WIND_ONSHORE,27
dexin-steel-morowali,8.0,within_boundary,0.0,2.46,0.0,1650.0,,,,False,TECH_WIND_ONSHORE,27
dexin-steel-morowali,10.0,within_boundary,0.0,2.46,0.0,1650.0,,,,False,TECH_WIND_ONSHORE,27
dexin-steel-morowali,12.0,within_boundary,0.0,2.46,0.0,1650.0,,,,False,TECH_WIND_ONSHORE,27
dexin-steel-morowali,14.0,within_boundary,0.0,2.46,0.0,1650.0,,,,False,TECH_WIND_ONSHORE,27
dexin-steel-morowali,16.0,within_boundary,0.0,2.46,0.0,1650.0,,,,False,TECH_WIND_ONSHORE,27
dexin-steel-morowali,18.0,within_boundary,0.0,2.46,0.0,1650.0,,,,False,TECH_WIND_ONSHORE,27
dexin-steel-morowali,20.0,within_boundary,0.0,2.46,0.0,1650.0,,,,False,TECH_WIND_ONSHORE,27
dexin-steel-morowali,4.0,grid_connected_solar,0.1305,4.72,654.1,2349.1,160.83,136.72,198.33,False,TECH_WIND_ONSHORE,27
dexin-steel-morowali,6.0,grid_connected_solar,0.1305,4.72,654.1,2349.1,190.54,160.74,236.89,False,TECH_WIND_ONSHORE,27
dexin-steel-morowali,8.0,grid_connected_solar,0.1305,4.72,654.1,2349.1,222.91,186.91,278.9,False,TECH_WIND_ONSHORE,27
dexin-steel-morowali,10.0,grid_connected_solar,0.1305,4.72,654.1,2349.1,257.45,214.83,323.74,False,TECH_WIND_ONSHORE,27
dexin-steel-morowali,12.0,grid_connected_solar,0.1305,4.72,654.1,2349.1,293.71,244.15,370.8,False,TECH_WIND_ONSHORE,27
dexin-steel-morowali,14.0,grid_connected_solar,0.1305,4.72,654.1,2349.1,331.29,274.53,419.58,False,TECH_WIND_ONSHORE,27
dexin-steel-morowali,16.0,grid_connected_solar,0.1305,4.72,654.1,2349.1,369.86,305.71,469.65,False,TECH_WIND_ONSHORE,27
dexin-steel-morowali,18.0,grid_connected_solar,0.1305,4.72,654.1,2349.1,409.16,337.48,520.65,False,TECH_WIND_ONSHORE,27
dexin-steel-morowali,20.0,grid_connected_solar,0.1305,4.72,654.1,2349.1,448.98,369.68,572.34,False,TECH_WIND_ONSHORE,27
gunung-raja-paksi-bekasi,4.0,within_boundary,0.05,3.15,0.0,1650.0,322.02,259.1,419.89,False,TECH_WIND_ONSHORE,27
gunung-raja-paksi-bekasi,6.0,within_boundary,0.05,3.15,0.0,1650.0,376.48,298.71,497.46,False,TECH_WIND_ONSHORE,27
gunung-raja-paksi-bekasi,8.0,within_boundary,0.05,3.15,0.0,1650.0,435.82,341.87,581.97,False,TECH_WIND_ONSHORE,27
gunung-raja-paksi-bekasi,10.0,within_boundary,0.05,3.15,0.0,1650.0,499.14,387.92,672.16,False,TECH_WIND_ONSHORE,27
gunung-raja-paksi-bekasi,12.0,within_boundary,0.05,3.15,0.0,1650.0,565.62,436.27,766.84,False,TECH_WIND_ONSHORE,27
gunung-raja-paksi-bekasi,14.0,within_boundary,0.05,3.15,0.0,1650.0,634.52,486.37,864.96,False,TECH_WIND_ONSHORE,27
gunung-raja-paksi-bekasi,16.0,within_boundary,0.05,3.15,0.0,1650.0,705.23,537.8,965.67,False,TECH_WIND_ONSHORE,27
gunung-raja-paksi-bekasi,18.0,within_boundary,0.05,3.15,0.0,1650.0,777.27,590.19,1068.27,False,TECH_WIND_ONSHORE,27
gunung-raja-paksi-bekasi,20.0,within_boundary,0.05,3.15,0.0,1650.0,850.27,643.29,1172.25,False,TECH_WIND_ONSHORE,27
gunung-raja-paksi-bekasi,4.0,grid_connected_solar,0.1945,5.64,96.8,1791.8,87.88,71.71,113.04,False,TECH_WIND_ONSHORE,27
gunung-raja-paksi-bekasi,6.0,grid_connected_solar,0.1945,5.64,96.8,1791.8,103.08,83.09,134.18,False,TECH_WIND_ONSHORE,27
gunung-raja-paksi-bekasi,8.0,grid_connected_solar,0.1945,5.64,96.8,1791.8,119.65,95.5,157.22,False,TECH_WIND_ONSHORE,27
gunung-raja-paksi-bekasi,10.0,grid_connected_solar,0.1945,5.64,96.8,1791.8,137.33,108.74,181.8,False,TECH_WIND_ONSHORE,27
gunung-raja-paksi-bekasi,12.0,grid_connected_solar,0.1945,5.64,96.8,1791.8,155.89,122.63,207.61,False,TECH_WIND_ONSHORE,27
gunung-raja-paksi-bekasi,14.0,grid_connected_solar,0.1945,5.64,96.8,1791.8,175.12,137.04,234.36,False,TECH_WIND_ONSHORE,27
gunung-raja-paksi-bekasi,16.0,grid_connected_solar,0.1945,5.64,96.8,1791.8,194.86,151.82,261.81,False,TECH_WIND_ONSHORE,27
gunung-raja-paksi-bekasi,18.0,grid_connected_solar,0.1945,5.64,96.8,1791.8,214.97,166.88,289.78,False,TECH_WIND_ONSHORE,27
gunung-raja-paksi-bekasi,20.0,grid_connected_solar,0.1945,5.64,96.8,1791.8,235.35,182.14,318.12,False,TECH_WIND_ONSHORE,27
master-steel-jakarta,4.0,within_boundary,0.05,3.47,0.0,1650.0,322.02,259.1,419.89,False,TECH_WIND_ONSHORE,27
master-steel-jakarta,6.0,within_boundary,0.05,3.47,0.0,1650.0,376.48,298.71,497.46,False,TECH_WIND_ONSHORE,27
master-steel-jakarta,8.0,within_boundary,0.05,3.47,0.0,1650.0,435.82,341.87,581.97,False,TECH_WIND_ONSHORE,27
master-steel-jakarta,10.0,within_boundary,0.05,3.47,0.0,1650.0,499.14,387.92,672.16,False,TECH_WIND_ONSHORE,27
master-steel-jakarta,12.0,within_boundary,0.05,3.47,0.0,1650.0,565.62,436.27,766.84,False,TECH_WIND_ONSHORE,27
master-steel-jakarta,14.0,within_boundary,0.05,3.47,0.0,1650.0,634.52,486.37,864.96,False,TECH_WIND_ONSHORE,27
master-steel-jakarta,16.0,within_boundary,0.05,3.47,0.0,1650.0,705.23,537.8,965.67,False,TECH_WIND_ONSHORE,27
master-steel-jakarta,18.0,within_boundary,0.05,3.47,0.0,1650.0,777.27,590.19,1068.27,False,TECH_WIND_ONSHORE,27
master-steel-jakarta,20.0,within_boundary,0.05,3.47,0.0,1650.0,850.27,643.29,1172.25,False,TECH_WIND_ONSHORE,27
master-steel-jakarta,4.0,grid_connected_solar,0.1945,5.64,94.7,1789.7,87.8,71.63,112.96,False,TECH_WIND_ONSHORE,27
master-steel-jakarta,6.0,grid_connected_solar,0.1945,5.64,94.7,1789.7,102.99,82.99,134.09,False,TECH_WIND_ONSHORE,27
master-steel-jakarta,8.0,grid_connected_solar,0.1945,5.64,94.7,1789.7,119.53,95.38,157.1,False,TECH_WIND_ONSHORE,27
master-steel-jakarta,10.0,grid_connected_solar,0.1945,5.64,94.7,1789.7,137.19,108.6,181.66,False,TECH_WIND_ONSHORE,27
master-steel-jakarta,12.0,grid_connected_solar,0.1945,5.64,94.7,1789.7,155.72,122.47,207.45,False,TECH_WIND_ONSHORE,27
master-steel-jakarta,14.0,grid_connected_solar,0.1945,5.64,94.7,1789.7,174.93,136.85,234.17,False,TECH_WIND_ONSHORE,27
master-steel-jakarta,16.0,grid_connected_solar,0.1945,5.64,94.7,1789.7,194.65,151.61,261.6,False,TECH_WIND_ONSHORE,27
master-steel-jakarta,18.0,grid_connected_solar,0.1945,5.64,94.7,1789.7,214.74,166.64,289.54,False,TECH_WIND_ONSHORE,27
master-steel-jakarta,20.0,grid_connected_solar,0.1945,5.64,94.7,1789.7,235.09,181.88,317.86,False,TECH_WIND_ONSHORE,27
jakarta-prima-steel-industries,4.0,within_boundary,0.05,3.42,0.0,1650.0,322.02,259.1,419.89,False,TECH_WIND_ONSHORE,27
jakarta-prima-steel-industries,6.0,within_boundary,0.05,3.42,0.0,1650.0,376.48,298.71,497.46,False,TECH_WIND_ONSHORE,27
jakarta-prima-steel-industries,8.0,within_boundary,0.05,3.42,0.0,1650.0,435.82,341.87,581.97,False,TECH_WIND_ONSHORE,27
jakarta-prima-steel-industries,10.0,within_boundary,0.05,3.42,0.0,1650.0,499.14,387.92,672.16,False,TECH_WIND_ONSHORE,27
jakarta-prima-steel-industries,12.0,within_boundary,0.05,3.42,0.0,1650.0,565.62,436.27,766.84,False,TECH_WIND_ONSHORE,27
jakarta-prima-steel-industries,14.0,within_boundary,0.05,3.42,0.0,1650.0,634.52,486.37,864.96,False,TECH_WIND_ONSHORE,27
jakarta-prima-steel-industries,16.0,within_boundary,0.05,3.42,0.0,1650.0,705.23,537.8,965.67,False,TECH_WIND_ONSHORE,27
jakarta-prima-steel-industries,18.0,within_boundary,0.05,3.42,0.0,1650.0,777.27,590.19,1068.27,False,TECH_WIND_ONSHORE,27
jakarta-prima-steel-industries,20.0,within_boundary,0.05,3.42,0.0,1650.0,850.27,643.29,1172.25,False,TECH_WIND_ONSHORE,27
jakarta-prima-steel-industries,4.0,grid_connected_solar,0.1945,5.64,99.3,1794.3,87.97,71.79,113.13,False,TECH_WIND_ONSHORE,27
jakarta-prima-steel-industries,6.0,grid_connected_solar,0.1945,5.64,99.3,1794.3,103.19,83.2,134.29,False,TECH_WIND_ONSHORE,27
jakarta-prima-steel-industries,8.0,grid_connected_solar,0.1945,5.64,99.3,1794.3,119.78,95.63,157.35,False,TECH_WIND_ONSHORE,27
jakarta-prima-steel-industries,10.0,grid_connected_solar,0.1945,5.64,99.3,1794.3,137.48,108.89,181.96,False,TECH_WIND_ONSHORE,27
jakarta-prima-steel-industries,12.0,grid_connected_solar,0.1945,5.64,99.3,1794.3,156.07,122.81,207.79,False,TECH_WIND_ONSHORE,27
jakarta-prima-steel-industries,14.0,grid_connected_solar,0.1945,5.64,99.3,1794.3,175.33,137.24,234.57,False,TECH_WIND_ONSHORE,27
jakarta-prima-steel-industries,16.0,grid_connected_solar,0.1945,5.64,99.3,1794.3,195.09,152.05,262.05,False,TECH_WIND_ONSHORE,27
jakarta-prima-steel-industries,18.0,grid_connected_solar,0.1945,5.64,99.3,1794.3,215.23,167.14,290.04,False,TECH_WIND_ONSHORE,27
jakarta-prima-steel-industries,20.0,grid_connected_solar,0.1945,5.64,99.3,1794.3,235.64,182.43,318.41,False,TECH_WIND_ONSHORE,27
ispat-indo-sidoarjo,4.0,within_boundary,0.05,3.12,0.0,1650.0,322.02,259.1,419.89,False,TECH_WIND_ONSHORE,27
ispat-indo-sidoarjo,6.0,within_boundary,0.05,3.12,0.0,1650.0,376.48,298.71,497.46,False,TECH_WIND_ONSHORE,27
ispat-indo-sidoarjo,8.0,within_boundary,0.05,3.12,0.0,1650.0,435.82,341.87,581.97,False,TECH_WIND_ONSHORE,27
ispat-indo-sidoarjo,10.0,within_boundary,0.05,3.12,0.0,1650.0,499.14,387.92,672.16,False,TECH_WIND_ONSHORE,27
ispat-indo-sidoarjo,12.0,within_boundary,0.05,3.12,0.0,1650.0,565.62,436.27,766.84,False,TECH_WIND_ONSHORE,27
ispat-indo-sidoarjo,14.0,within_boundary,0.05,3.12,0.0,1650.0,634.52,486.37,864.96,False,TECH_WIND_ONSHORE,27
ispat-indo-sidoarjo,16.0,within_boundary,0.05,3.12,0.0,1650.0,705.23,537.8,965.67,False,TECH_WIND_ONSHORE,27
ispat-indo-sidoarjo,18.0,within_boundary,0.05,3.12,0.0,1650.0,777.27,590.19,1068.27,False,TECH_WIND_ONSHORE,27
ispat-indo-sidoarjo,20.0,within_boundary,0.05,3.12,0.0,1650.0,850.27,643.29,1172.25,False,TECH_WIND_ONSHORE,27
ispat-indo-sidoarjo,4.0,grid_connected_solar,0.1763,5.38,90.3,1785.3,96.69,78.85,124.45,False,TECH_WIND_ONSHORE,27
ispat-indo-sidoarjo,6.0,grid_connected_solar,0.1763,5.38,90.3,1785.3,113.41,91.35,147.72,False,TECH_WIND_ONSHORE,27
ispat-indo-sidoarjo,8.0,grid_connected_solar,0.1763,5.38,90.3,1785.3,131.61,104.97,173.06,False,TECH_WIND_ONSHORE,27
ispat-indo-sidoarjo,10.0,grid_connected_solar,0.1763,5.38,90.3,1785.3,151.05,119.5,200.11,False,TECH_WIND_ONSHORE,27
ispat-indo-sidoarjo,12.0,grid_connected_solar,0.1763,5.38,90.3,1785.3,171.44,134.76,228.51,False,TECH_WIND_ONSHORE,27
ispat-indo-sidoarjo,14.0,grid_connected_solar,0.1763,5.38,90.3,1785.3,192.59,150.57,257.94,False,TECH_WIND_ONSHORE,27
ispat-indo-sidoarjo,16.0,grid_connected_solar,0.1763,5.38,90.3,1785.3,214.28,166.8,288.15,False,TECH_WIND_ONSHORE,27
ispat-indo-sidoarjo,18.0,grid_connected_solar,0.1763,5.38,90.3,1785.3,236.39,183.34,318.92,False,TECH_WIND_ONSHORE,27
ispat-indo-sidoarjo,20.0,grid_connected_solar,0.1763,5.38,90.3,1785.3,258.79,200.09,350.11,False,TECH_WIND_ONSHORE,27
virtue-dragon-nickel-industrial-park-vdnip,4.0,within_boundary,0.0,2.8,0.0,1650.0,,,,False,TECH_WIND_ONSHORE,27
virtue-dragon-nickel-industrial-park-vdnip,6.0,within_boundary,0.0,2.8,0.0,1650.0,,,,False,TECH_WIND_ONSHORE,27
virtue-dragon-nickel-industrial-park-vdnip,8.0,within_boundary,0.0,2.8,0.0,1650.0,,,,False,TECH_WIND_ONSHORE,27
virtue-dragon-nickel-industrial-park-vdnip,10.0,within_boundary,0.0,2.8,0.0,1650.0,,,,False,TECH_WIND_ONSHORE,27
virtue-dragon-nickel-industrial-park-vdnip,12.0,within_boundary,0.0,2.8,0.0,1650.0,,,,False,TECH_WIND_ONSHORE,27
virtue-dragon-nickel-industrial-park-vdnip,14.0,within_boundary,0.0,2.8,0.0,1650.0,,,,False,TECH_WIND_ONSHORE,27
virtue-dragon-nickel-industrial-park-vdnip,16.0,within_boundary,0.0,2.8,0.0,1650.0,,,,False,TECH_WIND_ONSHORE,27
virtue-dragon-nickel-industrial-park-vdnip,18.0,within_boundary,0.0,2.8,0.0,1650.0,,,,False,TECH_WIND_ONSHORE,27
virtue-dragon-nickel-industrial-park-vdnip,20.0,within_boundary,0.0,2.8,0.0,1650.0,,,,False,TECH_WIND_ONSHORE,27
virtue-dragon-nickel-industrial-park-vdnip,4.0,grid_connected_solar,0.1711,5.3,130.9,1825.9,101.29,82.9,129.89,False,TECH_WIND_ONSHORE,27
virtue-dragon-nickel-industrial-park-vdnip,6.0,grid_connected_solar,0.1711,5.3,130.9,1825.9,118.9,96.18,154.26,False,TECH_WIND_ONSHORE,27
virtue-dragon-nickel-industrial-park-vdnip,8.0,grid_connected_solar,0.1711,5.3,130.9,1825.9,138.09,110.63,180.8,False,TECH_WIND_ONSHORE,27
virtue-dragon-nickel-industrial-park-vdnip,10.0,grid_connected_solar,0.1711,5.3,130.9,1825.9,158.57,126.07,209.13,False,TECH_WIND_ONSHORE,27
virtue-dragon-nickel-industrial-park-vdnip,12.0,grid_connected_solar,0.1711,5.3,130.9,1825.9,180.07,142.26,238.87,False,TECH_WIND_ONSHORE,27
virtue-dragon-nickel-industrial-park-vdnip,14.0,grid_connected_solar,0.1711,5.3,130.9,1825.9,202.34,159.05,269.69,False,TECH_WIND_ONSHORE,27
virtue-dragon-nickel-industrial-park-vdnip,16.0,grid_connected_solar,0.1711,5.3,130.9,1825.9,225.21,176.28,301.32,False,TECH_WIND_ONSHORE,27
virtue-dragon-nickel-industrial-park-vdnip,18.0,grid_connected_solar,0.1711,5.3,130.9,1825.9,248.51,193.84,333.55,False,TECH_WIND_ONSHORE,27
virtue-dragon-nickel-industrial-park-vdnip,20.0,grid_connected_solar,0.1711,5.3,130.9,1825.9,272.12,211.63,366.21,False,TECH_WIND_ONSHORE,27
bantaeng-industrial-park-bip,4.0,within_boundary,0.1744,5.35,0.0,1650.0,92.32,74.28,120.38,False,TECH_WIND_ONSHORE,27
bantaeng-industrial-park-bip,6.0,within_boundary,0.1744,5.35,0.0,1650.0,107.94,85.64,142.62,False,TECH_WIND_ONSHORE,27
bantaeng-industrial-park-bip,8.0,within_boundary,0.1744,5.35,0.0,1650.0,124.95,98.01,166.85,False,TECH_WIND_ONSHORE,27
bantaeng-industrial-park-bip,10.0,within_boundary,0.1744,5.35,0.0,1650.0,143.1,111.22,192.71,False,TECH_WIND_ONSHORE,27
bantaeng-industrial-park-bip,12.0,within_boundary,0.1744,5.35,0.0,1650.0,162.16,125.08,219.85,False,TECH_WIND_ONSHORE,27
bantaeng-industrial-park-bip,14.0,within_boundary,0.1744,5.35,0.0,1650.0,181.91,139.44,247.98,False,TECH_WIND_ONSHORE,27
bantaeng-industrial-park-bip,16.0,within_boundary,0.1744,5.35,0.0,1650.0,202.19,154.19,276.85,False,TECH_WIND_ONSHORE,27
bantaeng-industrial-park-bip,18.0,within_boundary,0.1744,5.35,0.0,1650.0,222.84,169.21,306.27,False,TECH_WIND_ONSHORE,27
bantaeng-industrial-park-bip,20.0,within_boundary,0.1744,5.35,0.0,1650.0,243.77,184.43,336.08,False,TECH_WIND_ONSHORE,27
bantaeng-industrial-park-bip,4.0,grid_connected_solar,0.3616,9.54,120.4,1815.4,47.72,39.02,61.26,False,TECH_WIND_ONSHORE,27
bantaeng-industrial-park-bip,6.0,grid_connected_solar,0.3616,9.54,120.4,1815.4,56.01,45.26,72.74,False,TECH_WIND_ONSHORE,27
bantaeng-industrial-park-bip,8.0,grid_connected_solar,0.3616,9.54,120.4,1815.4,65.04,52.05,85.25,False,TECH_WIND_ONSHORE,27
bantaeng-industrial-park-bip,10.0,grid_connected_solar,0.3616,9.54,120.4,1815.4,74.67,59.29,98.6,False,TECH_WIND_ONSHORE,27
bantaeng-industrial-park-bip,12.0,grid_connected_solar,0.3616,9.54,120.4,1815.4,84.78,66.9,112.61,False,TECH_WIND_ONSHORE,27
bantaeng-industrial-park-bip,14.0,grid_connected_solar,0.3616,9.54,120.4,1815.4,95.27,74.78,127.13,False,TECH_WIND_ONSHORE,27
bantaeng-industrial-park-bip,16.0,grid_connected_solar,0.3616,9.54,120.4,1815.4,106.02,82.87,142.04,False,TECH_WIND_ONSHORE,27
bantaeng-industrial-park-bip,18.0,grid_connected_solar,0.3616,9.54,120.4,1815.4,116.98,91.12,157.22,False,TECH_WIND_ONSHORE,27
bantaeng-industrial-park-bip,20.0,grid_connected_solar,0.3616,9.54,120.4,1815.4,128.09,99.47,172.61,False,TECH_WIND_ONSHORE,27
obi-island-industrial-park,4.0,within_boundary,0.0,2.97,0.0,1650.0,,,,False,TECH_WIND_ONSHORE,27
obi-island-industrial-park,6.0,within_boundary,0.0,2.97,0.0,1650.0,,,,False,TECH_WIND_ONSHORE,27
obi-island-industrial-park,8.0,within_boundary,0.0,2.97,0.0,1650.0,,,,False,TECH_WIND_ONSHORE,27
obi-island-industrial-park,10.0,within_boundary,0.0,2.97,0.0,1650.0,,,,False,TECH_WIND_ONSHORE,27
obi-island-industrial-park,12.0,within_boundary,0.0,2.97,0.0,1650.0,,,,False,TECH_WIND_ONSHORE,27
obi-island-industrial-park,14.0,within_boundary,0.0,2.97,0.0,1650.0,,,,False,TECH_WIND_ONSHORE,27
obi-island-industrial-park,16.0,within_boundary,0.0,2.97,0.0,1650.0,,,,False,TECH_WIND_ONSHORE,27
obi-island-industrial-park,18.0,within_boundary,0.0,2.97,0.0,1650.0,,,,False,TECH_WIND_ONSHORE,27
obi-island-industrial-park,20.0,within_boundary,0.0,2.97,0.0,1650.0,,,,False,TECH_WIND_ONSHORE,27
obi-island-industrial-park,4.0,grid_connected_solar,0.2574,7.12,1312.5,3007.4,99.42,87.2,118.43,False,TECH_WIND_ONSHORE,27
obi-island-industrial-park,6.0,grid_connected_solar,0.2574,7.12,1312.5,3007.4,118.7,103.6,142.2,False,TECH_WIND_ONSHORE,27
obi-island-industrial-park,8.0,grid_connected_solar,0.2574,7.12,1312.5,3007.4,139.71,121.46,168.1,False,TECH_WIND_ONSHORE,27
obi-island-industrial-park,10.0,grid_connected_solar,0.2574,7.12,1312.5,3007.4,162.13,140.53,195.74,False,TECH_WIND_ONSHORE,27
obi-island-industrial-park,12.0,grid_connected_solar,0.2574,7.12,1312.5,3007.4,185.67,160.54,224.76,False,TECH_WIND_ONSHORE,27
obi-island-industrial-park,14.0,grid_connected_solar,0.2574,7.12,1312.5,3007.4,210.06,181.29,254.83,False,TECH_WIND_ONSHORE,27
obi-island-industrial-park,16.0,grid_connected_solar,0.2574,7.12,1312.5,3007.4,235.1,202.57,285.69,False,TECH_WIND_ONSHORE,27
obi-island-industrial-park,18.0,grid_connected_solar,0.2574,7.12,1312.5,3007.4,260.6,224.26,317.13,False,TECH_WIND_ONSHORE,27
obi-island-industrial-park,20.0,grid_connected_solar,0.2574,7.12,1312.5,3007.4,286.45,246.25,349.0,False,TECH_WIND_ONSHORE,27
indonesia-pomalaa-industry-park-ipip,4.0,within_boundary,0.0,2.93,0.0,1650.0,,,,False,TECH_WIND_ONSHORE,27
indonesia-pomalaa-industry-park-ipip,6.0,within_boundary,0.0,2.93,0.0,1650.0,,,,False,TECH_WIND_ONSHORE,27
indonesia-pomalaa-industry-park-ipip,8.0,within_boundary,0.0,2.93,0.0,1650.0,,,,False,TECH_WIND_ONSHORE,27
indonesia-pomalaa-industry-park-ipip,10.0,within_boundary,0.0,2.93,0.0,1650.0,,,,False,TECH_WIND_ONSHORE,27
indonesia-pomalaa-industry-park-ipip,12.0,within_boundary,0.0,2.93,0.0,1650.0,,,,False,TECH_WIND_ONSHORE,27
indonesia-pomalaa-industry-park-ipip,14.0,within_boundary,0.0,2.93,0.0,1650.0,,,,False,TECH_WIND_ONSHORE,27
indonesia-pomalaa-industry-park-ipip,16.0,within_boundary,0.0,2.93,0.0,1650.0,,,,False,TECH_WIND_ONSHORE,27
indonesia-pomalaa-industry-park-ipip,18.0,within_boundary,0.0,2.93,0.0,1650.0,,,,False,TECH_WIND_ONSHORE,27
indonesia-pomalaa-industry-park-ipip,20.0,within_boundary,0.0,2.93,0.0,1650.0,,,,False,TECH_WIND_ONSHORE,27
indonesia-pomalaa-industry-park-ipip,4.0,grid_connected_solar,0.2402,6.61,144.6,1839.6,72.55,59.45,92.92,False,TECH_WIND_ONSHORE,27
indonesia-pomalaa-industry-park-ipip,6.0,grid_connected_solar,0.2402,6.61,144.6,1839.6,85.19,69.0,110.37,False,TECH_WIND_ONSHORE,27
indonesia-pomalaa-industry-park-ipip,8.0,grid_connected_solar,0.2402,6.61,144.6,1839.6,98.96,79.4,129.38,False,TECH_WIND_ONSHORE,27
indonesia-pomalaa-industry-park-ipip,10.0,grid_connected_solar,0.2402,6.61,144.6,1839.6,113.66,90.5,149.67,False,TECH_WIND_ONSHORE,27
indonesia-pomalaa-industry-park-ipip,12.0,grid_connected_solar,0.2402,6.61,144.6,1839.6,129.08,102.16,170.97,False,TECH_WIND_ONSHORE,27
indonesia-pomalaa-industry-park-ipip,14.0,grid_connected_solar,0.2402,6.61,144.6,1839.6,145.07,114.24,193.04,False,TECH_WIND_ONSHORE,27
indonesia-pomalaa-industry-park-ipip,16.0,grid_connected_solar,0.2402,6.61,144.6,1839.6,161.48,126.63,215.7,False,TECH_WIND_ONSHORE,27
indonesia-pomalaa-industry-park-ipip,18.0,grid_connected_solar,0.2402,6.61,144.6,1839.6,178.2,139.26,238.78,False,TECH_WIND_ONSHORE,27
indonesia-pomalaa-industry-park-ipip,20.0,grid_connected_solar,0.2402,6.61,144.6,1839.6,195.15,152.06,262.17,False,TECH_WIND_ONSHORE,27
nusantara-industri-sejati,4.0,within_boundary,0.0,2.11,0.0,1650.0,,,,False,TECH_WIND_ONSHORE,27
nusantara-industri-sejati,6.0,within_boundary,0.0,2.11,0.0,1650.0,,,,False,TECH_WIND_ONSHORE,27
nusantara-industri-sejati,8.0,within_boundary,0.0,2.11,0.0,1650.0,,,,False,TECH_WIND_ONSHORE,27
nusantara-industri-sejati,10.0,within_boundary,0.0,2.11,0.0,1650.0,,,,False,TECH_WIND_ONSHORE,27
nusantara-industri-sejati,12.0,within_boundary,0.0,2.11,0.0,1650.0,,,,False,TECH_WIND_ONSHORE,27
nusantara-industri-sejati,14.0,within_boundary,0.0,2.11,0.0,1650.0,,,,False,TECH_WIND_ONSHORE,27
nusantara-industri-sejati,16.0,within_boundary,0.0,2.11,0.0,1650.0,,,,False,TECH_WIND_ONSHORE,27
nusantara-industri-sejati,18.0,within_boundary,0.0,2.11,0.0,1650.0,,,,False,TECH_WIND_ONSHORE,27
nusantara-industri-sejati,20.0,within_boundary,0.0,2.11,0.0,1650.0,,,,False,TECH_WIND_ONSHORE,27
nusantara-industri-sejati,4.0,grid_connected_solar,0.1711,5.3,161.8,1856.8,102.55,84.16,131.15,False,TECH_WIND_ONSHORE,27
nusantara-industri-sejati,6.0,grid_connected_solar,0.1711,5.3,161.8,1856.8,120.46,97.73,155.81,False,TECH_WIND_ONSHORE,27
nusantara-industri-sejati,8.0,grid_connected_solar,0.1711,5.3,161.8,1856.8,139.97,112.52,182.68,False,TECH_WIND_ONSHORE,27
nusantara-industri-sejati,10.0,grid_connected_solar,0.1711,5.3,161.8,1856.8,160.8,128.29,211.36,False,TECH_WIND_ONSHORE,27
nusantara-industri-sejati,12.0,grid_connected_solar,0.1711,5.3,161.8,1856.8,182.66,144.86,241.46,False,TECH_WIND_ONSHORE,27
nusantara-industri-sejati,14.0,grid_connected_solar,0.1711,5.3,161.8,1856.8,205.31,162.02,272.66,False,TECH_WIND_ONSHORE,27
nusantara-industri-sejati,16.0,grid_connected_solar,0.1711,5.3,161.8,1856.8,228.56,179.64,304.67,False,TECH_WIND_ONSHORE,27
nusantara-industri-sejati,18.0,grid_connected_solar,0.1711,5.3,161.8,1856.8,252.26,197.59,337.3,False,TECH_WIND_ONSHORE,27
nusantara-industri-sejati,20.0,grid_connected_solar,0.1711,5.3,161.8,1856.8,276.26,215.78,370.35,False,TECH_WIND_ONSHORE,27
indonesia-morowali-industrial-park-imip,4.0,within_boundary,0.0,2.29,0.0,1650.0,,,,False,TECH_WIND_ONSHORE,27
indonesia-morowali-industrial-park-imip,6.0,within_boundary,0.0,2.29,0.0,1650.0,,,,False,TECH_WIND_ONSHORE,27
indonesia-morowali-industrial-park-imip,8.0,within_boundary,0.0,2.29,0.0,1650.0,,,,False,TECH_WIND_ONSHORE,27
indonesia-morowali-industrial-park-imip,10.0,within_boundary,0.0,2.29,0.0,1650.0,,,,False,TECH_WIND_ONSHORE,27
indonesia-morowali-industrial-park-imip,12.0,within_boundary,0.0,2.29,0.0,1650.0,,,,False,TECH_WIND_ONSHORE,27
indonesia-morowali-industrial-park-imip,14.0,within_boundary,0.0,2.29,0.0,1650.0,,,,False,TECH_WIND_ONSHORE,27
indonesia-morowali-industrial-park-imip,16.0,within_boundary,0.0,2.29,0.0,1650.0,,,,False,TECH_WIND_ONSHORE,27
indonesia-morowali-industrial-park-imip,18.0,within_boundary,0.0,2.29,0.0,1650.0,,,,False,TECH_WIND_ONSHORE,27
indonesia-morowali-industrial-park-imip,20.0,within_boundary,0.0,2.29,0.0,1650.0,,,,False,TECH_WIND_ONSHORE,27
indonesia-morowali-industrial-park-imip,4.0,grid_connected_solar,0.1305,4.72,657.4,2352.4,161.0,136.9,198.5,False,TECH_WIND_ONSHORE,27
indonesia-morowali-industrial-park-imip,6.0,grid_connected_solar,0.1305,4.72,657.4,2352.4,190.76,160.96,237.11,False,TECH_WIND_ONSHORE,27
indonesia-morowali-industrial-park-imip,8.0,grid_connected_solar,0.1305,4.72,657.4,2352.4,223.17,187.17,279.17,False,TECH_WIND_ONSHORE,27
indonesia-morowali-industrial-park-imip,10.0,grid_connected_solar,0.1305,4.72,657.4,2352.4,257.76,215.14,324.05,False,TECH_WIND_ONSHORE,27
indonesia-morowali-industrial-park-imip,12.0,grid_connected_solar,0.1305,4.72,657.4,2352.4,294.07,244.51,371.17,False,TECH_WIND_ONSHORE,27
indonesia-morowali-industrial-park-imip,14.0,grid_connected_solar,0.1305,4.72,657.4,2352.4,331.71,274.95,420.0,False,TECH_WIND_ONSHORE,27
indonesia-morowali-industrial-park-imip,16.0,grid_connected_solar,0.1305,4.72,657.4,2352.4,370.33,306.18,470.12,False,TECH_WIND_ONSHORE,27
indonesia-morowali-industrial-park-imip,18.0,grid_connected_solar,0.1305,4.72,657.4,2352.4,409.68,338.01,521.18,False,TECH_WIND_ONSHORE,27
indonesia-morowali-industrial-park-imip,20.0,grid_connected_solar,0.1305,4.72,657.4,2352.4,449.56,370.26,572.93,False,TECH_WIND_ONSHORE,27
stardust-estate-invesment-sei,4.0,within_boundary,0.0,1.96,0.0,1650.0,,,,False,TECH_WIND_ONSHORE,27
stardust-estate-invesment-sei,6.0,within_boundary,0.0,1.96,0.0,1650.0,,,,False,TECH_WIND_ONSHORE,27
stardust-estate-invesment-sei,8.0,within_boundary,0.0,1.96,0.0,1650.0,,,,False,TECH_WIND_ONSHORE,27
stardust-estate-invesment-sei,10.0,within_boundary,0.0,1.96,0.0,1650.0,,,,False,TECH_WIND_ONSHORE,27
stardust-estate-invesment-sei,12.0,within_boundary,0.0,1.96,0.0,1650.0,,,,False,TECH_WIND_ONSHORE,27
stardust-estate-invesment-sei,14.0,within_boundary,0.0,1.96,0.0,1650.0,,,,False,TECH_WIND_ONSHORE,27
stardust-estate-invesment-sei,16.0,within_boundary,0.0,1.96,0.0,1650.0,,,,False,TECH_WIND_ONSHORE,27
stardust-estate-invesment-sei,18.0,within_boundary,0.0,1.96,0.0,1650.0,,,,False,TECH_WIND_ONSHORE,27
stardust-estate-invesment-sei,20.0,within_boundary,0.0,1.96,0.0,1650.0,,,,False,TECH_WIND_ONSHORE,27
stardust-estate-invesment-sei,4.0,grid_connected_solar,0.1765,5.38,458.0,2153.0,111.15,93.32,138.87,False,TECH_WIND_ONSHORE,27
stardust-estate-invesment-sei,6.0,grid_connected_solar,0.1765,5.38,458.0,2153.0,131.28,109.25,165.55,False,TECH_WIND_ONSHORE,27
stardust-estate-invesment-sei,8.0,grid_connected_solar,0.1765,5.38,458.0,2153.0,153.21,126.6,194.61,False,TECH_WIND_ONSHORE,27
stardust-estate-invesment-sei,10.0,grid_connected_solar,0.1765,5.38,458.0,2153.0,176.62,145.11,225.63,False,TECH_WIND_ONSHORE,27
stardust-estate-invesment-sei,12.0,grid_connected_solar,0.1765,5.38,458.0,2153.0,201.19,164.55,258.19,False,TECH_WIND_ONSHORE,27
stardust-estate-invesment-sei,14.0,grid_connected_solar,0.1765,5.38,458.0,2153.0,226.66,184.69,291.94,False,TECH_WIND_ONSHORE,27
stardust-estate-invesment-sei,16.0,grid_connected_solar,0.1765,5.38,458.0,2153.0,252.8,205.37,326.58,False,TECH_WIND_ONSHORE,27
stardust-estate-invesment-sei,18.0,grid_connected_solar,0.1765,5.38,458.0,2153.0,279.43,226.43,361.86,False,TECH_WIND_ONSHORE,27
stardust-estate-invesment-sei,20.0,grid_connected_solar,0.1765,5.38,458.0,2153.0,306.41,247.78,397.63,False,TECH_WIND_ONSHORE,27
industrial-weda-bay-industrial-park-iwip,4.0,within_boundary,0.0,2.3,0.0,1650.0,,,,False,TECH_WIND_ONSHORE,27
industrial-weda-bay-industrial-park-iwip,6.0,within_boundary,0.0,2.3,0.0,1650.0,,,,False,TECH_WIND_ONSHORE,27
industrial-weda-bay-industrial-park-iwip,8.0,within_boundary,0.0,2.3,0.0,1650.0,,,,False,TECH_WIND_ONSHORE,27
industrial-weda-bay-industrial-park-iwip,10.0,within_boundary,0.0,2.3,0.0,1650.0,,,,False,TECH_WIND_ONSHORE,27
industrial-weda-bay-industrial-park-iwip,12.0,within_boundary,0.0,2.3,0.0,1650.0,,,,False,TECH_WIND_ONSHORE,27
industrial-weda-bay-industrial-park-iwip,14.0,within_boundary,0.0,2.3,0.0,1650.0,,,,False,TECH_WIND_ONSHORE,27
industrial-weda-bay-industrial-park-iwip,16.0,within_boundary,0.0,2.3,0.0,1650.0,,,,False,TECH_WIND_ONSHORE,27
industrial-weda-bay-industrial-park-iwip,18.0,within_boundary,0.0,2.3,0.0,1650.0,,,,False,TECH_WIND_ONSHORE,27
industrial-weda-bay-industrial-park-iwip,20.0,within_boundary,0.0,2.3,0.0,1650.0,,,,False,TECH_WIND_ONSHORE,27
industrial-weda-bay-industrial-park-iwip,4.0,grid_connected_solar,0.1828,5.47,536.5,2231.4,110.32,93.11,137.08,False,TECH_WIND_ONSHORE,27
industrial-weda-bay-industrial-park-iwip,6.0,grid_connected_solar,0.1828,5.47,536.5,2231.4,130.46,109.19,163.55,False,TECH_WIND_ONSHORE,27
industrial-weda-bay-industrial-park-iwip,8.0,grid_connected_solar,0.1828,5.47,536.5,2231.4,152.41,126.71,192.39,False,TECH_WIND_ONSHORE,27
industrial-weda-bay-industrial-park-iwip,10.0,grid_connected_solar,0.1828,5.47,536.5,2231.4,175.84,145.41,223.16,False,TECH_WIND_ONSHORE,27
industrial-weda-bay-industrial-park-iwip,12.0,grid_connected_solar,0.1828,5.47,536.5,2231.4,200.43,165.05,255.46,False,TECH_WIND_ONSHORE,27
industrial-weda-bay-industrial-park-iwip,14.0,grid_connected_solar,0.1828,5.47,536.5,2231.4,225.91,185.39,288.94,False,TECH_WIND_ONSHORE,27
industrial-weda-bay-industrial-park-iwip,16.0,grid_connected_solar,0.1828,5.47,536.5,2231.4,252.07,206.27,323.31,False,TECH_WIND_ONSHORE,27
industrial-weda-bay-industrial-park-iwip,18.0,grid_connected_solar,0.1828,5.47,536.5,2231.4,278.72,227.55,358.31,False,TECH_WIND_ONSHORE,27
industrial-weda-bay-industrial-park-iwip,20.0,grid_connected_solar,0.1828,5.47,536.5,2231.4,305.72,249.11,393.79,False,TECH_WIND_ONSHORE,27
buli-industrial-park,4.0,within_boundary,0.0,1.53,0.0,1650.0,,,,False,TECH_WIND_ONSHORE,27
buli-industrial-park,6.0,within_boundary,0.0,1.53,0.0,1650.0,,,,False,TECH_WIND_ONSHORE,27
buli-industrial-park,8.0,within_boundary,0.0,1.53,0.0,1650.0,,,,False,TECH_WIND_ONSHORE,27
buli-industrial-park,10.0,within_boundary,0.0,1.53,0.0,1650.0,,,,False,TECH_WIND_ONSHORE,27
buli-industrial-park,12.0,within_boundary,0.0,1.53,0.0,1650.0,,,,False,TECH_WIND_ONSHORE,27
buli-industrial-park,14.0,within_boundary,0.0,1.53,0.0,1650.0,,,,False,TECH_WIND_ONSHORE,27
buli-industrial-park,16.0,within_boundary,0.0,1.53,0.0,1650.0,,,,False,TECH_WIND_ONSHORE,27
buli-industrial-park,18.0,within_boundary,0.0,1.53,0.0,1650.0,,,,False,TECH_WIND_ONSHORE,27
buli-industrial-park,20.0,within_boundary,0.0,1.53,0.0,1650.0,,,,False,TECH_WIND_ONSHORE,27
buli-industrial-park,4.0,grid_connected_solar,0.2008,5.73,585.9,2280.9,102.15,86.48,126.52,False,TECH_WIND_ONSHORE,27
buli-industrial-park,6.0,grid_connected_solar,0.2008,5.73,585.9,2280.9,120.9,101.53,151.02,False,TECH_WIND_ONSHORE,27
buli-industrial-park,8.0,grid_connected_solar,0.2008,5.73,585.9,2280.9,141.32,117.93,177.71,False,TECH_WIND_ONSHORE,27
buli-industrial-park,10.0,grid_connected_solar,0.2008,5.73,585.9,2280.9,163.12,135.42,206.2,False,TECH_WIND_ONSHORE,27
buli-industrial-park,12.0,grid_connected_solar,0.2008,5.73,585.9,2280.9,186.0,153.79,236.1,False,TECH_WIND_ONSHORE,27
buli-industrial-park,14.0,grid_connected_solar,0.2008,5.73,585.9,2280.9,209.71,172.83,267.1,False,TECH_WIND_ONSHORE,27
buli-industrial-park,16.0,grid_connected_solar,0.2008,5.73,585.9,2280.9,234.05,192.36,298.9,False,TECH_WIND_ONSHORE,27
buli-industrial-park,18.0,grid_connected_solar,0.2008,5.73,585.9,2280.9,258.85,212.27,331.31,False,TECH_WIND_ONSHORE,27
buli-industrial-park,20.0,grid_connected_solar,0.2008,5.73,585.9,2280.9,283.98,232.44,364.16,False,TECH_WIND_ONSHORE,27
indonesia-konawe-industrial-park-ikip,4.0,within_boundary,0.0,1.89,0.0,1650.0,,,,False,TECH_WIND_ONSHORE,27
indonesia-konawe-industrial-park-ikip,6.0,within_boundary,0.0,1.89,0.0,1650.0,,,,False,TECH_WIND_ONSHORE,27
indonesia-konawe-industrial-park-ikip,8.0,within_boundary,0.0,1.89,0.0,1650.0,,,,False,TECH_WIND_ONSHORE,27
indonesia-konawe-industrial-park-ikip,10.0,within_boundary,0.0,1.89,0.0,1650.0,,,,False,TECH_WIND_ONSHORE,27
indonesia-konawe-industrial-park-ikip,12.0,within_boundary,0.0,1.89,0.0,1650.0,,,,False,TECH_WIND_ONSHORE,27
indonesia-konawe-industrial-park-ikip,14.0,within_boundary,0.0,1.89,0.0,1650.0,,,,False,TECH_WIND_ONSHORE,27
indonesia-konawe-industrial-park-ikip,16.0,within_boundary,0.0,1.89,0.0,1650.0,,,,False,TECH_WIND_ONSHORE,27
indonesia-konawe-industrial-park-ikip,18.0,within_boundary,0.0,1.89,0.0,1650.0,,,,False,TECH_WIND_ONSHORE,27
indonesia-konawe-industrial-park-ikip,20.0,within_boundary,0.0,1.89,0.0,1650.0,,,,False,TECH_WIND_ONSHORE,27
indonesia-konawe-industrial-park-ikip,4.0,grid_connected_solar,0.1305,4.72,656.5,2351.5,160.96,136.85,198.45,False,TECH_WIND_ONSHORE,27
indonesia-konawe-industrial-park-ikip,6.0,grid_connected_solar,0.1305,4.72,656.5,2351.5,190.7,160.9,237.05,False,TECH_WIND_ONSHORE,27
indonesia-konawe-industrial-park-ikip,8.0,grid_connected_solar,0.1305,4.72,656.5,2351.5,223.1,187.1,279.09,False,TECH_WIND_ONSHORE,27
indonesia-konawe-industrial-park-ikip,10.0,grid_connected_solar,0.1305,4.72,656.5,2351.5,257.67,215.06,323.96,False,TECH_WIND_ONSHORE,27
indonesia-konawe-industrial-park-ikip,12.0,grid_connected_solar,0.1305,4.72,656.5,2351.5,293.97,244.41,371.07,False,TECH_WIND_ONSHORE,27
indonesia-konawe-industrial-park-ikip,14.0,grid_connected_solar,0.1305,4.72,656.5,2351.5,331.59,274.83,419.89,False,TECH_WIND_ONSHORE,27
indonesia-konawe-industrial-park-ikip,16.0,grid_connected_solar,0.1305,4.72,656.5,2351.5,370.2,306.05,469.99,False,TECH_WIND_ONSHORE,27
indonesia-konawe-industrial-park-ikip,18.0,grid_connected_solar,0.1305,4.72,656.5,2351.5,409.54,337.86,521.04,False,TECH_WIND_ONSHORE,27
indonesia-konawe-industrial-park-ikip,20.0,grid_connected_solar,0.1305,4.72,656.5,2351.5,449.4,370.1,572.77,False,TECH_WIND_ONSHORE,27
inalum-asahan,4.0,within_boundary,0.05,3.62,0.0,1650.0,322.02,259.1,419.89,False,TECH_WIND_ONSHORE,27
inalum-asahan,6.0,within_boundary,0.05,3.62,0.0,1650.0,376.48,298.71,497.46,False,TECH_WIND_ONSHORE,27
inalum-asahan,8.0,within_boundary,0.05,3.62,0.0,1650.0,435.82,341.87,581.97,False,TECH_WIND_ONSHORE,27
inalum-asahan,10.0,within_boundary,0.05,3.62,0.0,1650.0,499.14,387.92,672.16,False,TECH_WIND_ONSHORE,27
inalum-asahan,12.0,within_boundary,0.05,3.62,0.0,1650.0,565.62,436.27,766.84,False,TECH_WIND_ONSHORE,27
inalum-asahan,14.0,within_boundary,0.05,3.62,0.0,1650.0,634.52,486.37,864.96,False,TECH_WIND_ONSHORE,27
inalum-asahan,16.0,within_boundary,0.05,3.62,0.0,1650.0,705.23,537.8,965.67,False,TECH_WIND_ONSHORE,27
inalum-asahan,18.0,within_boundary,0.05,3.62,0.0,1650.0,777.27,590.19,1068.27,False,TECH_WIND_ONSHORE,27
inalum-asahan,20.0,within_boundary,0.05,3.62,0.0,1650.0,850.27,643.29,1172.25,False,TECH_WIND_ONSHORE,27
inalum-asahan,4.0,grid_connected_solar,0.0935,4.19,149.2,1844.2,186.73,153.08,239.06,False,TECH_WIND_ONSHORE,27
inalum-asahan,6.0,grid_connected_solar,0.0935,4.19,149.2,1844.2,219.28,177.69,283.97,False,TECH_WIND_ONSHORE,27
inalum-asahan,8.0,grid_connected_solar,0.0935,4.19,149.2,1844.2,254.75,204.5,332.9,False,TECH_WIND_ONSHORE,27
inalum-asahan,10.0,grid_connected_solar,0.0935,4.19,149.2,1844.2,292.6,233.12,385.12,False,TECH_WIND_ONSHORE,27
inalum-asahan,12.0,grid_connected_solar,0.0935,4.19,149.2,1844.2,332.33,263.16,439.93,False,TECH_WIND_ONSHORE,27
inalum-asahan,14.0,grid_connected_solar,0.0935,4.19,149.2,1844.2,373.51,294.29,496.74,False,TECH_WIND_ONSHORE,27
inalum-asahan,16.0,grid_connected_solar,0.0935,4.19,149.2,1844.2,415.77,326.24,555.05,False,TECH_WIND_ONSHORE,27
inalum-asahan,18.0,grid_connected_solar,0.0935,4.19,149.2,1844.2,458.84,358.79,614.45,False,TECH_WIND_ONSHORE,27
inalum-asahan,20.0,grid_connected_solar,0.0935,4.19,149.2,1844.2,502.47,391.78,674.65,False,TECH_WIND_ONSHORE,27
freeport-smelter-gresik,4.0,within_boundary,0.0845,4.06,0.0,1650.0,190.54,153.31,248.45,False,TECH_WIND_ONSHORE,27
freeport-smelter-gresik,6.0,within_boundary,0.0845,4.06,0.0,1650.0,222.77,176.75,294.36,False,TECH_WIND_ONSHORE,27
freeport-smelter-gresik,8.0,within_boundary,0.0845,4.06,0.0,1650.0,257.88,202.29,344.36,False,TECH_WIND_ONSHORE,27
freeport-smelter-gresik,10.0,within_boundary,0.0845,4.06,0.0,1650.0,295.35,229.54,397.73,False,TECH_WIND_ONSHORE,27
freeport-smelter-gresik,12.0,within_boundary,0.0845,4.06,0.0,1650.0,334.69,258.15,453.75,False,TECH_WIND_ONSHORE,27
freeport-smelter-gresik,14.0,within_boundary,0.0845,4.06,0.0,1650.0,375.45,287.79,511.81,False,TECH_WIND_ONSHORE,27
freeport-smelter-gresik,16.0,within_boundary,0.0845,4.06,0.0,1650.0,417.29,318.22,571.4,False,TECH_WIND_ONSHORE,27
freeport-smelter-gresik,18.0,within_boundary,0.0845,4.06,0.0,1650.0,459.92,349.23,632.11,False,TECH_WIND_ONSHORE,27
freeport-smelter-gresik,20.0,within_boundary,0.0845,4.06,0.0,1650.0,503.12,380.64,693.64,False,TECH_WIND_ONSHORE,27
freeport-smelter-gresik,4.0,grid_connected_solar,0.1498,5.0,88.8,1783.8,113.73,92.73,146.4,False,TECH_WIND_ONSHORE,27
freeport-smelter-gresik,6.0,grid_connected_solar,0.1498,5.0,88.8,1783.8,133.38,107.43,173.76,False,TECH_WIND_ONSHORE,27
freeport-smelter-gresik,8.0,grid_connected_solar,0.1498,5.0,88.8,1783.8,154.8,123.44,203.58,False,TECH_WIND_ONSHORE,27
freeport-smelter-gresik,10.0,grid_connected_solar,0.1498,5.0,88.8,1783.8,177.65,140.52,235.39,False,TECH_WIND_ONSHORE,27
freeport-smelter-gresik,12.0,grid_connected_solar,0.1498,5.0,88.8,1783.8,201.63,158.46,268.8,False,TECH_WIND_ONSHORE,27
freeport-smelter-gresik,14.0,grid_connected_solar,0.1498,5.0,88.8,1783.8,226.5,177.05,303.41,False,TECH_WIND_ONSHORE,27
freeport-smelter-gresik,16.0,grid_connected_solar,0.1498,5.0,88.8,1783.8,252.01,196.13,338.94,False,TECH_WIND_ONSHORE,27
freeport-smelter-gresik,18.0,grid_connected_solar,0.1498,5.0,88.8,1783.8,278.01,215.57,375.14,False,TECH_WIND_ONSHORE,27
freeport-smelter-gresik,20.0,grid_connected_solar,0.1498,5.0,88.8,1783.8,304.35,235.27,411.82,False,TECH_WIND_ONSHORE,27
pupuk-kaltim-bontang,4.0,within_boundary,0.077,3.96,0.0,1650.0,209.1,168.25,272.65,False,TECH_WIND_ONSHORE,27
pupuk-kaltim-bontang,6.0,within_boundary,0.077,3.96,0.0,1650.0,244.47,193.97,323.03,False,TECH_WIND_ONSHORE,27
pupuk-kaltim-bontang,8.0,within_boundary,0.077,3.96,0.0,1650.0,283.0,221.99,377.9,False,TECH_WIND_ONSHORE,27
pupuk-kaltim-bontang,10.0,within_boundary,0.077,3.96,0.0,1650.0,324.12,251.9,436.47,False,TECH_WIND_ONSHORE,27
pupuk-kaltim-bontang,12.0,within_boundary,0.077,3.96,0.0,1650.0,367.29,283.29,497.95,False,TECH_WIND_ONSHORE,27
pupuk-kaltim-bontang,14.0,within_boundary,0.077,3.96,0.0,1650.0,412.02,315.83,561.66,False,TECH_WIND_ONSHORE,27
pupuk-kaltim-bontang,16.0,within_boundary,0.077,3.96,0.0,1650.0,457.94,349.22,627.06,False,TECH_WIND_ONSHORE,27
pupuk-kaltim-bontang,18.0,within_boundary,0.077,3.96,0.0,1650.0,504.72,383.24,693.68,False,TECH_WIND_ONSHORE,27
pupuk-kaltim-bontang,20.0,within_boundary,0.077,3.96,0.0,1650.0,552.13,417.72,761.2,False,TECH_WIND_ONSHORE,27
pupuk-kaltim-bontang,4.0,grid_connected_solar,0.1143,4.49,90.8,1785.8,149.17,121.65,191.99,False,TECH_WIND_ONSHORE,27
pupuk-kaltim-bontang,6.0,grid_connected_solar,0.1143,4.49,90.8,1785.8,174.96,140.94,227.88,False,TECH_WIND_ONSHORE,27
pupuk-kaltim-bontang,8.0,grid_connected_solar,0.1143,4.49,90.8,1785.8,203.06,161.96,266.99,False,TECH_WIND_ONSHORE,27
pupuk-kaltim-bontang,10.0,grid_connected_solar,0.1143,4.49,90.8,1785.8,233.04,184.38,308.72,False,TECH_WIND_ONSHORE,27
pupuk-kaltim-bontang,12.0,grid_connected_solar,0.1143,4.49,90.8,1785.8,264.51,207.93,352.53,False,TECH_WIND_ONSHORE,27
pupuk-kaltim-bontang,14.0,grid_connected_solar,0.1143,4.49,90.8,1785.8,297.13,232.33,397.94,False,TECH_WIND_ONSHORE,27
pupuk-kaltim-bontang,16.0,grid_connected_solar,0.1143,4.49,90.8,1785.8,330.61,257.37,444.54,False,TECH_WIND_ONSHORE,27
pupuk-kaltim-bontang,18.0,grid_connected_solar,0.1143,4.49,90.8,1785.8,364.72,282.88,492.02,False,TECH_WIND_ONSHORE,27
pupuk-kaltim-bontang,20.0,grid_connected_solar,0.1143,4.49,90.8,1785.8,399.28,308.74,540.13,False,TECH_WIND_ONSHORE,27
pupuk-sriwidjaja-palembang,4.0,within_boundary,0.0551,3.69,0.0,1650.0,292.21,235.12,381.02,False,TECH_WIND_ONSHORE,27
pupuk-sriwidjaja-palembang,6.0,within_boundary,0.0551,3.69,0.0,1650.0,341.64,271.07,451.42,False,TECH_WIND_ONSHORE,27
pupuk-sriwidjaja-palembang,8.0,within_boundary,0.0551,3.69,0.0,1650.0,395.48,310.22,528.1,False,TECH_WIND_ONSHORE,27
pupuk-sriwidjaja-palembang,10.0,within_boundary,0.0551,3.69,0.0,1650.0,452.94,352.01,609.94,False,TECH_WIND_ONSHORE,27
pupuk-sriwidjaja-palembang,12.0,within_boundary,0.0551,3.69,0.0,1650.0,513.27,395.89,695.86,False,TECH_WIND_ONSHORE,27
pupuk-sriwidjaja-palembang,14.0,within_boundary,0.0551,3.69,0.0,1650.0,575.79,441.35,784.9,False,TECH_WIND_ONSHORE,27
pupuk-sriwidjaja-palembang,16.0,within_boundary,0.0551,3.69,0.0,1650.0,639.95,488.02,876.29,False,TECH_WIND_ONSHORE,27
pupuk-sriwidjaja-palembang,18.0,within_boundary,0.0551,3.69,0.0,1650.0,705.32,535.56,969.4,False,TECH_WIND_ONSHORE,27
pupuk-sriwidjaja-palembang,20.0,within_boundary,0.0551,3.69,0.0,1650.0,771.57,583.75,1063.75,False,TECH_WIND_ONSHORE,27
pupuk-sriwidjaja-palembang,4.0,grid_connected_solar,0.097,4.24,191.7,1886.7,183.05,150.62,233.5,False,TECH_WIND_ONSHORE,27
pupuk-sriwidjaja-palembang,6.0,grid_connected_solar,0.097,4.24,191.7,1886.7,215.15,175.06,277.51,False,TECH_WIND_ONSHORE,27
pupuk-sriwidjaja-palembang,8.0,grid_connected_solar,0.097,4.24,191.7,1886.7,250.12,201.69,325.46,False,TECH_WIND_ONSHORE,27
pupuk-sriwidjaja-palembang,10.0,grid_connected_solar,0.097,4.24,191.7,1886.7,287.45,230.12,376.63,False,TECH_WIND_ONSHORE,27
pupuk-sriwidjaja-palembang,12.0,grid_connected_solar,0.097,4.24,191.7,1886.7,326.63,259.95,430.35,False,TECH_WIND_ONSHORE,27
pupuk-sriwidjaja-palembang,14.0,grid_connected_solar,0.097,4.24,191.7,1886.7,367.24,290.87,486.02,False,TECH_WIND_ONSHORE,27
pupuk-sriwidjaja-palembang,16.0,grid_connected_solar,0.097,4.24,191.7,1886.7,408.91,322.61,543.16,False,TECH_WIND_ONSHORE,27
pupuk-sriwidjaja-palembang,18.0,grid_connected_solar,0.097,4.24,191.7,1886.7,451.38,354.95,601.38,False,TECH_WIND_ONSHORE,27
pupuk-sriwidjaja-palembang,20.0,grid_connected_solar,0.097,4.24,191.7,1886.7,494.41,387.71,660.37,False,TECH_WIND_ONSHORE,27
petrokimia-gresik,4.0,within_boundary,0.0622,3.78,0.0,1650.0,258.86,208.28,337.53,False,TECH_WIND_ONSHORE,27
petrokimia-gresik,6.0,within_boundary,0.0622,3.78,0.0,1650.0,302.64,240.12,399.89,False,TECH_WIND_ONSHORE,27
petrokimia-gresik,8.0,within_boundary,0.0622,3.78,0.0,1650.0,350.34,274.81,467.82,False,TECH_WIND_ONSHORE,27
petrokimia-gresik,10.0,within_boundary,0.0622,3.78,0.0,1650.0,401.24,311.83,540.32,False,TECH_WIND_ONSHORE,27
petrokimia-gresik,12.0,within_boundary,0.0622,3.78,0.0,1650.0,454.68,350.7,616.43,False,TECH_WIND_ONSHORE,27
petrokimia-gresik,14.0,within_boundary,0.0622,3.78,0.0,1650.0,510.06,390.98,695.31,False,TECH_WIND_ONSHORE,27
petrokimia-gresik,16.0,within_boundary,0.0622,3.78,0.0,1650.0,566.9,432.31,776.26,False,TECH_WIND_ONSHORE,27
petrokimia-gresik,18.0,within_boundary,0.0622,3.78,0.0,1650.0,624.81,474.43,858.74,False,TECH_WIND_ONSHORE,27
petrokimia-gresik,20.0,within_boundary,0.0622,3.78,0.0,1650.0,683.5,517.11,942.32,False,TECH_WIND_ONSHORE,27
petrokimia-gresik,4.0,grid_connected_solar,0.1341,4.77,111.5,1806.5,128.22,104.76,164.71,False,TECH_WIND_ONSHORE,27
petrokimia-gresik,6.0,grid_connected_solar,0.1341,4.77,111.5,1806.5,150.46,121.46,195.56,False,TECH_WIND_ONSHORE,27
petrokimia-gresik,8.0,grid_connected_solar,0.1341,4.77,111.5,1806.5,174.68,139.65,229.17,False,TECH_WIND_ONSHORE,27
petrokimia-gresik,10.0,grid_connected_solar,0.1341,4.77,111.5,1806.5,200.53,159.06,265.04,False,TECH_WIND_ONSHORE,27
petrokimia-gresik,12.0,grid_connected_solar,0.1341,4.77,111.5,1806.5,227.66,179.43,302.69,False,TECH_WIND_ONSHORE,27
petrokimia-gresik,14.0,grid_connected_solar,0.1341,4.77,111.5,1806.5,255.79,200.55,341.71,False,TECH_WIND_ONSHORE,27
petrokimia-gresik,16.0,grid_connected_solar,0.1341,4.77,111.5,1806.5,284.65,222.22,381.76,False,TECH_WIND_ONSHORE,27
petrokimia-gresik,18.0,grid_connected_solar,0.1341,4.77,111.5,1806.5,314.06,244.31,422.56,False,TECH_WIND_ONSHORE,27
petrokimia-gresik,20.0,grid_connected_solar,0.1341,4.77,111.5,1806.5,343.86,266.69,463.91,False,TECH_WIND_ONSHORE,27
pupuk-kujang-cikampek,4.0,within_boundary,0.05,3.02,0.0,1650.0,322.02,259.1,419.89,False,TECH_WIND_ONSHORE,27
pupuk-kujang-cikampek,6.0,within_boundary,0.05,3.02,0.0,1650.0,376.48,298.71,497.46,False,TECH_WIND_ONSHORE,27
pupuk-kujang-cikampek,8.0,within_boundary,0.05,3.02,0.0,1650.0,435.82,341.87,581.97,False,TECH_WIND_ONSHORE,27
pupuk-kujang-cikampek,10.0,within_boundary,0.05,3.02,0.0,1650.0,499.14,387.92,672.16,False,TECH_WIND_ONSHORE,27
pupuk-kujang-cikampek,12.0,within_boundary,0.05,3.02,0.0,1650.0,565.62,436.27,766.84,False,TECH_WIND_ONSHORE,27
pupuk-kujang-cikampek,14.0,within_boundary,0.05,3.02,0.0,1650.0,634.52,486.37,864.96,False,TECH_WIND_ONSHORE,27
pupuk-kujang-cikampek,16.0,within_boundary,0.05,3.02,0.0,1650.0,705.23,537.8,965.67,False,TECH_WIND_ONSHORE,27
pupuk-kujang-cikampek,18.0,within_boundary,0.05,3.02,0.0,1650.0,777.27,590.19,1068.27,False,TECH_WIND_ONSHORE,27
pupuk-kujang-cikampek,20.0,within_boundary,0.05,3.02,0.0,1650.0,850.27,643.29,1172.25,False,TECH_WIND_ONSHORE,27
pupuk-kujang-cikampek,4.0,grid_connected_solar,0.1732,5.33,92.2,1787.2,98.5,80.34,126.75,False,TECH_WIND_ONSHORE,27
pupuk-kujang-cikampek,6.0,grid_connected_solar,0.1732,5.33,92.2,1787.2,115.53,93.08,150.46,False,TECH_WIND_ONSHORE,27
pupuk-kujang-cikampek,8.0,grid_connected_solar,0.1732,5.33,92.2,1787.2,134.09,106.96,176.28,False,TECH_WIND_ONSHORE,27
pupuk-kujang-cikampek,10.0,grid_connected_solar,0.1732,5.33,92.2,1787.2,153.89,121.78,203.83,False,TECH_WIND_ONSHORE,27
pupuk-kujang-cikampek,12.0,grid_connected_solar,0.1732,5.33,92.2,1787.2,174.67,137.33,232.76,False,TECH_WIND_ONSHORE,27
pupuk-kujang-cikampek,14.0,grid_connected_solar,0.1732,5.33,92.2,1787.2,196.22,153.45,262.74,False,TECH_WIND_ONSHORE,27
pupuk-kujang-cikampek,16.0,grid_connected_solar,0.1732,5.33,92.2,1787.2,218.33,170.0,293.51,False,TECH_WIND_ONSHORE,27
pupuk-kujang-cikampek,18.0,grid_connected_solar,0.1732,5.33,92.2,1787.2,240.86,186.85,324.86,False,TECH_WIND_ONSHORE,27
pupuk-kujang-cikampek,20.0,grid_connected_solar,0.1732,5.33,92.2,1787.2,263.68,203.93,356.63,False,TECH_WIND_ONSHORE,27
pupuk-iskandar-muda-lhokseumawe,4.0,within_boundary,0.0507,3.63,0.0,1650.0,317.57,255.52,414.09,False,TECH_WIND_ONSHORE,27
pupuk-iskandar-muda-lhokseumawe,6.0,within_boundary,0.0507,3.63,0.0,1650.0,371.29,294.59,490.59,False,TECH_WIND_ONSHORE,27
pupuk-iskandar-muda-lhokseumawe,8.0,within_boundary,0.0507,3.63,0.0,1650.0,429.8,337.15,573.94,False,TECH_WIND_ONSHORE,27
pupuk-iskandar-muda-lhokseumawe,10.0,within_boundary,0.0507,3.63,0.0,1650.0,492.25,382.56,662.88,False,TECH_WIND_ONSHORE,27
pupuk-iskandar-muda-lhokseumawe,12.0,within_boundary,0.0507,3.63,0.0,1650.0,557.81,430.24,756.25,False,TECH_WIND_ONSHORE,27
pupuk-iskandar-muda-lhokseumawe,14.0,within_boundary,0.0507,3.63,0.0,1650.0,625.76,479.66,853.02,False,TECH_WIND_ONSHORE,27
pupuk-iskandar-muda-lhokseumawe,16.0,within_boundary,0.0507,3.63,0.0,1650.0,695.49,530.37,952.34,False,TECH_WIND_ONSHORE,27
pupuk-iskandar-muda-lhokseumawe,18.0,within_boundary,0.0507,3.63,0.0,1650.0,766.54,582.04,1053.52,False,TECH_WIND_ONSHORE,27
pupuk-iskandar-muda-lhokseumawe,20.0,within_boundary,0.0507,3.63,0.0,1650.0,838.53,634.41,1156.07,False,TECH_WIND_ONSHORE,27
pupuk-iskandar-muda-lhokseumawe,4.0,grid_connected_solar,0.2323,6.37,125.6,1820.6,74.44,60.9,95.51,False,TECH_WIND_ONSHORE,27
pupuk-iskandar-muda-lhokseumawe,6.0,grid_connected_solar,0.2323,6.37,125.6,1820.6,87.38,70.64,113.42,False,TECH_WIND_ONSHORE,27
pupuk-iskandar-muda-lhokseumawe,8.0,grid_connected_solar,0.2323,6.37,125.6,1820.6,101.47,81.25,132.93,False,TECH_WIND_ONSHORE,27
pupuk-iskandar-muda-lhokseumawe,10.0,grid_connected_solar,0.2323,6.37,125.6,1820.6,116.51,92.57,153.75,False,TECH_WIND_ONSHORE,27
pupuk-iskandar-muda-lhokseumawe,12.0,grid_connected_solar,0.2323,6.37,125.6,1820.6,132.3,104.46,175.61,False,TECH_WIND_ONSHORE,27
pupuk-iskandar-muda-lhokseumawe,14.0,grid_connected_solar,0.2323,6.37,125.6,1820.6,148.66,116.77,198.26,False,TECH_WIND_ONSHORE,27
pupuk-iskandar-muda-lhokseumawe,16.0,grid_connected_solar,0.2323,6.37,125.6,1820.6,165.45,129.42,221.51,False,TECH_WIND_ONSHORE,27
pupuk-iskandar-muda-lhokseumawe,18.0,grid_connected_solar,0.2323,6.37,125.6,1820.6,182.56,142.3,245.2,False,TECH_WIND_ONSHORE,27
pupuk-iskandar-muda-lhokseumawe,20.0,grid_connected_solar,0.2323,6.37,125.6,1820.6,199.9,155.35,269.2,False,TECH_WIND_ONSHORE,27
