{
  "type": "FeatureCollection",
  "features": [
    {
      "type": "Feature",
      "geometry": {
        "type": "Polygon",
        "coordinates": [
          [
            [
              108.3863711,
              -6.7166503
            ],
            [
              108.3866876,
              -6.7175241
            ],
            [
              108.3871543,
              -6.7176093
            ],
            [
              108.3878517,
              -6.7177212
            ],
            [
              108.3878571,
              -6.7180888
            ],
            [
              108.3877283,
              -6.7183765
            ],
            [
              108.3873367,
              -6.7188293
            ],
            [
              108.3869129,
              -6.7198629
            ],
            [
              108.3868593,
              -6.721248
            ],
            [
              108.3870685,
              -6.7228623
            ],
            [
              108.3880877,
              -6.7235975
            ],
            [
              108.3880126,
              -6.7243753
            ],
            [
              108.387723,
              -6.7246417
            ],
            [
              108.3877444,
              -6.7251744
            ],
            [
              108.3879375,
              -6.7256965
            ],
            [
              108.3893108,
              -6.7260162
            ],
            [
              108.3894718,
              -6.726453
            ],
            [
              108.389461,
              -6.7271776
            ],
            [
              108.3891284,
              -6.727348
            ],
            [
              108.3885169,
              -6.7273054
            ],
            [
              108.3881092,
              -6.7280086
            ],
            [
              108.3877766,
              -6.7285627
            ],
            [
              108.3882916,
              -6.7290422
            ],
            [
              108.3889139,
              -6.7289463
            ],
            [
              108.3898687,
              -6.7289356
            ],
            [
              108.3910811,
              -6.7288291
            ],
            [
              108.3917892,
              -6.7290954
            ],
            [
              108.3922613,
              -6.7287971
            ],
            [
              108.392154,
              -6.7280619
            ],
            [
              108.3915532,
              -6.7276038
            ],
            [
              108.3912206,
              -6.7270177
            ],
            [
              108.3911669,
              -6.7265702
            ],
            [
              108.3909523,
              -6.7261547
            ],
            [
              108.389976,
              -6.7257498
            ],
            [
              108.3896756,
              -6.7250892
            ],
            [
              108.3896005,
              -6.72429
            ],
            [
              108.3896649,
              -6.7236294
            ],
            [
              108.3902013,
              -6.7232459
            ],
            [
              108.3909094,
              -6.7229901
            ],
            [
              108.3920145,
              -6.7232778
            ],
            [
              108.392669,
              -6.724013
            ],
            [
              108.3930659,
              -6.7247162
            ],
            [
              108.3932805,
              -6.725249
            ],
            [
              108.3943105,
              -6.7257818
            ],
            [
              108.3965742,
              -6.7269431
            ],
            [
              108.3985591,
              -6.7273907
            ],
            [
              108.3998358,
              -6.7279021
            ],
            [
              108.4008551,
              -6.7276677
            ],
            [
              108.4032154,
              -6.7263678
            ],
            [
              108.4039664,
              -6.7264104
            ],
            [
              108.4043097,
              -6.7257498
            ],
            [
              108.4043848,
              -6.7250998
            ],
            [
              108.4039342,
              -6.7245245
            ],
            [
              108.4038377,
              -6.7219886
            ],
            [
              108.4040952,
              -6.7208165
            ],
            [
              108.4048891,
              -6.7203903
            ],
            [
              108.4053504,
              -6.7198575
            ],
            [
              108.4051144,
              -6.7176519
            ],
            [
              108.4051144,
              -6.7162241
            ],
            [
              108.4080541,
              -6.7155156
            ],
            [
              108.4082955,
              -6.7154197
            ],
            [
              108.4085637,
              -6.7151693
            ],
            [
              108.4086871,
              -6.7149295
            ],
            [
              108.4087676,
              -6.7142849
            ],
            [
              108.4088695,
              -6.7133419
            ],
            [
              108.4089768,
              -6.7129689
            ],
            [
              108.4095883,
              -6.7121432
            ],
            [
              108.4097117,
              -6.7118928
            ],
            [
              108.4097546,
              -6.7113707
            ],
            [
              108.4098029,
              -6.710417
            ],
            [
              108.4100068,
              -6.7097457
            ],
            [
              108.4100711,
              -6.7093355
            ],
            [
              108.4099531,
              -6.7089998
            ],
            [
              108.4097761,
              -6.7086749
            ],
            [
              108.4090733,
              -6.707881
            ],
            [
              108.4087622,
              -6.7072204
            ],
            [
              108.4084189,
              -6.7073056
            ],
            [
              108.4080541,
              -6.706954
            ],
            [
              108.4080487,
              -6.7059737
            ],
            [
              108.4081507,
              -6.7052864
            ],
            [
              108.4083813,
              -6.7048336
            ],
            [
              108.4077161,
              -6.7043647
            ],
            [
              108.4082472,
              -6.7035762
            ],
            [
              108.4070778,
              -6.702873
            ],
            [
              108.4059298,
              -6.7021271
            ],
            [
              108.4053129,
              -6.7016636
            ],
            [
              108.403784,
              -6.7002837
            ],
            [
              108.4032744,
              -6.6999427
            ],
            [
              108.4017295,
              -6.7016636
            ],
            [
              108.4008551,
              -6.7023615
            ],
            [
              108.3938169,
              -6.7078491
            ],
            [
              108.391639,
              -6.7077638
            ],
            [
              108.390255,
              -6.7085683
            ],
            [
              108.3900458,
              -6.709197
            ],
            [
              108.3893645,
              -6.7095859
            ],
            [
              108.3888119,
              -6.7102305
            ],
            [
              108.3884901,
              -6.711344
            ],
            [
              108.3881307,
              -6.7117862
            ],
            [
              108.3879965,
              -6.7126546
            ],
            [
              108.3876479,
              -6.7135124
            ],
            [
              108.3876693,
              -6.7141091
            ],
            [
              108.3874708,
              -6.7148443
            ],
            [
              108.3869934,
              -6.7148336
            ],
            [
              108.3868754,
              -6.7152598
            ],
            [
              108.3867198,
              -6.7155475
            ],
            [
              108.3865428,
              -6.7159844
            ],
            [
              108.3866125,
              -6.7161922
            ],
            [
              108.3863711,
              -6.7166503
            ]
          ]
        ]
      },
      "properties": {
        "site_id": "indocement-palimanan",
        "osm_class": "landuse",
        "osm_type": "industrial",
        "osm_id": 905451146,
        "osm_display_name": "Indocement Tunggal Prakarsa, Kedungbunder, Kabupaten Cirebon, Jawa, Indonesia",
        "verified_date": "2026-04-28"
      }
    },
    {
      "type": "Feature",
      "geometry": {
        "type": "Polygon",
        "coordinates": [
          [
            [
              106.2392963,
              -6.9557735
            ],
            [
              106.2393245,
              -6.9558281
            ],
            [
              106.2393688,
              -6.9558547
            ],
            [
              106.2394787,
              -6.955856
            ],
            [
              106.2396678,
              -6.9558161
            ],
            [
              106.2400192,
              -6.9557655
            ],
            [
              106.240325,
              -6.9557841
            ],
            [
              106.2406066,
              -6.9559146
            ],
            [
              106.2414193,
              -6.9543038
            ],
            [
              106.2425673,
              -6.9550653
            ],
            [
              106.2428731,
              -6.9549268
            ],
            [
              106.2429374,
              -6.9553794
            ],
            [
              106.2431842,
              -6.9558267
            ],
            [
              106.2485164,
              -6.9581005
            ],
            [
              106.2493104,
              -6.9578981
            ],
            [
              106.2496,
              -6.9573603
            ],
            [
              106.249879,
              -6.9575094
            ],
            [
              106.2506944,
              -6.9572645
            ],
            [
              106.2515849,
              -6.9577863
            ],
            [
              106.252808,
              -6.9562208
            ],
            [
              106.2525237,
              -6.9558587
            ],
            [
              106.2530279,
              -6.9550706
            ],
            [
              106.252706,
              -6.954602
            ],
            [
              106.2529743,
              -6.9532974
            ],
            [
              106.2522715,
              -6.9526371
            ],
            [
              106.2519336,
              -6.9518809
            ],
            [
              106.2523788,
              -6.9506402
            ],
            [
              106.2527811,
              -6.9504112
            ],
            [
              106.2530547,
              -6.9504538
            ],
            [
              106.2533283,
              -6.9494421
            ],
            [
              106.2519818,
              -6.949048
            ],
            [
              106.2514454,
              -6.9492717
            ],
            [
              106.2511256,
              -6.9494617
            ],
            [
              106.2507105,
              -6.9497083
            ],
            [
              106.2506676,
              -6.9498841
            ],
            [
              106.2498254,
              -6.9502249
            ],
            [
              106.2497073,
              -6.9499426
            ],
            [
              106.2487713,
              -6.9503471
            ],
            [
              106.2483002,
              -6.9505507
            ],
            [
              106.2472987,
              -6.9479085
            ],
            [
              106.2454024,
              -6.9490773
            ],
            [
              106.2450966,
              -6.9492903
            ],
            [
              106.2449129,
              -6.9494328
            ],
            [
              106.2448901,
              -6.9494967
            ],
            [
              106.2448914,
              -6.9495513
            ],
            [
              106.2449491,
              -6.9497483
            ],
            [
              106.2449424,
              -6.9498135
            ],
            [
              106.2449048,
              -6.9498827
            ],
            [
              106.24419,
              -6.9503061
            ],
            [
              106.2440801,
              -6.9503646
            ],
            [
              106.2439808,
              -6.9503859
            ],
            [
              106.2438078,
              -6.9503859
            ],
            [
              106.2437595,
              -6.9503567
            ],
            [
              106.2437381,
              -6.9503047
            ],
            [
              106.2437434,
              -6.9501903
            ],
            [
              106.2437636,
              -6.9501037
            ],
            [
              106.2437703,
              -6.9500465
            ],
            [
              106.2437542,
              -6.9499986
            ],
            [
              106.2436791,
              -6.9499347
            ],
            [
              106.2435906,
              -6.949928
            ],
            [
              106.2435503,
              -6.9499453
            ],
            [
              106.2435329,
              -6.9499879
            ],
            [
              106.2435342,
              -6.9502874
            ],
            [
              106.2435275,
              -6.9503394
            ],
            [
              106.2435034,
              -6.9503726
            ],
            [
              106.2434484,
              -6.9503873
            ],
            [
              106.242688,
              -6.9503926
            ],
            [
              106.2426853,
              -6.9505577
            ],
            [
              106.2420335,
              -6.9505697
            ],
            [
              106.2420161,
              -6.9507068
            ],
            [
              106.2419812,
              -6.9508199
            ],
            [
              106.239574,
              -6.9535024
            ],
            [
              106.23981,
              -6.953726
            ],
            [
              106.2398274,
              -6.953778
            ],
            [
              106.239818,
              -6.9538246
            ],
            [
              106.2396973,
              -6.9540801
            ],
            [
              106.2395498,
              -6.9543411
            ],
            [
              106.2394559,
              -6.9547191
            ],
            [
              106.2394881,
              -6.9549215
            ],
            [
              106.239574,
              -6.9550919
            ],
            [
              106.239641,
              -6.9552357
            ],
            [
              106.2396558,
              -6.9553009
            ],
            [
              106.2396517,
              -6.9553861
            ],
            [
              106.2396088,
              -6.9554713
            ],
            [
              106.2393741,
              -6.9556297
            ],
            [
              106.2393098,
              -6.955687
            ],
            [
              106.2392963,
              -6.9557735
            ]
          ]
        ]
      },
      "properties": {
        "site_id": "cemindo-gemilang-bayah",
        "osm_class": "landuse",
        "osm_type": "industrial",
        "osm_id": 662722550,
        "osm_display_name": "Cemindo Gemilang, Bayah, Lebak, Banten, Jawa, Indonesia",
        "verified_date": "2026-04-28"
      }
    },
    {
      "type": "Feature",
      "geometry": {
        "type": "Polygon",
        "coordinates": [
          [
            [
              112.6349902,
              -7.145079
            ],
            [
              112.6356554,
              -7.1455368
            ],
            [
              112.6350626,
              -7.1465242
            ],
            [
              112.6355146,
              -7.1466918
            ],
            [
              112.6357613,
              -7.1461263
            ],
            [
              112.6362884,
              -7.1463432
            ],
            [
              112.6369241,
              -7.1466386
            ],
            [
              112.6371601,
              -7.1463512
            ],
            [
              112.6373935,
              -7.1462979
            ],
            [
              112.6376778,
              -7.1463911
            ],
            [
              112.6377851,
              -7.1465481
            ],
            [
              112.6380238,
              -7.1468648
            ],
            [
              112.6384395,
              -7.1470644
            ],
            [
              112.6383939,
              -7.1472826
            ],
            [
              112.6382625,
              -7.1477351
            ],
            [
              112.6388204,
              -7.1479054
            ],
            [
              112.639153,
              -7.1482088
            ],
            [
              112.6396995,
              -7.1486273
            ],
            [
              112.6396888,
              -7.1486566
            ],
            [
              112.6403171,
              -7.1489513
            ],
            [
              112.640419,
              -7.148789
            ],
            [
              112.6409903,
              -7.1489859
            ],
            [
              112.6410842,
              -7.1490924
            ],
            [
              112.6410272,
              -7.1497138
            ],
            [
              112.6401508,
              -7.1494969
            ],
            [
              112.6384073,
              -7.1489008
            ],
            [
              112.6367712,
              -7.1485282
            ],
            [
              112.636629,
              -7.1492053
            ],
            [
              112.6361497,
              -7.151488
            ],
            [
              112.6361006,
              -7.1517218
            ],
            [
              112.6355956,
              -7.1545571
            ],
            [
              112.6354408,
              -7.1554264
            ],
            [
              112.6355052,
              -7.1556712
            ],
            [
              112.6356715,
              -7.1559214
            ],
            [
              112.6359236,
              -7.1560757
            ],
            [
              112.6382384,
              -7.1565175
            ],
            [
              112.6388177,
              -7.1569247
            ],
            [
              112.6391047,
              -7.1569566
            ],
            [
              112.6392496,
              -7.1570524
            ],
            [
              112.6392469,
              -7.1571695
            ],
            [
              112.6393756,
              -7.1572706
            ],
            [
              112.6395982,
              -7.1573558
            ],
            [
              112.6408321,
              -7.1575714
            ],
            [
              112.6408803,
              -7.1572361
            ],
            [
              112.6410225,
              -7.1568422
            ],
            [
              112.6412907,
              -7.1558389
            ],
            [
              112.6418996,
              -7.1526027
            ],
            [
              112.6419425,
              -7.1523739
            ],
            [
              112.6418486,
              -7.1513758
            ],
            [
              112.6418781,
              -7.1511789
            ],
            [
              112.6421195,
              -7.1504523
            ],
            [
              112.6423046,
              -7.1504949
            ],
            [
              112.6423502,
              -7.1503485
            ],
            [
              112.6420552,
              -7.1502527
            ],
            [
              112.6418701,
              -7.1501835
            ],
            [
              112.6413953,
              -7.1499014
            ],
            [
              112.6414785,
              -7.1495767
            ],
            [
              112.6424977,
              -7.1498988
            ],
            [
              112.6425272,
              -7.1497151
            ],
            [
              112.6426291,
              -7.1494011
            ],
            [
              112.6428062,
              -7.1491403
            ],
            [
              112.6431066,
              -7.1488049
            ],
            [
              112.6435572,
              -7.1485495
            ],
            [
              112.6454146,
              -7.1476419
            ],
            [
              112.6467436,
              -7.1470005
            ],
            [
              112.6482376,
              -7.1466466
            ],
            [
              112.65026,
              -7.1457763
            ],
            [
              112.6505604,
              -7.145952
            ],
            [
              112.6511371,
              -7.1460424
            ],
            [
              112.6513544,
              -7.1460584
            ],
            [
              112.6524755,
              -7.144781
            ],
            [
              112.6524755,
              -7.144584
            ],
            [
              112.6527107,
              -7.1445856
            ],
            [
              112.655279,
              -7.1445369
            ],
            [
              112.6562142,
              -7.1447445
            ],
            [
              112.6562791,
              -7.1446648
            ],
            [
              112.6568959,
              -7.1444423
            ],
            [
              112.6584986,
              -7.1443924
            ],
            [
              112.6584994,
              -7.1444194
            ],
            [
              112.6584079,
              -7.144423
            ],
            [
              112.6584137,
              -7.1445694
            ],
            [
              112.6585968,
              -7.1445622
            ],
            [
              112.658591,
              -7.1444158
            ],
            [
              112.6585562,
              -7.1444172
            ],
            [
              112.6585553,
              -7.1443906
            ],
            [
              112.6591525,
              -7.1443733
            ],
            [
              112.6599797,
              -7.1462642
            ],
            [
              112.6602031,
              -7.1461676
            ],
            [
              112.6572579,
              -7.1393742
            ],
            [
              112.6569464,
              -7.1395005
            ],
            [
              112.658832,
              -7.1436962
            ],
            [
              112.6579204,
              -7.1440956
            ],
            [
              112.6569022,
              -7.1441271
            ],
            [
              112.65687,
              -7.1440733
            ],
            [
              112.6563067,
              -7.1441068
            ],
            [
              112.6558293,
              -7.1438647
            ],
            [
              112.651615,
              -7.1417275
            ],
            [
              112.6507821,
              -7.1409058
            ],
            [
              112.6511183,
              -7.1406771
            ],
            [
              112.6521671,
              -7.1402725
            ],
            [
              112.6524031,
              -7.1403045
            ],
            [
              112.6526713,
              -7.1401927
            ],
            [
              112.6525801,
              -7.1399319
            ],
            [
              112.6536477,
              -7.1395167
            ],
            [
              112.6535833,
              -7.1393464
            ],
            [
              112.65221,
              -7.1398627
            ],
            [
              112.652092,
              -7.1400916
            ],
            [
              112.6505336,
              -7.1406211
            ],
            [
              112.6504666,
              -7.1406292
            ],
            [
              112.6500347,
              -7.1401342
            ],
            [
              112.6501259,
              -7.1401115
            ],
            [
              112.6502278,
              -7.1401209
            ],
            [
              112.6502869,
              -7.1400477
            ],
            [
              112.6503324,
              -7.1399212
            ],
            [
              112.6503177,
              -7.1398481
            ],
            [
              112.6502627,
              -7.1397829
            ],
            [
              112.6501836,
              -7.1397429
            ],
            [
              112.6501165,
              -7.1397416
            ],
            [
              112.6498737,
              -7.1399438
            ],
            [
              112.6497102,
              -7.1398295
            ],
            [
              112.6496525,
              -7.1398108
            ],
            [
              112.6495559,
              -7.1398162
            ],
            [
              112.6495398,
              -7.1397629
            ],
            [
              112.6495785,
              -7.1396999
            ],
            [
              112.6495717,
              -7.139606
            ],
            [
              112.649564,
              -7.1395114
            ],
            [
              112.6508246,
              -7.1390004
            ],
            [
              112.6493837,
              -7.1352466
            ],
            [
              112.6493288,
              -7.1352679
            ],
            [
              112.6493044,
              -7.1352774
            ],
            [
              112.649155,
              -7.1353356
            ],
            [
              112.6490313,
              -7.1350182
            ],
            [
              112.6446837,
              -7.1365306
            ],
            [
              112.644276,
              -7.1365412
            ],
            [
              112.6403224,
              -7.1380263
            ],
            [
              112.6390618,
              -7.1382818
            ],
            [
              112.6349902,
              -7.145079
            ]
          ]
        ]
      },
      "properties": {
        "site_id": "petrokimia-gresik",
        "osm_class": "landuse",
        "osm_type": "industrial",
        "osm_id": 640066048,
        "osm_display_name": "Petrokimia Gresik, Lumpur, Gresik, Jawa Timur, Jawa, Indonesia",
        "verified_date": "2026-04-28"
      }
    },
    {
      "type": "Feature",
      "geometry": {
        "type": "Polygon",
        "coordinates": [
          [
            [
              112.6981831,
              -7.357277
            ],
            [
              112.6982018,
              -7.3581442
            ],
            [
              112.6981991,
              -7.3594273
            ],
            [
              112.6985156,
              -7.3594237
            ],
            [
              112.6991486,
              -7.3592322
            ],
            [
              112.7002913,
              -7.3586097
            ],
            [
              112.7008438,
              -7.3583809
            ],
            [
              112.7011871,
              -7.3581309
            ],
            [
              112.701568,
              -7.3580883
            ],
            [
              112.7016109,
              -7.3577319
            ],
            [
              112.7025229,
              -7.3574712
            ],
            [
              112.7026731,
              -7.3577851
            ],
            [
              112.7032041,
              -7.3576946
            ],
            [
              112.7031237,
              -7.3574073
            ],
            [
              112.7035421,
              -7.357019
            ],
            [
              112.7035421,
              -7.3568726
            ],
            [
              112.7037835,
              -7.3568088
            ],
            [
              112.703923,
              -7.3564231
            ],
            [
              112.7049047,
              -7.3564976
            ],
            [
              112.7052131,
              -7.3565268
            ],
            [
              112.7051656,
              -7.3571595
            ],
            [
              112.7057147,
              -7.3572318
            ],
            [
              112.7059078,
              -7.3572371
            ],
            [
              112.7062994,
              -7.3573222
            ],
            [
              112.7070183,
              -7.3574818
            ],
            [
              112.7070558,
              -7.3573541
            ],
            [
              112.7071175,
              -7.3568407
            ],
            [
              112.7074796,
              -7.356854
            ],
            [
              112.7078685,
              -7.3569179
            ],
            [
              112.7080375,
              -7.3561252
            ],
            [
              112.7081743,
              -7.3549361
            ],
            [
              112.7044006,
              -7.3542154
            ],
            [
              112.7040651,
              -7.3541513
            ],
            [
              112.7040571,
              -7.3542551
            ],
            [
              112.7039904,
              -7.3545175
            ],
            [
              112.7039766,
              -7.3545716
            ],
            [
              112.7038559,
              -7.354835
            ],
            [
              112.7035636,
              -7.3551249
            ],
            [
              112.703459,
              -7.3550638
            ],
            [
              112.703003,
              -7.3549786
            ],
            [
              112.702834,
              -7.354968
            ],
            [
              112.7025336,
              -7.3549813
            ],
            [
              112.7024209,
              -7.3550345
            ],
            [
              112.7020937,
              -7.355117
            ],
            [
              112.7012649,
              -7.3553511
            ],
            [
              112.7009001,
              -7.3554814
            ],
            [
              112.7006453,
              -7.3557155
            ],
            [
              112.7005595,
              -7.3558565
            ],
            [
              112.7004951,
              -7.3561996
            ],
            [
              112.7001303,
              -7.3562183
            ],
            [
              112.7000579,
              -7.3565854
            ],
            [
              112.6999882,
              -7.356713
            ],
            [
              112.7000284,
              -7.3568753
            ],
            [
              112.7000847,
              -7.3569205
            ],
            [
              112.7001169,
              -7.356995
            ],
            [
              112.7000016,
              -7.3570668
            ],
            [
              112.6993069,
              -7.3569791
            ],
            [
              112.6991835,
              -7.356987
            ],
            [
              112.6991326,
              -7.356596
            ],
            [
              112.698698,
              -7.3565322
            ],
            [
              112.6984325,
              -7.3571998
            ],
            [
              112.6981831,
              -7.357277
            ]
          ]
        ]
      },
      "properties": {
        "site_id": "ispat-indo-sidoarjo",
        "osm_class": "landuse",
        "osm_type": "industrial",
        "osm_id": 654812621,
        "osm_display_name": "Ispat Indo, Kedungturi, Taman, Sidoarjo, Jawa Timur, Jawa, Indonesia",
        "verified_date": "2026-04-28"
      }
    },
    {
      "type": "Feature",
      "geometry": {
        "type": "Polygon",
        "coordinates": [
          [
            [
              112.6194066,
              -7.079104
            ],
            [
              112.6202676,
              -7.0794713
            ],
            [
              112.6206645,
              -7.0784625
            ],
            [
              112.622652,
              -7.077459
            ],
            [
              112.6235318,
              -7.0787313
            ],
            [
              112.6229498,
              -7.0801714
            ],
            [
              112.6299155,
              -7.0830913
            ],
            [
              112.6317126,
              -7.0842385
            ],
            [
              112.6319164,
              -7.0839031
            ],
            [
              112.6323026,
              -7.0814037
            ],
            [
              112.6301676,
              -7.0805307
            ],
            [
              112.6312244,
              -7.074579
            ],
            [
              112.6227969,
              -7.0710548
            ],
            [
              112.6194066,
              -7.079104
            ]
          ]
        ]
      },
      "properties": {
        "site_id": "freeport-smelter-gresik",
        "osm_class": "landuse",
        "osm_type": "industrial",
        "osm_id": 794591533,
        "osm_display_name": "Freeport-McMoRan Smelter, Gresik, Jawa Timur, Jawa, Indonesia",
        "verified_date": "2026-04-28"
      }
    },
    {
      "type": "Feature",
      "geometry": {
        "type": "Polygon",
        "coordinates": [
          [
            [
              100.4631939,
              -0.9458253
            ],
            [
              100.4632125,
              -0.9481741
            ],
            [
              100.4634164,
              -0.9493535
            ],
            [
              100.4635123,
              -0.9509925
            ],
            [
              100.4635257,
              -0.9513998
            ],
            [
              100.4637041,
              -0.9513993
            ],
            [
              100.4667092,
              -0.9513903
            ],
            [
              100.4673238,
              -0.9513885
            ],
            [
              100.467428,
              -0.953263
            ],
            [
              100.4680164,
              -0.9532304
            ],
            [
              100.4720845,
              -0.9526838
            ],
            [
              100.4740743,
              -0.9521438
            ],
            [
              100.4743715,
              -0.9509043
            ],
            [
              100.4745912,
              -0.9503958
            ],
            [
              100.4754227,
              -0.9497101
            ],
            [
              100.4757156,
              -0.9488571
            ],
            [
              100.4753636,
              -0.9479995
            ],
            [
              100.4748661,
              -0.9483266
            ],
            [
              100.4735917,
              -0.9486332
            ],
            [
              100.4733577,
              -0.9486349
            ],
            [
              100.4728326,
              -0.948652
            ],
            [
              100.4728266,
              -0.9478062
            ],
            [
              100.4731293,
              -0.9478183
            ],
            [
              100.4731491,
              -0.9465896
            ],
            [
              100.4733751,
              -0.9465843
            ],
            [
              100.4733927,
              -0.9458353
            ],
            [
              100.4748446,
              -0.9457745
            ],
            [
              100.4748223,
              -0.9444147
            ],
            [
              100.4760533,
              -0.9442759
            ],
            [
              100.4759485,
              -0.9435557
            ],
            [
              100.4765666,
              -0.94354
            ],
            [
              100.4765509,
              -0.9426287
            ],
            [
              100.4748349,
              -0.9418973
            ],
            [
              100.4738786,
              -0.9421762
            ],
            [
              100.4736167,
              -0.9423449
            ],
            [
              100.4733977,
              -0.9422758
            ],
            [
              100.4732298,
              -0.942418
            ],
            [
              100.4729167,
              -0.9425205
            ],
            [
              100.4722119,
              -0.9424481
            ],
            [
              100.4711688,
              -0.9424722
            ],
            [
              100.4704378,
              -0.941977
            ],
            [
              100.469732,
              -0.9419827
            ],
            [
              100.4694816,
              -0.9421932
            ],
            [
              100.4693535,
              -0.9424465
            ],
            [
              100.4689768,
              -0.9426108
            ],
            [
              100.4688469,
              -0.9427624
            ],
            [
              100.4677584,
              -0.943007
            ],
            [
              100.4668959,
              -0.9434269
            ],
            [
              100.4663309,
              -0.9434941
            ],
            [
              100.4659474,
              -0.943655
            ],
            [
              100.4655368,
              -0.9439513
            ],
            [
              100.4645305,
              -0.9439282
            ],
            [
              100.4640629,
              -0.9436019
            ],
            [
              100.4637455,
              -0.9437232
            ],
            [
              100.463235,
              -0.9446923
            ],
            [
              100.4633342,
              -0.9448793
            ],
            [
              100.4631939,
              -0.9458253
            ]
          ]
        ]
      },
      "properties": {
        "site_id": "semen-padang-indarung",
        "osm_class": "landuse",
        "osm_type": "industrial",
        "osm_id": 197358426,
        "osm_display_name": "PT Semen Padang, Indarung, Padang, Sumatra Barat, Sumatera, 25237, Indonesia",
        "verified_date": "2026-04-28"
      }
    },
    {
      "type": "Feature",
      "geometry": {
        "type": "Polygon",
        "coordinates": [
          [
            [
              104.1579945,
              -4.1179827
            ],
            [
              104.1583782,
              -4.1191739
            ],
            [
              104.1589158,
              -4.119929
            ],
            [
              104.16448,
              -4.1158491
            ],
            [
              104.1633938,
              -4.1144005
            ],
            [
              104.161889,
              -4.1155535
            ],
            [
              104.1614129,
              -4.1153622
            ],
            [
              104.1611193,
              -4.1154238
            ],
            [
              104.1609488,
              -4.1155599
            ],
            [
              104.1579945,
              -4.1179827
            ]
          ]
        ]
      },
      "properties": {
        "site_id": "semen-baturaja",
        "osm_class": "landuse",
        "osm_type": "industrial",
        "osm_id": 306087148,
        "osm_display_name": "PT Semen Baturaja Tbk, PASAR BARU, Baturaja Barat, Ogan Komering Ulu, Sumatera Selatan, Sumatera, Indonesia",
        "verified_date": "2026-04-28"
      }
    },
    {
      "type": "Feature",
      "geometry": {
        "type": "Polygon",
        "coordinates": [
          [
            [
              105.9697501,
              -6.0084749
            ],
            [
              105.9705064,
              -6.0092319
            ],
            [
              105.9707587,
              -6.0092294
            ],
            [
              105.9729548,
              -6.0069714
            ],
            [
              105.9709467,
              -6.004968
            ],
            [
              105.970132,
              -6.0057913
            ],
            [
              105.970737,
              -6.0064251
            ],
            [
              105.970553,
              -6.0066126
            ],
            [
              105.9705211,
              -6.0067695
            ],
            [
              105.9709885,
              -6.0072388
            ],
            [
              105.9697501,
              -6.0084749
            ]
          ]
        ]
      },
      "properties": {
        "site_id": "krakatau-posco-cilegon",
        "osm_class": "landuse",
        "osm_type": "industrial",
        "osm_id": 967994503,
        "osm_display_name": "Cilegon Krakatau Posco Power Plant, Kubangsari, Cilegon, Banten, Jawa, Indonesia",
        "verified_date": "2026-04-28"
      }
    },
    {
      "type": "Feature",
      "geometry": {
        "type": "Polygon",
        "coordinates": [
          [
            [
              107.1045005,
              -6.2810242
            ],
            [
              107.1046507,
              -6.2810668
            ],
            [
              107.104581,
              -6.2812161
            ],
            [
              107.1047366,
              -6.2812535
            ],
            [
              107.1047044,
              -6.2813654
            ],
            [
              107.1047634,
              -6.2813974
            ],
            [
              107.1047097,
              -6.2815307
            ],
            [
              107.1048546,
              -6.2816107
            ],
            [
              107.1049082,
              -6.2814508
            ],
            [
              107.1052355,
              -6.2815094
            ],
            [
              107.1052784,
              -6.2813708
            ],
            [
              107.1053964,
              -6.2813974
            ],
            [
              107.1054876,
              -6.2811735
            ],
            [
              107.1056002,
              -6.2812215
            ],
            [
              107.1056861,
              -6.2810188
            ],
            [
              107.1060187,
              -6.2811095
            ],
            [
              107.1059382,
              -6.2814667
            ],
            [
              107.1063834,
              -6.2815841
            ],
            [
              107.106362,
              -6.2818187
            ],
            [
              107.1068287,
              -6.2819093
            ],
            [
              107.1069735,
              -6.2814881
            ],
            [
              107.1072257,
              -6.2815787
            ],
            [
              107.1074295,
              -6.2807469
            ],
            [
              107.1079552,
              -6.2808482
            ],
            [
              107.1080196,
              -6.2806882
            ],
            [
              107.1081591,
              -6.2807149
            ],
            [
              107.1082073,
              -6.2804856
            ],
            [
              107.108556,
              -6.2805496
            ],
            [
              107.1085828,
              -6.2803843
            ],
            [
              107.1094412,
              -6.2805603
            ],
            [
              107.1094908,
              -6.280575
            ],
            [
              107.1097805,
              -6.2806516
            ],
            [
              107.109761,
              -6.2807696
            ],
            [
              107.1097355,
              -6.2809302
            ],
            [
              107.10994,
              -6.2809922
            ],
            [
              107.110042,
              -6.2805869
            ],
            [
              107.1108842,
              -6.2810028
            ],
            [
              107.1117693,
              -6.2808962
            ],
            [
              107.1125579,
              -6.2790939
            ],
            [
              107.1130729,
              -6.2776969
            ],
            [
              107.1138346,
              -6.2778462
            ],
            [
              107.1143442,
              -6.2763958
            ],
            [
              107.1148163,
              -6.2764438
            ],
            [
              107.1150148,
              -6.2764918
            ],
            [
              107.1150523,
              -6.2762145
            ],
            [
              107.1150679,
              -6.2761235
            ],
            [
              107.1151915,
              -6.2753754
            ],
            [
              107.115047,
              -6.2753613
            ],
            [
              107.1150577,
              -6.275276
            ],
            [
              107.1149719,
              -6.27526
            ],
            [
              107.1150148,
              -6.2748868
            ],
            [
              107.1147412,
              -6.2748334
            ],
            [
              107.1148056,
              -6.2744335
            ],
            [
              107.1148592,
              -6.2743215
            ],
            [
              107.1149987,
              -6.2743215
            ],
            [
              107.1150094,
              -6.2737243
            ],
            [
              107.1148485,
              -6.273559
            ],
            [
              107.1145266,
              -6.2735004
            ],
            [
              107.1138775,
              -6.2734737
            ],
            [
              107.1139741,
              -6.2725939
            ],
            [
              107.113899,
              -6.2725672
            ],
            [
              107.1139902,
              -6.2707649
            ],
            [
              107.11276,
              -6.2710563
            ],
            [
              107.111713,
              -6.2713168
            ],
            [
              107.111445,
              -6.2713992
            ],
            [
              107.1109244,
              -6.2715594
            ],
            [
              107.1106016,
              -6.2716881
            ],
            [
              107.110329,
              -6.2717967
            ],
            [
              107.1091344,
              -6.2722594
            ],
            [
              107.1088886,
              -6.2723752
            ],
            [
              107.1086097,
              -6.273863
            ],
            [
              107.1087974,
              -6.2739323
            ],
            [
              107.1086472,
              -6.2746628
            ],
            [
              107.1085721,
              -6.2746415
            ],
            [
              107.1083415,
              -6.2753987
            ],
            [
              107.108084,
              -6.2757932
            ],
            [
              107.1075904,
              -6.2765984
            ],
            [
              107.1074188,
              -6.276881
            ],
            [
              107.1072793,
              -6.2773663
            ],
            [
              107.1072149,
              -6.2774089
            ],
            [
              107.1070862,
              -6.2779102
            ],
            [
              107.1072847,
              -6.2779741
            ],
            [
              107.1071559,
              -6.2783954
            ],
            [
              107.1065819,
              -6.2781981
            ],
            [
              107.1065068,
              -6.2780968
            ],
            [
              107.1064317,
              -6.2780648
            ],
            [
              107.1061045,
              -6.2785713
            ],
            [
              107.1061689,
              -6.2786087
            ],
            [
              107.106142,
              -6.278662
            ],
            [
              107.1063995,
              -6.2787686
            ],
            [
              107.106185,
              -6.2792272
            ],
            [
              107.1058416,
              -6.2790619
            ],
            [
              107.1056539,
              -6.2795525
            ],
            [
              107.1055305,
              -6.2795152
            ],
            [
              107.1052408,
              -6.2799577
            ],
            [
              107.1052053,
              -6.2800031
            ],
            [
              107.1052361,
              -6.2802657
            ],
            [
              107.1052207,
              -6.2804557
            ],
            [
              107.1051295,
              -6.280497
            ],
            [
              107.1051047,
              -6.2806096
            ],
            [
              107.1050611,
              -6.2807589
            ],
            [
              107.1049786,
              -6.2809469
            ],
            [
              107.104768,
              -6.2808989
            ],
            [
              107.1046025,
              -6.2808269
            ],
            [
              107.1045005,
              -6.2810242
            ]
          ]
        ]
      },
      "properties": {
        "site_id": "gunung-raja-paksi-bekasi",
        "osm_class": "man_made",
        "osm_type": "works",
        "osm_id": 694792619,
        "osm_display_name": "Gunung Raja Paksi, Jalan Raya Imam Bonjol, Cibitung, Sukadanau, Kab Bekasi, Jawa Barat, Jawa, 17520, Indonesia",
        "verified_date": "2026-04-28"
      }
    },
    {
      "type": "Feature",
      "geometry": {
        "type": "Polygon",
        "coordinates": [
          [
            [
              112.6384297,
              -7.1694819
            ],
            [
              112.6387428,
              -7.1696392
            ],
            [
              112.6388647,
              -7.1698973
            ],
            [
              112.6385639,
              -7.1708654
            ],
            [
              112.6405759,
              -7.1712768
            ],
            [
              112.6402863,
              -7.171876
            ],
            [
              112.640884,
              -7.1727136
            ],
            [
              112.6410997,
              -7.173221
            ],
            [
              112.6428682,
              -7.173007
            ],
            [
              112.6434905,
              -7.1725118
            ],
            [
              112.6464853,
              -7.1726402
            ],
            [
              112.6475514,
              -7.1730437
            ],
            [
              112.6472186,
              -7.1737468
            ],
            [
              112.6490153,
              -7.1744216
            ],
            [
              112.6488933,
              -7.1747907
            ],
            [
              112.6491535,
              -7.1748653
            ],
            [
              112.6486778,
              -7.1750912
            ],
            [
              112.6491233,
              -7.1758287
            ],
            [
              112.6492945,
              -7.1757498
            ],
            [
              112.6494765,
              -7.1756921
            ],
            [
              112.6495994,
              -7.1756797
            ],
            [
              112.6499601,
              -7.1756654
            ],
            [
              112.6503105,
              -7.1757356
            ],
            [
              112.6502315,
              -7.1760119
            ],
            [
              112.6505425,
              -7.1761389
            ],
            [
              112.6504043,
              -7.1764858
            ],
            [
              112.6504043,
              -7.1767319
            ],
            [
              112.6510812,
              -7.1770001
            ],
            [
              112.6520537,
              -7.1746858
            ],
            [
              112.6518226,
              -7.174588
            ],
            [
              112.6516624,
              -7.1744596
            ],
            [
              112.651191,
              -7.1743281
            ],
            [
              112.6522108,
              -7.1722189
            ],
            [
              112.6518657,
              -7.1720293
            ],
            [
              112.6521184,
              -7.1715433
            ],
            [
              112.6522293,
              -7.1716044
            ],
            [
              112.6525312,
              -7.1707913
            ],
            [
              112.6510889,
              -7.1702085
            ],
            [
              112.6498189,
              -7.1697255
            ],
            [
              112.6495707,
              -7.1704978
            ],
            [
              112.6487998,
              -7.1702134
            ],
            [
              112.6484216,
              -7.1713023
            ],
            [
              112.6465489,
              -7.1706444
            ],
            [
              112.6467206,
              -7.170187
            ],
            [
              112.6448028,
              -7.1695323
            ],
            [
              112.6448377,
              -7.1694019
            ],
            [
              112.6442261,
              -7.1692103
            ],
            [
              112.6440464,
              -7.1697558
            ],
            [
              112.6423781,
              -7.169181
            ],
            [
              112.6422923,
              -7.1690905
            ],
            [
              112.6422467,
              -7.169
            ],
            [
              112.6423137,
              -7.1687525
            ],
            [
              112.6428072,
              -7.1672968
            ],
            [
              112.6418819,
              -7.1669642
            ],
            [
              112.6415707,
              -7.1682203
            ],
            [
              112.641383,
              -7.1689016
            ],
            [
              112.6418309,
              -7.1690267
            ],
            [
              112.6415868,
              -7.1699315
            ],
            [
              112.6412677,
              -7.1698463
            ],
            [
              112.6405783,
              -7.1694525
            ],
            [
              112.6393365,
              -7.1689947
            ],
            [
              112.6389958,
              -7.1688856
            ],
            [
              112.6388537,
              -7.1692635
            ],
            [
              112.6384916,
              -7.169181
            ],
            [
              112.6384297,
              -7.1694819
            ]
          ]
        ]
      },
      "properties": {
        "site_id": "semen-gresik-city",
        "osm_class": "landuse",
        "osm_type": "industrial",
        "osm_id": 1381564788,
        "osm_display_name": "Semen Gresik, Sidokumpul, Gresik, Jawa Timur, Jawa, Indonesia",
        "verified_date": "2026-04-30"
      }
    },
    {
      "type": "Feature",
      "geometry": {
        "type": "Polygon",
        "coordinates": [
          [
            [
              123.5367072,
              -10.1984862
            ],
            [
              123.5375434,
              -10.1985842
            ],
            [
              123.540125,
              -10.1981661
            ],
            [
              123.5426934,
              -10.1977089
            ],
            [
              123.5431181,
              -10.1970231
            ],
            [
              123.5422487,
              -10.1956579
            ],
            [
              123.5423218,
              -10.1954293
            ],
            [
              123.5424213,
              -10.1949721
            ],
            [
              123.5423284,
              -10.1944626
            ],
            [
              123.5414109,
              -10.1913632
            ],
            [
              123.5410492,
              -10.1914301
            ],
            [
              123.5406443,
              -10.1915428
            ],
            [
              123.5401831,
              -10.1917192
            ],
            [
              123.5396057,
              -10.1919707
            ],
            [
              123.5389702,
              -10.1922156
            ],
            [
              123.5384012,
              -10.1923854
            ],
            [
              123.5379648,
              -10.192454
            ],
            [
              123.537709,
              -10.1923691
            ],
            [
              123.5370805,
              -10.1923432
            ],
            [
              123.5372314,
              -10.1937506
            ],
            [
              123.5373841,
              -10.1954228
            ],
            [
              123.5374933,
              -10.1960561
            ],
            [
              123.5373557,
              -10.1964852
            ],
            [
              123.5371895,
              -10.1968135
            ],
            [
              123.5367072,
              -10.1984862
            ]
          ]
        ]
      },
      "properties": {
        "site_id": "semen-kupang",
        "osm_class": "landuse",
        "osm_type": "industrial",
        "osm_id": 141462830,
        "osm_display_name": "Kupang Sement, Alak, Kupang, Nusa Tenggara Timur, Nusa Tenggara, Indonesia",
        "verified_date": "2026-04-30"
      }
    },
    {
      "type": "Feature",
      "geometry": {
        "type": "Polygon",
        "coordinates": [
          [
            [
              122.1460512,
              -2.8166242
            ],
            [
              122.1467206,
              -2.822168
            ],
            [
              122.1483763,
              -2.8284534
            ],
            [
              122.1486617,
              -2.8389856
            ],
            [
              122.1542635,
              -2.8386361
            ],
            [
              122.1545611,
              -2.841276
            ],
            [
              122.1563207,
              -2.8417407
            ],
            [
              122.1546562,
              -2.8511254
            ],
            [
              122.1529245,
              -2.8545367
            ],
            [
              122.15308,
              -2.8565234
            ],
            [
              122.1514369,
              -2.8627869
            ],
            [
              122.149719,
              -2.8640142
            ],
            [
              122.1511562,
              -2.8663379
            ],
            [
              122.1530522,
              -2.8666108
            ],
            [
              122.1554407,
              -2.8654322
            ],
            [
              122.1557011,
              -2.8642262
            ],
            [
              122.156192,
              -2.8628061
            ],
            [
              122.1576887,
              -2.8622556
            ],
            [
              122.1606056,
              -2.862
            ],
            [
              122.1612922,
              -2.8635664
            ],
            [
              122.1616484,
              -2.8643659
            ],
            [
              122.1624795,
              -2.8651653
            ],
            [
              122.1645429,
              -2.8644116
            ],
            [
              122.1711524,
              -2.8654958
            ],
            [
              122.1762263,
              -2.8654625
            ],
            [
              122.1766135,
              -2.8649016
            ],
            [
              122.1768777,
              -2.8633477
            ],
            [
              122.1786198,
              -2.8619713
            ],
            [
              122.178565,
              -2.8611969
            ],
            [
              122.1791581,
              -2.8603545
            ],
            [
              122.1807454,
              -2.860766
            ],
            [
              122.1819697,
              -2.8578973
            ],
            [
              122.1801077,
              -2.8573176
            ],
            [
              122.1797718,
              -2.856655
            ],
            [
              122.1805686,
              -2.8521886
            ],
            [
              122.1807004,
              -2.8520724
            ],
            [
              122.1815584,
              -2.8498824
            ],
            [
              122.1843717,
              -2.8483488
            ],
            [
              122.1854632,
              -2.8470961
            ],
            [
              122.1844698,
              -2.8456695
            ],
            [
              122.1823258,
              -2.844235
            ],
            [
              122.180999,
              -2.8443674
            ],
            [
              122.1788289,
              -2.8449232
            ],
            [
              122.17782,
              -2.8440378
            ],
            [
              122.178045,
              -2.8426656
            ],
            [
              122.1790504,
              -2.842113
            ],
            [
              122.1800541,
              -2.8419417
            ],
            [
              122.1805528,
              -2.8413253
            ],
            [
              122.1807376,
              -2.8397362
            ],
            [
              122.1791313,
              -2.8385982
            ],
            [
              122.1789393,
              -2.8380915
            ],
            [
              122.1799554,
              -2.835608
            ],
            [
              122.1803644,
              -2.8350886
            ],
            [
              122.1812642,
              -2.8351156
            ],
            [
              122.1818064,
              -2.8342244
            ],
            [
              122.1823724,
              -2.8338923
            ],
            [
              122.1827013,
              -2.8333327
            ],
            [
              122.1825878,
              -2.8322151
            ],
            [
              122.1822523,
              -2.8316616
            ],
            [
              122.182033,
              -2.8309402
            ],
            [
              122.1818791,
              -2.8299914
            ],
            [
              122.1823725,
              -2.8299965
            ],
            [
              122.1824252,
              -2.8291076
            ],
            [
              122.182268,
              -2.8283322
            ],
            [
              122.1812007,
              -2.8275475
            ],
            [
              122.1793151,
              -2.826433
            ],
            [
              122.1784991,
              -2.8261973
            ],
            [
              122.177545,
              -2.8262964
            ],
            [
              122.1769179,
              -2.8268834
            ],
            [
              122.1764088,
              -2.8275095
            ],
            [
              122.1756518,
              -2.8273055
            ],
            [
              122.1746303,
              -2.8274464
            ],
            [
              122.1741021,
              -2.8273523
            ],
            [
              122.1739075,
              -2.8268723
            ],
            [
              122.1732602,
              -2.8269391
            ],
            [
              122.1727039,
              -2.8269477
            ],
            [
              122.1720743,
              -2.8265642
            ],
            [
              122.170631,
              -2.8259122
            ],
            [
              122.1705591,
              -2.824932
            ],
            [
              122.1699943,
              -2.824174
            ],
            [
              122.1692636,
              -2.8239875
            ],
            [
              122.1683988,
              -2.8241626
            ],
            [
              122.1675195,
              -2.8254805
            ],
            [
              122.1659554,
              -2.8254398
            ],
            [
              122.1658719,
              -2.8241998
            ],
            [
              122.1665617,
              -2.8232904
            ],
            [
              122.1668215,
              -2.8232852
            ],
            [
              122.1680121,
              -2.8215628
            ],
            [
              122.1680636,
              -2.8215138
            ],
            [
              122.1680808,
              -2.8214574
            ],
            [
              122.1680083,
              -2.821349
            ],
            [
              122.1679672,
              -2.8212606
            ],
            [
              122.1679232,
              -2.821195
            ],
            [
              122.1678624,
              -2.8211173
            ],
            [
              122.1678447,
              -2.8210992
            ],
            [
              122.1678159,
              -2.8210892
            ],
            [
              122.1677779,
              -2.8210908
            ],
            [
              122.167726,
              -2.8211066
            ],
            [
              122.167672,
              -2.8211055
            ],
            [
              122.1676174,
              -2.8211039
            ],
            [
              122.1675573,
              -2.821125
            ],
            [
              122.1671896,
              -2.8203283
            ],
            [
              122.1671152,
              -2.8201846
            ],
            [
              122.1670273,
              -2.8200149
            ],
            [
              122.1670313,
              -2.8199734
            ],
            [
              122.1670055,
              -2.8199132
            ],
            [
              122.1666702,
              -2.8194674
            ],
            [
              122.1666408,
              -2.8193963
            ],
            [
              122.1664394,
              -2.8192172
            ],
            [
              122.1663043,
              -2.8191485
            ],
            [
              122.1658698,
              -2.8189803
            ],
            [
              122.1652466,
              -2.8185197
            ],
            [
              122.1648649,
              -2.8182693
            ],
            [
              122.1646226,
              -2.8182713
            ],
            [
              122.1642525,
              -2.8179201
            ],
            [
              122.1642771,
              -2.8176598
            ],
            [
              122.1638844,
              -2.8171278
            ],
            [
              122.1635863,
              -2.8160203
            ],
            [
              122.1633457,
              -2.8156415
            ],
            [
              122.1630276,
              -2.8155103
            ],
            [
              122.1626941,
              -2.8153581
            ],
            [
              122.1617567,
              -2.8139386
            ],
            [
              122.1617302,
              -2.8137513
            ],
            [
              122.1619601,
              -2.8137
            ],
            [
              122.1619114,
              -2.8134588
            ],
            [
              122.1607052,
              -2.8074909
            ],
            [
              122.1603757,
              -2.8075591
            ],
            [
              122.1613249,
              -2.8119985
            ],
            [
              122.1609959,
              -2.812076
            ],
            [
              122.1604572,
              -2.8097991
            ],
            [
              122.1603692,
              -2.8097792
            ],
            [
              122.1602566,
              -2.8096662
            ],
            [
              122.1601258,
              -2.8092191
            ],
            [
              122.160175,
              -2.8087509
            ],
            [
              122.1596777,
              -2.8076236
            ],
            [
              122.1590446,
              -2.8076074
            ],
            [
              122.158914,
              -2.8077152
            ],
            [
              122.1588616,
              -2.8079787
            ],
            [
              122.1593201,
              -2.8101159
            ],
            [
              122.1595572,
              -2.8127441
            ],
            [
              122.1594593,
              -2.8131627
            ],
            [
              122.1590406,
              -2.8135177
            ],
            [
              122.1581954,
              -2.8142343
            ],
            [
              122.1582755,
              -2.8153295
            ],
            [
              122.1580425,
              -2.8156994
            ],
            [
              122.1587937,
              -2.8164973
            ],
            [
              122.1597594,
              -2.8182284
            ],
            [
              122.1594582,
              -2.8182156
            ],
            [
              122.1594423,
              -2.818523
            ],
            [
              122.1602718,
              -2.8195406
            ],
            [
              122.1599512,
              -2.81987
            ],
            [
              122.1592004,
              -2.8203135
            ],
            [
              122.1577432,
              -2.8214821
            ],
            [
              122.157292,
              -2.8211596
            ],
            [
              122.1565651,
              -2.8221134
            ],
            [
              122.1561775,
              -2.8215414
            ],
            [
              122.1566287,
              -2.8208402
            ],
            [
              122.155222,
              -2.8207136
            ],
            [
              122.1541177,
              -2.8213917
            ],
            [
              122.1535703,
              -2.8210535
            ],
            [
              122.1536219,
              -2.8203438
            ],
            [
              122.1544191,
              -2.818328
            ],
            [
              122.1544297,
              -2.8158593
            ],
            [
              122.1541816,
              -2.8129574
            ],
            [
              122.1533725,
              -2.8127239
            ],
            [
              122.1531745,
              -2.8119669
            ],
            [
              122.1506924,
              -2.8130301
            ],
            [
              122.1485846,
              -2.8127514
            ],
            [
              122.1474677,
              -2.8137862
            ],
            [
              122.1460512,
              -2.8166242
            ]
          ]
        ]
      },
      "properties": {
        "site_id": "indonesia-morowali-industrial-park-imip",
        "osm_class": "landuse",
        "osm_type": "industrial",
        "osm_id": 299975400,
        "osm_display_name": "Indonesia Morowali Industrial Park, Bahodopi, Morowali, Sulawesi Tengah, Sulawesi, 94974, Indonesia",
        "verified_date": "2026-05-02"
      }
    },
    {
      "type": "Feature",
      "geometry": {
        "type": "Polygon",
        "coordinates": [
          [
            [
              121.6064872,
              -4.1869243
            ],
            [
              121.607253,
              -4.1877437
            ],
            [
              121.6080885,
              -4.1884245
            ],
            [
              121.6096971,
              -4.1899092
            ],
            [
              121.6101041,
              -4.190285
            ],
            [
              121.611027,
              -4.1909639
            ],
            [
              121.6122564,
              -4.1895254
            ],
            [
              121.6167353,
              -4.1840853
            ],
            [
              121.6164985,
              -4.1838542
            ],
            [
              121.6158193,
              -4.1833997
            ],
            [
              121.6153785,
              -4.183022
            ],
            [
              121.6145432,
              -4.1826397
            ],
            [
              121.6136923,
              -4.1823251
            ],
            [
              121.6131431,
              -4.182419
            ],
            [
              121.6112655,
              -4.1826451
            ],
            [
              121.6099153,
              -4.1829164
            ],
            [
              121.6094309,
              -4.1831373
            ],
            [
              121.6089472,
              -4.183425
            ],
            [
              121.6084814,
              -4.1837525
            ],
            [
              121.6081005,
              -4.1841591
            ],
            [
              121.6078216,
              -4.1846835
            ],
            [
              121.6074732,
              -4.185102
            ],
            [
              121.6064872,
              -4.1869243
            ]
          ]
        ]
      },
      "properties": {
        "site_id": "indonesia-pomalaa-industry-park-ipip",
        "osm_class": "landuse",
        "osm_type": "industrial",
        "osm_id": 299975398,
        "osm_display_name": "Pabrik Feronikel Unit Bisnis ANTAM, Blading, Kolaka, Sulawesi Tenggara, Sulawesi, Indonesia",
        "verified_date": "2026-05-02"
      }
    },
    {
      "type": "Feature",
      "geometry": {
        "type": "Polygon",
        "coordinates": [
          [
            [
              127.456717,
              -1.512146
            ],
            [
              127.4560066,
              -1.5133927
            ],
            [
              127.454871,
              -1.5140986
            ],
            [
              127.4551859,
              -1.5149191
            ],
            [
              127.4579153,
              -1.5140128
            ],
            [
              127.4580967,
              -1.5142513
            ],
            [
              127.4593608,
              -1.5136218
            ],
            [
              127.4579788,
              -1.5129674
            ],
            [
              127.4576786,
              -1.5122291
            ],
            [
              127.4573194,
              -1.5119681
            ],
            [
              127.4569929,
              -1.5119509
            ],
            [
              127.456717,
              -1.512146
            ]
          ]
        ]
      },
      "properties": {
        "site_id": "obi-island-industrial-park",
        "osm_class": "landuse",
        "osm_type": "industrial",
        "osm_id": 1282881067,
        "osm_display_name": "Harita Group / Halmahera Persada Lygend HPAL complex (untagged in OSM Nominatim; identified via Overpass + visual sanity check)",
        "verified_date": "2026-05-02"
      }
    },
    {
      "type": "Feature",
      "geometry": {
        "type": "Polygon",
        "coordinates": [
          [
            [
              122.4815522,
              -3.8304155
            ],
            [
              122.4815123,
              -3.8303958
            ],
            [
              122.4814707,
              -3.8303864
            ],
            [
              122.4814197,
              -3.8304145
            ],
            [
              122.481358,
              -3.8305015
            ],
            [
              122.4812494,
              -3.8305925
            ],
            [
              122.4811757,
              -3.8306862
            ],
            [
              122.4811341,
              -3.8307731
            ],
            [
              122.4810241,
              -3.8309217
            ],
            [
              122.4809436,
              -3.8310488
            ],
            [
              122.480894,
              -3.8311545
            ],
            [
              122.4808444,
              -3.8312294
            ],
            [
              122.4807841,
              -3.8312642
            ],
            [
              122.4807358,
              -3.8312575
            ],
            [
              122.4807009,
              -3.8311986
            ],
            [
              122.480662,
              -3.8311545
            ],
            [
              122.4805802,
              -3.8311424
            ],
            [
              122.4804246,
              -3.8311424
            ],
            [
              122.480265,
              -3.831192
            ],
            [
              122.4801725,
              -3.8312455
            ],
            [
              122.4800129,
              -3.8313231
            ],
            [
              122.4799003,
              -3.8314034
            ],
            [
              122.4797782,
              -3.8315064
            ],
            [
              122.4796937,
              -3.8316041
            ],
            [
              122.4796548,
              -3.8317285
            ],
            [
              122.4796817,
              -3.8318316
            ],
            [
              122.4797018,
              -3.8319574
            ],
            [
              122.4797018,
              -3.8320443
            ],
            [
              122.4796602,
              -3.8321072
            ],
            [
              122.4795409,
              -3.8321661
            ],
            [
              122.4794081,
              -3.8322263
            ],
            [
              122.4793155,
              -3.8322397
            ],
            [
              122.4792002,
              -3.8322839
            ],
            [
              122.4790862,
              -3.8323334
            ],
            [
              122.4790299,
              -3.8323574
            ],
            [
              122.4789816,
              -3.8324123
            ],
            [
              122.4789132,
              -3.8323829
            ],
            [
              122.4788395,
              -3.8323267
            ],
            [
              122.4787939,
              -3.8322464
            ],
            [
              122.4787536,
              -3.8321835
            ],
            [
              122.478708,
              -3.8321434
            ],
            [
              122.4786745,
              -3.8320925
            ],
            [
              122.4786866,
              -3.8320537
            ],
            [
              122.4787067,
              -3.8320002
            ],
            [
              122.478704,
              -3.831956
            ],
            [
              122.4786812,
              -3.8318771
            ],
            [
              122.4786343,
              -3.8317995
            ],
            [
              122.4785753,
              -3.8317111
            ],
            [
              122.4785377,
              -3.8316416
            ],
            [
              122.4785203,
              -3.831576
            ],
            [
              122.4785484,
              -3.8315078
            ],
            [
              122.4785739,
              -3.8314636
            ],
            [
              122.4786249,
              -3.8313954
            ],
            [
              122.4786893,
              -3.8313472
            ],
            [
              122.478759,
              -3.8313244
            ],
            [
              122.4787925,
              -3.8312923
            ],
            [
              122.4789494,
              -3.8312736
            ],
            [
              122.4790648,
              -3.8312896
            ],
            [
              122.4792391,
              -3.8312977
            ],
            [
              122.479392,
              -3.8312682
            ],
            [
              122.4795422,
              -3.8312201
            ],
            [
              122.4796441,
              -3.8311719
            ],
            [
              122.4797621,
              -3.8310943
            ],
            [
              122.4798641,
              -3.8310247
            ],
            [
              122.4799794,
              -3.8309631
            ],
            [
              122.4800786,
              -3.8309069
            ],
            [
              122.4801886,
              -3.8308481
            ],
            [
              122.4802932,
              -3.8307838
            ],
            [
              122.4804059,
              -3.830725
            ],
            [
              122.4805346,
              -3.8306634
            ],
            [
              122.4806339,
              -3.8306045
            ],
            [
              122.4806339,
              -3.8305055
            ],
            [
              122.4805829,
              -3.8304092
            ],
            [
              122.4805105,
              -3.8303396
            ],
            [
              122.4804327,
              -3.8302673
            ],
            [
              122.480371,
              -3.8302138
            ],
            [
              122.4803415,
              -3.8301308
            ],
            [
              122.4803361,
              -3.8300506
            ],
            [
              122.4802744,
              -3.8300184
            ],
            [
              122.4801564,
              -3.8300559
            ],
            [
              122.4800652,
              -3.830088
            ],
            [
              122.4799553,
              -3.8301415
            ],
            [
              122.4798426,
              -3.8301656
            ],
            [
              122.4797165,
              -3.8301924
            ],
            [
              122.4795637,
              -3.8302299
            ],
            [
              122.4794188,
              -3.8302406
            ],
            [
              122.4793223,
              -3.8302352
            ],
            [
              122.479215,
              -3.8302272
            ],
            [
              122.4791184,
              -3.8302379
            ],
            [
              122.4790058,
              -3.8302325
            ],
            [
              122.4789387,
              -3.8301603
            ],
            [
              122.4788824,
              -3.8300479
            ],
            [
              122.4788877,
              -3.8299515
            ],
            [
              122.4789172,
              -3.8298472
            ],
            [
              122.4788743,
              -3.8297241
            ],
            [
              122.4788126,
              -3.8296063
            ],
            [
              122.4787536,
              -3.829518
            ],
            [
              122.4787214,
              -3.8294029
            ],
            [
              122.4787241,
              -3.8292584
            ],
            [
              122.478708,
              -3.8291353
            ],
            [
              122.478649,
              -3.8290336
            ],
            [
              122.4786115,
              -3.8288998
            ],
            [
              122.4786437,
              -3.8287338
            ],
            [
              122.4786973,
              -3.8285947
            ],
            [
              122.4787255,
              -3.8284515
            ],
            [
              122.4787013,
              -3.8283458
            ],
            [
              122.4786584,
              -3.8282682
            ],
            [
              122.4786142,
              -3.828224
            ],
            [
              122.4785927,
              -3.8281504
            ],
            [
              122.4785793,
              -3.8280782
            ],
            [
              122.4785203,
              -3.8280126
            ],
            [
              122.478417,
              -3.827931
            ],
            [
              122.4783298,
              -3.8278427
            ],
            [
              122.4782346,
              -3.8277771
            ],
            [
              122.4781193,
              -3.827745
            ],
            [
              122.4779879,
              -3.8277289
            ],
            [
              122.4778926,
              -3.8277222
            ],
            [
              122.4778108,
              -3.8277329
            ],
            [
              122.4777786,
              -3.8277503
            ],
            [
              122.4777572,
              -3.8277918
            ],
            [
              122.4777424,
              -3.8278346
            ],
            [
              122.4776982,
              -3.827848
            ],
            [
              122.4776593,
              -3.8278293
            ],
            [
              122.4776365,
              -3.8277624
            ],
            [
              122.4776217,
              -3.8277035
            ],
            [
              122.4776083,
              -3.8276299
            ],
            [
              122.4775694,
              -3.827571
            ],
            [
              122.4775225,
              -3.8275162
            ],
            [
              122.4774715,
              -3.8274841
            ],
            [
              122.4774206,
              -3.8274774
            ],
            [
              122.4773844,
              -3.8274867
            ],
            [
              122.4773495,
              -3.8275295
            ],
            [
              122.4773267,
              -3.8275831
            ],
            [
              122.4773213,
              -3.8276286
            ],
            [
              122.4773347,
              -3.8276767
            ],
            [
              122.4773589,
              -3.8277209
            ],
            [
              122.4773522,
              -3.8277544
            ],
            [
              122.47732,
              -3.827761
            ],
            [
              122.4772824,
              -3.8277356
            ],
            [
              122.4772529,
              -3.8276968
            ],
            [
              122.4772449,
              -3.827654
            ],
            [
              122.4772221,
              -3.8276139
            ],
            [
              122.4771872,
              -3.8276232
            ],
            [
              122.4771389,
              -3.8276433
            ],
            [
              122.4770947,
              -3.8276553
            ],
            [
              122.4770732,
              -3.8276286
            ],
            [
              122.4770907,
              -3.8275978
            ],
            [
              122.4771322,
              -3.8275884
            ],
            [
              122.4771778,
              -3.8275804
            ],
            [
              122.4772046,
              -3.8275496
            ],
            [
              122.4772355,
              -3.8275135
            ],
            [
              122.4772784,
              -3.8274747
            ],
            [
              122.4773052,
              -3.8274279
            ],
            [
              122.4772918,
              -3.8273757
            ],
            [
              122.4772596,
              -3.8273315
            ],
            [
              122.4771926,
              -3.8272847
            ],
            [
              122.4771403,
              -3.8272472
            ],
            [
              122.4770772,
              -3.8271883
            ],
            [
              122.4770115,
              -3.8271388
            ],
            [
              122.4769324,
              -3.8271174
            ],
            [
              122.4768653,
              -3.8271
            ],
            [
              122.4768104,
              -3.8270465
            ],
            [
              122.4767715,
              -3.8270117
            ],
            [
              122.4766843,
              -3.8269836
            ],
            [
              122.4766253,
              -3.8269528
            ],
            [
              122.4765609,
              -3.8269047
            ],
            [
              122.476463,
              -3.8268739
            ],
            [
              122.4763866,
              -3.8268806
            ],
            [
              122.4763262,
              -3.8269261
            ],
            [
              122.4762377,
              -3.8269689
            ],
            [
              122.4761787,
              -3.8269595
            ],
            [
              122.4761465,
              -3.8269194
            ],
            [
              122.4760808,
              -3.8268685
            ],
            [
              122.475995,
              -3.8267963
            ],
            [
              122.4759346,
              -3.8267347
            ],
            [
              122.4759051,
              -3.8267106
            ],
            [
              122.4758555,
              -3.826637
            ],
            [
              122.4757938,
              -3.8266036
            ],
            [
              122.4756986,
              -3.8265808
            ],
            [
              122.4755913,
              -3.8265541
            ],
            [
              122.4754679,
              -3.8265005
            ],
            [
              122.4753834,
              -3.8264577
            ],
            [
              122.4753164,
              -3.8263922
            ],
            [
              122.4751876,
              -3.8263159
            ],
            [
              122.4750897,
              -3.826265
            ],
            [
              122.4750267,
              -3.8262195
            ],
            [
              122.4749368,
              -3.8261968
            ],
            [
              122.4748953,
              -3.8261647
            ],
            [
              122.4748376,
              -3.8261205
            ],
            [
              122.4747705,
              -3.8261031
            ],
            [
              122.4747249,
              -3.8261459
            ],
            [
              122.4747156,
              -3.8262128
            ],
            [
              122.4747491,
              -3.8263212
            ],
            [
              122.4747866,
              -3.8264042
            ],
            [
              122.4748296,
              -3.8265019
            ],
            [
              122.4748497,
              -3.8265715
            ],
            [
              122.4748564,
              -3.8266625
            ],
            [
              122.4748912,
              -3.8267735
            ],
            [
              122.4749207,
              -3.8268685
            ],
            [
              122.4749663,
              -3.8269649
            ],
            [
              122.4750267,
              -3.8270505
            ],
            [
              122.4750642,
              -3.8271241
            ],
            [
              122.4751139,
              -3.8272405
            ],
            [
              122.475142,
              -3.8273369
            ],
            [
              122.4751769,
              -3.8274158
            ],
            [
              122.4752158,
              -3.827468
            ],
            [
              122.4751058,
              -3.8275456
            ],
            [
              122.4745908,
              -3.8275884
            ],
            [
              122.4746042,
              -3.8279604
            ],
            [
              122.4754304,
              -3.8280487
            ],
            [
              122.4761599,
              -3.8301148
            ],
            [
              122.4750146,
              -3.8306206
            ],
            [
              122.4752212,
              -3.8309605
            ],
            [
              122.4751058,
              -3.8313298
            ],
            [
              122.4744111,
              -3.8318436
            ],
            [
              122.4742985,
              -3.8321942
            ],
            [
              122.4750656,
              -3.8327509
            ],
            [
              122.474969,
              -3.83327
            ],
            [
              122.4746659,
              -3.8332433
            ],
            [
              122.474556,
              -3.833444
            ],
            [
              122.474277,
              -3.8334038
            ],
            [
              122.4740276,
              -3.8333878
            ],
            [
              122.4737701,
              -3.8334654
            ],
            [
              122.473636,
              -3.8336741
            ],
            [
              122.4733758,
              -3.8336447
            ],
            [
              122.4731907,
              -3.8338213
            ],
            [
              122.4730834,
              -3.8343271
            ],
            [
              122.4726999,
              -3.8346081
            ],
            [
              122.4711764,
              -3.8337999
            ],
            [
              122.4704254,
              -3.8335724
            ],
            [
              122.4703959,
              -3.8329087
            ],
            [
              122.4697226,
              -3.8327642
            ],
            [
              122.46961,
              -3.8322946
            ],
            [
              122.4697199,
              -3.8321126
            ],
            [
              122.469724,
              -3.8319105
            ],
            [
              122.470412,
              -3.8315238
            ],
            [
              122.4704696,
              -3.8314422
            ],
            [
              122.4703073,
              -3.8310956
            ],
            [
              122.4708317,
              -3.8308748
            ],
            [
              122.4710047,
              -3.8308374
            ],
            [
              122.4713749,
              -3.8307357
            ],
            [
              122.4720937,
              -3.8315653
            ],
            [
              122.472665,
              -3.8310595
            ],
            [
              122.4723002,
              -3.8303342
            ],
            [
              122.4718845,
              -3.8289774
            ],
            [
              122.4719328,
              -3.8289185
            ],
            [
              122.4728474,
              -3.828774
            ],
            [
              122.4727213,
              -3.8282655
            ],
            [
              122.4717289,
              -3.8283859
            ],
            [
              122.4714258,
              -3.8273797
            ],
            [
              122.4716645,
              -3.8269515
            ],
            [
              122.471804,
              -3.8268337
            ],
            [
              122.4723378,
              -3.8267588
            ],
            [
              122.4724156,
              -3.8268926
            ],
            [
              122.472488,
              -3.8270746
            ],
            [
              122.4725068,
              -3.8272138
            ],
            [
              122.4725524,
              -3.8273583
            ],
            [
              122.4725792,
              -3.8275081
            ],
            [
              122.4725819,
              -3.8276339
            ],
            [
              122.472598,
              -3.8277651
            ],
            [
              122.4726221,
              -3.8279149
            ],
            [
              122.4726865,
              -3.8280487
            ],
            [
              122.472783,
              -3.8281156
            ],
            [
              122.4728823,
              -3.8281156
            ],
            [
              122.4729225,
              -3.8280755
            ],
            [
              122.4728903,
              -3.8279925
            ],
            [
              122.4728098,
              -3.8279069
            ],
            [
              122.4727723,
              -3.8278186
            ],
            [
              122.4727669,
              -3.8276901
            ],
            [
              122.4727777,
              -3.8275617
            ],
            [
              122.472842,
              -3.8273717
            ],
            [
              122.4729252,
              -3.8272967
            ],
            [
              122.473011,
              -3.8272298
            ],
            [
              122.4730486,
              -3.8271495
            ],
            [
              122.4732444,
              -3.8271254
            ],
            [
              122.4738613,
              -3.8261807
            ],
            [
              122.4736789,
              -3.8256508
            ],
            [
              122.4732175,
              -3.825129
            ],
            [
              122.4727187,
              -3.8249068
            ],
            [
              122.4724343,
              -3.8247382
            ],
            [
              122.471973,
              -3.8244974
            ],
            [
              122.4717262,
              -3.8243261
            ],
            [
              122.470711,
              -3.8238859
            ],
            [
              122.4701518,
              -3.8236704
            ],
            [
              122.4695858,
              -3.8234483
            ],
            [
              122.4692506,
              -3.8232957
            ],
            [
              122.4685921,
              -3.8229385
            ],
            [
              122.4684861,
              -3.8228742
            ],
            [
              122.4683346,
              -3.8228716
            ],
            [
              122.4682407,
              -3.822889
            ],
            [
              122.4680476,
              -3.8233627
            ],
            [
              122.4677405,
              -3.8239434
            ],
            [
              122.4677271,
              -3.8240331
            ],
            [
              122.4676962,
              -3.8240946
            ],
            [
              122.4674776,
              -3.8243903
            ],
            [
              122.4674192,
              -3.8244815
            ],
            [
              122.4674032,
              -3.8245354
            ],
            [
              122.4673958,
              -3.824591
            ],
            [
              122.4679698,
              -3.8245643
            ],
            [
              122.468584,
              -3.8249068
            ],
            [
              122.4687557,
              -3.8248707
            ],
            [
              122.4693713,
              -3.8251905
            ],
            [
              122.469382,
              -3.8253899
            ],
            [
              122.4702215,
              -3.825707
            ],
            [
              122.4701974,
              -3.8266303
            ],
            [
              122.4691822,
              -3.8267682
            ],
            [
              122.4691017,
              -3.8269047
            ],
            [
              122.4692479,
              -3.8270746
            ],
            [
              122.4692506,
              -3.8274212
            ],
            [
              122.4693149,
              -3.8274754
            ],
            [
              122.4693874,
              -3.8275737
            ],
            [
              122.4694289,
              -3.827648
            ],
            [
              122.4694665,
              -3.8277871
            ],
            [
              122.4695087,
              -3.8278634
            ],
            [
              122.4695335,
              -3.8279363
            ],
            [
              122.4696328,
              -3.8280755
            ],
            [
              122.4698782,
              -3.8284983
            ],
            [
              122.4699198,
              -3.828489
            ],
            [
              122.4702483,
              -3.8289225
            ],
            [
              122.4701744,
              -3.8289493
            ],
            [
              122.469882,
              -3.8290578
            ],
            [
              122.4697937,
              -3.8290898
            ],
            [
              122.4700606,
              -3.8295702
            ],
            [
              122.4703315,
              -3.8299087
            ],
            [
              122.4702959,
              -3.8299867
            ],
            [
              122.4702472,
              -3.8300936
            ],
            [
              122.4702014,
              -3.8301506
            ],
            [
              122.4699748,
              -3.830537
            ],
            [
              122.4698869,
              -3.8305383
            ],
            [
              122.4698269,
              -3.8306484
            ],
            [
              122.4697749,
              -3.8307437
            ],
            [
              122.4697423,
              -3.830726
            ],
            [
              122.4697222,
              -3.8307628
            ],
            [
              122.4694317,
              -3.8306052
            ],
            [
              122.4693548,
              -3.8305868
            ],
            [
              122.4688657,
              -3.8309993
            ],
            [
              122.468804,
              -3.8310314
            ],
            [
              122.4681026,
              -3.831117
            ],
            [
              122.4680771,
              -3.8311946
            ],
            [
              122.4676156,
              -3.8313171
            ],
            [
              122.4667279,
              -3.8316268
            ],
            [
              122.4662492,
              -3.831754
            ],
            [
              122.4661151,
              -3.8317687
            ],
            [
              122.466056,
              -3.8317245
            ],
            [
              122.466044,
              -3.8316683
            ],
            [
              122.4660856,
              -3.8313191
            ],
            [
              122.4661137,
              -3.8311973
            ],
            [
              122.4661177,
              -3.8311277
            ],
            [
              122.4660842,
              -3.831101
            ],
            [
              122.4657449,
              -3.831117
            ],
            [
              122.4655384,
              -3.8311063
            ],
            [
              122.4653761,
              -3.8310809
            ],
            [
              122.4648061,
              -3.8308855
            ],
            [
              122.4642537,
              -3.8307233
            ],
            [
              122.4642043,
              -3.8307059
            ],
            [
              122.46416,
              -3.830678
            ],
            [
              122.4641231,
              -3.8306409
            ],
            [
              122.4640954,
              -3.8305965
            ],
            [
              122.4639934,
              -3.8302071
            ],
            [
              122.4636769,
              -3.8298003
            ],
            [
              122.4634556,
              -3.8294859
            ],
            [
              122.4633859,
              -3.8293079
            ],
            [
              122.4633484,
              -3.8293119
            ],
            [
              122.4631137,
              -3.829431
            ],
            [
              122.4628897,
              -3.8295595
            ],
            [
              122.4626067,
              -3.8297267
            ],
            [
              122.4623479,
              -3.8298324
            ],
            [
              122.4616492,
              -3.8300198
            ],
            [
              122.4614748,
              -3.8300238
            ],
            [
              122.4613099,
              -3.8299181
            ],
            [
              122.4615861,
              -3.8280728
            ],
            [
              122.4616022,
              -3.8274613
            ],
            [
              122.4615929,
              -3.8273155
            ],
            [
              122.4615754,
              -3.8272526
            ],
            [
              122.4615701,
              -3.8271562
            ],
            [
              122.4614963,
              -3.8269956
            ],
            [
              122.461157,
              -3.8250754
            ],
            [
              122.4610873,
              -3.8247811
            ],
            [
              122.4606212,
              -3.8233669
            ],
            [
              122.4604046,
              -3.8227846
            ],
            [
              122.4604113,
              -3.8226494
            ],
            [
              122.4603121,
              -3.8224139
            ],
            [
              122.4602464,
              -3.8222092
            ],
            [
              122.4602075,
              -3.8217395
            ],
            [
              122.4603148,
              -3.8217168
            ],
            [
              122.4605817,
              -3.8216699
            ],
            [
              122.4606782,
              -3.8216445
            ],
            [
              122.4607895,
              -3.8216258
            ],
            [
              122.4609196,
              -3.8216057
            ],
            [
              122.4610054,
              -3.8215656
            ],
            [
              122.4611235,
              -3.8215575
            ],
            [
              122.4612536,
              -3.8215549
            ],
            [
              122.4613474,
              -3.8215696
            ],
            [
              122.4614118,
              -3.8216164
            ],
            [
              122.4615017,
              -3.8216392
            ],
            [
              122.4616143,
              -3.8216458
            ],
            [
              122.4617524,
              -3.8216458
            ],
            [
              122.4618691,
              -3.8216552
            ],
            [
              122.4619818,
              -3.8217007
            ],
            [
              122.4621038,
              -3.8217128
            ],
            [
              122.4622098,
              -3.8217007
            ],
            [
              122.4623103,
              -3.8217422
            ],
            [
              122.4624123,
              -3.8217368
            ],
            [
              122.4625196,
              -3.8217275
            ],
            [
              122.4626403,
              -3.821769
            ],
            [
              122.4627046,
              -3.8218278
            ],
            [
              122.4627797,
              -3.8218747
            ],
            [
              122.4628589,
              -3.8219242
            ],
            [
              122.4629353,
              -3.8219643
            ],
            [
              122.4630761,
              -3.8219897
            ],
            [
              122.4632102,
              -3.8220232
            ],
            [
              122.463351,
              -3.8220259
            ],
            [
              122.4634516,
              -3.8220513
            ],
            [
              122.4635468,
              -3.8220968
            ],
            [
              122.4636877,
              -3.8221276
            ],
            [
              122.4638258,
              -3.8221503
            ],
            [
              122.46398,
              -3.8221356
            ],
            [
              122.4641369,
              -3.8221302
            ],
            [
              122.4642362,
              -3.8221557
            ],
            [
              122.4643341,
              -3.8222239
            ],
            [
              122.464491,
              -3.8222828
            ],
            [
              122.4646318,
              -3.8222881
            ],
            [
              122.46479,
              -3.8222641
            ],
            [
              122.4649416,
              -3.8222279
            ],
            [
              122.4650811,
              -3.8222386
            ],
            [
              122.4652098,
              -3.8222707
            ],
            [
              122.4652487,
              -3.8223684
            ],
            [
              122.4661124,
              -3.8223109
            ],
            [
              122.4663484,
              -3.822351
            ],
            [
              122.4669259,
              -3.8223779
            ],
            [
              122.4669754,
              -3.8223762
            ],
            [
              122.4670249,
              -3.8223746
            ],
            [
              122.4670317,
              -3.8222875
            ],
            [
              122.4670451,
              -3.8221978
            ],
            [
              122.4670585,
              -3.8221316
            ],
            [
              122.4670793,
              -3.822066
            ],
            [
              122.4672054,
              -3.8220553
            ],
            [
              122.4675702,
              -3.8219737
            ],
            [
              122.4682944,
              -3.8219817
            ],
            [
              122.4684459,
              -3.8220419
            ],
            [
              122.4688523,
              -3.8221142
            ],
            [
              122.4695027,
              -3.8224768
            ],
            [
              122.4695697,
              -3.8224367
            ],
            [
              122.4696918,
              -3.8225009
            ],
            [
              122.4698125,
              -3.8225531
            ],
            [
              122.4699292,
              -3.8226106
            ],
            [
              122.4700606,
              -3.8226414
            ],
            [
              122.4701719,
              -3.8226588
            ],
            [
              122.4702752,
              -3.8226601
            ],
            [
              122.4703677,
              -3.8226749
            ],
            [
              122.4704924,
              -3.8227324
            ],
            [
              122.4706024,
              -3.8227926
            ],
            [
              122.4709015,
              -3.8229037
            ],
            [
              122.4710369,
              -3.8229612
            ],
            [
              122.4711429,
              -3.8229987
            ],
            [
              122.4712796,
              -3.8230321
            ],
            [
              122.4713869,
              -3.8230883
            ],
            [
              122.4714661,
              -3.8231472
            ],
            [
              122.4715488,
              -3.8231916
            ],
            [
              122.4716189,
              -3.8232061
            ],
            [
              122.4716471,
              -3.8232094
            ],
            [
              122.4716739,
              -3.8231994
            ],
            [
              122.4717034,
              -3.8231994
            ],
            [
              122.471741,
              -3.8232148
            ],
            [
              122.4718255,
              -3.8232161
            ],
            [
              122.4718932,
              -3.8232188
            ],
            [
              122.4719401,
              -3.8232355
            ],
            [
              122.471973,
              -3.823261
            ],
            [
              122.4720052,
              -3.8232757
            ],
            [
              122.4720468,
              -3.8233024
            ],
            [
              122.472091,
              -3.8233205
            ],
            [
              122.4721554,
              -3.82336
            ],
            [
              122.4726462,
              -3.8236517
            ],
            [
              122.4731693,
              -3.8239327
            ],
            [
              122.473247,
              -3.8239795
            ],
            [
              122.4733114,
              -3.8240357
            ],
            [
              122.4733905,
              -3.8240545
            ],
            [
              122.473475,
              -3.8240906
            ],
            [
              122.4735367,
              -3.8241227
            ],
            [
              122.4736044,
              -3.8240917
            ],
            [
              122.4736762,
              -3.8240812
            ],
            [
              122.4737298,
              -3.8240933
            ],
            [
              122.4737721,
              -3.8240605
            ],
            [
              122.4738143,
              -3.8240277
            ],
            [
              122.473821,
              -3.8239514
            ],
            [
              122.4738559,
              -3.8238939
            ],
            [
              122.4739082,
              -3.8238591
            ],
            [
              122.4739417,
              -3.8238029
            ],
            [
              122.4739632,
              -3.8237226
            ],
            [
              122.4740008,
              -3.8236544
            ],
            [
              122.4740195,
              -3.8235741
            ],
            [
              122.4740088,
              -3.8235192
            ],
            [
              122.4739954,
              -3.8234376
            ],
            [
              122.4740168,
              -3.8233627
            ],
            [
              122.4741121,
              -3.8232703
            ],
            [
              122.4742274,
              -3.8232088
            ],
            [
              122.474387,
              -3.8231753
            ],
            [
              122.474513,
              -3.8230714
            ],
            [
              122.4746686,
              -3.8230014
            ],
            [
              122.4747933,
              -3.8229532
            ],
            [
              122.4749315,
              -3.8229171
            ],
            [
              122.4750991,
              -3.8228876
            ],
            [
              122.475244,
              -3.8228769
            ],
            [
              122.4754039,
              -3.8228771
            ],
            [
              122.4754585,
              -3.8228087
            ],
            [
              122.4755256,
              -3.8227525
            ],
            [
              122.4756221,
              -3.822703
            ],
            [
              122.4757147,
              -3.8226441
            ],
            [
              122.4757898,
              -3.8225946
            ],
            [
              122.4758421,
              -3.8225464
            ],
            [
              122.475889,
              -3.8224822
            ],
            [
              122.4760151,
              -3.8223015
            ],
            [
              122.4761505,
              -3.8221142
            ],
            [
              122.4762887,
              -3.8219349
            ],
            [
              122.4764337,
              -3.821762
            ],
            [
              122.4765958,
              -3.8215562
            ],
            [
              122.4767581,
              -3.8213515
            ],
            [
              122.4769056,
              -3.8211574
            ],
            [
              122.4770232,
              -3.8209931
            ],
            [
              122.4771389,
              -3.8208497
            ],
            [
              122.4773012,
              -3.820665
            ],
            [
              122.4774005,
              -3.8205794
            ],
            [
              122.477501,
              -3.8204937
            ],
            [
              122.4776097,
              -3.82038
            ],
            [
              122.4777096,
              -3.8202647
            ],
            [
              122.4778363,
              -3.8201699
            ],
            [
              122.4779557,
              -3.8201204
            ],
            [
              122.4780884,
              -3.8200923
            ],
            [
              122.4782943,
              -3.8200598
            ],
            [
              122.4784988,
              -3.82002
            ],
            [
              122.4786276,
              -3.8200133
            ],
            [
              122.4787804,
              -3.8200562
            ],
            [
              122.4789011,
              -3.8201324
            ],
            [
              122.4790353,
              -3.8201726
            ],
            [
              122.4791278,
              -3.8202221
            ],
            [
              122.4792297,
              -3.8202408
            ],
            [
              122.4794336,
              -3.8202769
            ],
            [
              122.4795516,
              -3.8202368
            ],
            [
              122.4797299,
              -3.8201124
            ],
            [
              122.4799351,
              -3.8199076
            ],
            [
              122.48032,
              -3.8195918
            ],
            [
              122.4806701,
              -3.8192693
            ],
            [
              122.4808632,
              -3.8191302
            ],
            [
              122.4812829,
              -3.8187836
            ],
            [
              122.4815525,
              -3.8185628
            ],
            [
              122.4817979,
              -3.8183407
            ],
            [
              122.482329,
              -3.8178817
            ],
            [
              122.4824645,
              -3.81778
            ],
            [
              122.4825704,
              -3.8176984
            ],
            [
              122.4826267,
              -3.8176328
            ],
            [
              122.4826697,
              -3.817598
            ],
            [
              122.4826697,
              -3.8175512
            ],
            [
              122.4826395,
              -3.8175064
            ],
            [
              122.4826308,
              -3.8174716
            ],
            [
              122.4826334,
              -3.8174267
            ],
            [
              122.4828775,
              -3.8172461
            ],
            [
              122.4829191,
              -3.8172508
            ],
            [
              122.4829526,
              -3.8172715
            ],
            [
              122.4829922,
              -3.8172943
            ],
            [
              122.4830291,
              -3.8173076
            ],
            [
              122.4830613,
              -3.8173023
            ],
            [
              122.4830814,
              -3.8172668
            ],
            [
              122.4831022,
              -3.8172401
            ],
            [
              122.4832068,
              -3.8171384
            ],
            [
              122.4832396,
              -3.8171277
            ],
            [
              122.4832644,
              -3.8171069
            ],
            [
              122.483357,
              -3.8170072
            ],
            [
              122.4834602,
              -3.8169149
            ],
            [
              122.4835474,
              -3.816854
            ],
            [
              122.4836279,
              -3.8167998
            ],
            [
              122.4836795,
              -3.8167777
            ],
            [
              122.4837117,
              -3.8167677
            ],
            [
              122.4837137,
              -3.8167363
            ],
            [
              122.4837325,
              -3.8166921
            ],
            [
              122.4838324,
              -3.8166024
            ],
            [
              122.4838726,
              -3.8165797
            ],
            [
              122.4839249,
              -3.8165723
            ],
            [
              122.4839699,
              -3.8165764
            ],
            [
              122.4840342,
              -3.8165737
            ],
            [
              122.4840906,
              -3.8165583
            ],
            [
              122.4841442,
              -3.8165255
            ],
            [
              122.4842059,
              -3.8164686
            ],
            [
              122.484283,
              -3.8163756
            ],
            [
              122.4843212,
              -3.8163315
            ],
            [
              122.4843447,
              -3.8162833
            ],
            [
              122.4843802,
              -3.8162432
            ],
            [
              122.4845029,
              -3.8161769
            ],
            [
              122.4846008,
              -3.8160739
            ],
            [
              122.4846558,
              -3.8159976
            ],
            [
              122.4847577,
              -3.8158879
            ],
            [
              122.484861,
              -3.8157976
            ],
            [
              122.4849073,
              -3.8157715
            ],
            [
              122.4849576,
              -3.8157648
            ],
            [
              122.4850032,
              -3.8157567
            ],
            [
              122.4850474,
              -3.815736
            ],
            [
              122.4851346,
              -3.8156658
            ],
            [
              122.4852184,
              -3.8155728
            ],
            [
              122.4853089,
              -3.8154851
            ],
            [
              122.4860267,
              -3.8148581
            ],
            [
              122.4861096,
              -3.8148027
            ],
            [
              122.4862075,
              -3.8147612
            ],
            [
              122.4862618,
              -3.8147565
            ],
            [
              122.4863087,
              -3.8147759
            ],
            [
              122.4863262,
              -3.8148201
            ],
            [
              122.4863201,
              -3.8148682
            ],
            [
              122.4862812,
              -3.8149244
            ],
            [
              122.4862276,
              -3.8149873
            ],
            [
              122.4861485,
              -3.8150609
            ],
            [
              122.4855235,
              -3.8156029
            ],
            [
              122.4850608,
              -3.8159909
            ],
            [
              122.4848986,
              -3.8161354
            ],
            [
              122.4848194,
              -3.8162157
            ],
            [
              122.4847041,
              -3.8163054
            ],
            [
              122.4845003,
              -3.8164445
            ],
            [
              122.4840805,
              -3.8168078
            ],
            [
              122.4840564,
              -3.8168129
            ],
            [
              122.4840426,
              -3.8168145
            ],
            [
              122.4840309,
              -3.8168299
            ],
            [
              122.4840309,
              -3.816845
            ],
            [
              122.4840382,
              -3.816854
            ],
            [
              122.484059,
              -3.816862
            ],
            [
              122.4840919,
              -3.8168774
            ],
            [
              122.4841382,
              -3.8169035
            ],
            [
              122.4841851,
              -3.8169544
            ],
            [
              122.4842428,
              -3.8170387
            ],
            [
              122.4842843,
              -3.8170909
            ],
            [
              122.4843393,
              -3.8171364
            ],
            [
              122.4844305,
              -3.8171912
            ],
            [
              122.4845137,
              -3.8172421
            ],
            [
              122.4846116,
              -3.8172956
            ],
            [
              122.484683,
              -3.8173506
            ],
            [
              122.4854626,
              -3.8167038
            ],
            [
              122.48568,
              -3.8169647
            ],
            [
              122.4849472,
              -3.8175725
            ],
            [
              122.4849455,
              -3.8176208
            ],
            [
              122.4849187,
              -3.817673
            ],
            [
              122.4848865,
              -3.8177211
            ],
            [
              122.4848664,
              -3.817792
            ],
            [
              122.4848798,
              -3.8178482
            ],
            [
              122.4849321,
              -3.8179192
            ],
            [
              122.4849938,
              -3.8179861
            ],
            [
              122.4850521,
              -3.8180389
            ],
            [
              122.4851131,
              -3.8180878
            ],
            [
              122.4851453,
              -3.8181286
            ],
            [
              122.4851708,
              -3.8181694
            ],
            [
              122.485199,
              -3.8181968
            ],
            [
              122.4852131,
              -3.8182256
            ],
            [
              122.4852137,
              -3.818249
            ],
            [
              122.4852385,
              -3.8182664
            ],
            [
              122.4852727,
              -3.8182691
            ],
            [
              122.4853183,
              -3.8182557
            ],
            [
              122.4853592,
              -3.8182249
            ],
            [
              122.4854524,
              -3.8181614
            ],
            [
              122.4856992,
              -3.8179673
            ],
            [
              122.4857696,
              -3.8179058
            ],
            [
              122.4858326,
              -3.8178489
            ],
            [
              122.4859044,
              -3.8177927
            ],
            [
              122.4859694,
              -3.8177345
            ],
            [
              122.4860258,
              -3.817695
            ],
            [
              122.4861418,
              -3.8176114
            ],
            [
              122.4862464,
              -3.8175258
            ],
            [
              122.4863496,
              -3.8174548
            ],
            [
              122.4864717,
              -3.8173598
            ],
            [
              122.4865843,
              -3.8172662
            ],
            [
              122.4866836,
              -3.8171765
            ],
            [
              122.4867667,
              -3.8170962
            ],
            [
              122.4868284,
              -3.8170521
            ],
            [
              122.4868901,
              -3.8169865
            ],
            [
              122.486921,
              -3.8169397
            ],
            [
              122.4869639,
              -3.8169196
            ],
            [
              122.4869679,
              -3.8168922
            ],
            [
              122.4869518,
              -3.816844
            ],
            [
              122.4869605,
              -3.8168025
            ],
            [
              122.4869639,
              -3.8167677
            ],
            [
              122.4869887,
              -3.8167343
            ],
            [
              122.4870075,
              -3.8167082
            ],
            [
              122.4870061,
              -3.8166801
            ],
            [
              122.4869893,
              -3.8166466
            ],
            [
              122.4869572,
              -3.8166152
            ],
            [
              122.4869196,
              -3.816577
            ],
            [
              122.4868814,
              -3.8165335
            ],
            [
              122.4868633,
              -3.8164961
            ],
            [
              122.4868425,
              -3.8164773
            ],
            [
              122.4868117,
              -3.816468
            ],
            [
              122.4867801,
              -3.8164559
            ],
            [
              122.4867614,
              -3.8164332
            ],
            [
              122.4867486,
              -3.8163877
            ],
            [
              122.4867493,
              -3.8163188
            ],
            [
              122.4867848,
              -3.8162706
            ],
            [
              122.4868324,
              -3.8162539
            ],
            [
              122.4869002,
              -3.8162612
            ],
            [
              122.4869471,
              -3.816294
            ],
            [
              122.4869873,
              -3.8163348
            ],
            [
              122.4870309,
              -3.8163817
            ],
            [
              122.4870842,
              -3.8164245
            ],
            [
              122.4871624,
              -3.81649
            ],
            [
              122.4872204,
              -3.8165469
            ],
            [
              122.4872562,
              -3.8165981
            ],
            [
              122.4872898,
              -3.8166627
            ],
            [
              122.4872955,
              -3.8167045
            ],
            [
              122.4872857,
              -3.8167339
            ],
            [
              122.4872656,
              -3.8167644
            ],
            [
              122.4872321,
              -3.8168152
            ],
            [
              122.4871328,
              -3.8169463
            ],
            [
              122.4870631,
              -3.8170226
            ],
            [
              122.4869867,
              -3.8170855
            ],
            [
              122.486921,
              -3.817135
            ],
            [
              122.4868727,
              -3.8172073
            ],
            [
              122.4868418,
              -3.8172782
            ],
            [
              122.4867962,
              -3.8173505
            ],
            [
              122.4867024,
              -3.8174602
            ],
            [
              122.4866179,
              -3.8175525
            ],
            [
              122.4865347,
              -3.8176368
            ],
            [
              122.4864529,
              -3.8177184
            ],
            [
              122.4863698,
              -3.8178201
            ],
            [
              122.4862853,
              -3.8179098
            ],
            [
              122.4861941,
              -3.8179821
            ],
            [
              122.4860948,
              -3.8180503
            ],
            [
              122.4859808,
              -3.8181346
            ],
            [
              122.4859406,
              -3.8181794
            ],
            [
              122.4859077,
              -3.8182075
            ],
            [
              122.4858615,
              -3.8182417
            ],
            [
              122.4858306,
              -3.8182798
            ],
            [
              122.4857616,
              -3.8183534
            ],
            [
              122.4857301,
              -3.8183868
            ],
            [
              122.4857059,
              -3.8184216
            ],
            [
              122.4856885,
              -3.8184638
            ],
            [
              122.4856744,
              -3.8185026
            ],
            [
              122.4856657,
              -3.8185454
            ],
            [
              122.485667,
              -3.8185862
            ],
            [
              122.4856831,
              -3.8186264
            ],
            [
              122.4856925,
              -3.8186953
            ],
            [
              122.4857233,
              -3.8187408
            ],
            [
              122.4874306,
              -3.8208256
            ],
            [
              122.4875271,
              -3.8209233
            ],
            [
              122.4875982,
              -3.8210196
            ],
            [
              122.4877042,
              -3.8211293
            ],
            [
              122.4878195,
              -3.8212003
            ],
            [
              122.4879147,
              -3.8212658
            ],
            [
              122.4880019,
              -3.8213287
            ],
            [
              122.4880823,
              -3.8213849
            ],
            [
              122.4881467,
              -3.8214465
            ],
            [
              122.4882151,
              -3.8215308
            ],
            [
              122.4882567,
              -3.8215937
            ],
            [
              122.4883023,
              -3.8216539
            ],
            [
              122.4883385,
              -3.82169
            ],
            [
              122.4883908,
              -3.8217248
            ],
            [
              122.4884243,
              -3.8217649
            ],
            [
              122.4884391,
              -3.8218171
            ],
            [
              122.4884753,
              -3.82188
            ],
            [
              122.488541,
              -3.8219523
            ],
            [
              122.4885692,
              -3.8220339
            ],
            [
              122.4886188,
              -3.8221236
            ],
            [
              122.4886362,
              -3.8221757
            ],
            [
              122.4886443,
              -3.8222293
            ],
            [
              122.4886899,
              -3.8222868
            ],
            [
              122.4887395,
              -3.8223243
            ],
            [
              122.4887891,
              -3.8223524
            ],
            [
              122.4888428,
              -3.8223417
            ],
            [
              122.4888857,
              -3.8223096
            ],
            [
              122.4890037,
              -3.8221624
            ],
            [
              122.4890935,
              -3.8220312
            ],
            [
              122.4891418,
              -3.8219536
            ],
            [
              122.4892156,
              -3.8218506
            ],
            [
              122.48928,
              -3.8217837
            ],
            [
              122.4893457,
              -3.8217261
            ],
            [
              122.489406,
              -3.8216713
            ],
            [
              122.4894503,
              -3.8216659
            ],
            [
              122.4894959,
              -3.8216766
            ],
            [
              122.4895428,
              -3.8217114
            ],
            [
              122.4896783,
              -3.821864
            ],
            [
              122.4897279,
              -3.8219095
            ],
            [
              122.4897788,
              -3.8219429
            ],
            [
              122.4898043,
              -3.8219817
            ],
            [
              122.4898137,
              -3.8220312
            ],
            [
              122.4898083,
              -3.8220955
            ],
            [
              122.4897882,
              -3.8221343
            ],
            [
              122.4897493,
              -3.8221744
            ],
            [
              122.4897064,
              -3.8222052
            ],
            [
              122.4896997,
              -3.8222453
            ],
            [
              122.4896501,
              -3.8223216
            ],
            [
              122.4895857,
              -3.8223898
            ],
            [
              122.489406,
              -3.8225504
            ],
            [
              122.4892129,
              -3.8226976
            ],
            [
              122.4891593,
              -3.8227525
            ],
            [
              122.4891311,
              -3.8227993
            ],
            [
              122.4890707,
              -3.8228622
            ],
            [
              122.4890144,
              -3.8229278
            ],
            [
              122.4889608,
              -3.8229759
            ],
            [
              122.4889058,
              -3.8230241
            ],
            [
              122.4888816,
              -3.8230723
            ],
            [
              122.4888535,
              -3.8231258
            ],
            [
              122.4888052,
              -3.823174
            ],
            [
              122.4887931,
              -3.8232048
            ],
            [
              122.4887945,
              -3.8232422
            ],
            [
              122.4888226,
              -3.823285
            ],
            [
              122.4888508,
              -3.823356
            ],
            [
              122.488879,
              -3.8233921
            ],
            [
              122.4888843,
              -3.8234309
            ],
            [
              122.4888964,
              -3.8234925
            ],
            [
              122.4889219,
              -3.823542
            ],
            [
              122.4889286,
              -3.8236089
            ],
            [
              122.4889286,
              -3.8236624
            ],
            [
              122.4889433,
              -3.8237173
            ],
            [
              122.4889849,
              -3.8237788
            ],
            [
              122.4890774,
              -3.8238203
            ],
            [
              122.4891807,
              -3.8238885
            ],
            [
              122.489292,
              -3.8239528
            ],
            [
              122.4894007,
              -3.8240009
            ],
            [
              122.4894758,
              -3.8240438
            ],
            [
              122.4895737,
              -3.8240906
            ],
            [
              122.4896877,
              -3.8241361
            ],
            [
              122.4897735,
              -3.8241896
            ],
            [
              122.4898459,
              -3.824215
            ],
            [
              122.4899036,
              -3.8242083
            ],
            [
              122.489984,
              -3.8241736
            ],
            [
              122.4901141,
              -3.8241267
            ],
            [
              122.4902201,
              -3.8241174
            ],
            [
              122.490284,
              -3.8241061
            ],
            [
              122.4904436,
              -3.8239748
            ],
            [
              122.4903517,
              -3.8238635
            ],
            [
              122.4940986,
              -3.8207838
            ],
            [
              122.4924114,
              -3.8187402
            ],
            [
              122.492625,
              -3.8185647
            ],
            [
              122.4946765,
              -3.8210496
            ],
            [
              122.4947208,
              -3.8210464
            ],
            [
              122.4947678,
              -3.8210169
            ],
            [
              122.4948053,
              -3.8209688
            ],
            [
              122.4948268,
              -3.8209219
            ],
            [
              122.4948147,
              -3.8208711
            ],
            [
              122.494753,
              -3.8207547
            ],
            [
              122.4947101,
              -3.8206918
            ],
            [
              122.4946685,
              -3.8206396
            ],
            [
              122.4946471,
              -3.8205847
            ],
            [
              122.4946497,
              -3.8205392
            ],
            [
              122.4946705,
              -3.8205071
            ],
            [
              122.4947054,
              -3.8204864
            ],
            [
              122.4947496,
              -3.820487
            ],
            [
              122.4947952,
              -3.8205098
            ],
            [
              122.4948449,
              -3.8205626
            ],
            [
              122.4948784,
              -3.8206081
            ],
            [
              122.494924,
              -3.8206536
            ],
            [
              122.495044,
              -3.8208175
            ],
            [
              122.4951151,
              -3.8209099
            ],
            [
              122.4951982,
              -3.8209821
            ],
            [
              122.4952841,
              -3.8210785
            ],
            [
              122.4954316,
              -3.8212685
            ],
            [
              122.4954906,
              -3.8213555
            ],
            [
              122.4955952,
              -3.8214732
            ],
            [
              122.4957266,
              -3.8216084
            ],
            [
              122.4957347,
              -3.8216499
            ],
            [
              122.4957293,
              -3.8216833
            ],
            [
              122.4956971,
              -3.8216954
            ],
            [
              122.4956556,
              -3.8216846
            ],
            [
              122.4955872,
              -3.8216418
            ],
            [
              122.4955201,
              -3.8215763
            ],
            [
              122.4954531,
              -3.8215134
            ],
            [
              122.4953417,
              -3.8214304
            ],
            [
              122.4952264,
              -3.8213367
            ],
            [
              122.4951392,
              -3.8212538
            ],
            [
              122.4950829,
              -3.8212257
            ],
            [
              122.4950199,
              -3.8212391
            ],
            [
              122.4949863,
              -3.8212712
            ],
            [
              122.4949515,
              -3.8213167
            ],
            [
              122.4949032,
              -3.8213541
            ],
            [
              122.4948362,
              -3.8214023
            ],
            [
              122.4947999,
              -3.8214558
            ],
            [
              122.4947691,
              -3.8215187
            ],
            [
              122.4947128,
              -3.8215669
            ],
            [
              122.4946497,
              -3.8215816
            ],
            [
              122.4946149,
              -3.8216218
            ],
            [
              122.4945974,
              -3.8216673
            ],
            [
              122.4945398,
              -3.8217221
            ],
            [
              122.494466,
              -3.821773
            ],
            [
              122.494415,
              -3.8218292
            ],
            [
              122.494348,
              -3.821884
            ],
            [
              122.4942648,
              -3.8219362
            ],
            [
              122.4941857,
              -3.8220138
            ],
            [
              122.4941321,
              -3.8220981
            ],
            [
              122.4940744,
              -3.8221637
            ],
            [
              122.4939832,
              -3.8222253
            ],
            [
              122.4939242,
              -3.8222774
            ],
            [
              122.4938384,
              -3.8223564
            ],
            [
              122.49377,
              -3.8224179
            ],
            [
              122.4937096,
              -3.8224581
            ],
            [
              122.4936546,
              -3.8225089
            ],
            [
              122.4936238,
              -3.8225571
            ],
            [
              122.4935862,
              -3.8225999
            ],
            [
              122.4935313,
              -3.8226347
            ],
            [
              122.493483,
              -3.8226896
            ],
            [
              122.4934334,
              -3.8227565
            ],
            [
              122.4933609,
              -3.822802
            ],
            [
              122.4933033,
              -3.8228622
            ],
            [
              122.4932563,
              -3.8229224
            ],
            [
              122.493196,
              -3.8229706
            ],
            [
              122.4931531,
              -3.8229973
            ],
            [
              122.4931155,
              -3.8230562
            ],
            [
              122.4930458,
              -3.8231004
            ],
            [
              122.4929921,
              -3.8231352
            ],
            [
              122.4929385,
              -3.8232088
            ],
            [
              122.4928768,
              -3.8232516
            ],
            [
              122.4928111,
              -3.8232891
            ],
            [
              122.4927776,
              -3.8233359
            ],
            [
              122.4927333,
              -3.823368
            ],
            [
              122.4926743,
              -3.8234242
            ],
            [
              122.4926086,
              -3.8234871
            ],
            [
              122.4925348,
              -3.823554
            ],
            [
              122.4924383,
              -3.8236115
            ],
            [
              122.4923591,
              -3.8236905
            ],
            [
              122.4922733,
              -3.823736
            ],
            [
              122.4921969,
              -3.8238363
            ],
            [
              122.4921486,
              -3.8238859
            ],
            [
              122.4920547,
              -3.8239434
            ],
            [
              122.491985,
              -3.8240116
            ],
            [
              122.4918964,
              -3.8240598
            ],
            [
              122.4918334,
              -3.8241508
            ],
            [
              122.4917918,
              -3.8241936
            ],
            [
              122.4917181,
              -3.8242324
            ],
            [
              122.4916537,
              -3.8242786
            ],
            [
              122.4916121,
              -3.8243254
            ],
            [
              122.4915585,
              -3.8243529
            ],
            [
              122.4914861,
              -3.8243823
            ],
            [
              122.4914016,
              -3.8244398
            ],
            [
              122.4912849,
              -3.8245241
            ],
            [
              122.4911897,
              -3.8245897
            ],
            [
              122.4911119,
              -3.8246272
            ],
            [
              122.4910717,
              -3.824666
            ],
            [
              122.4909872,
              -3.8247048
            ],
            [
              122.4908759,
              -3.8247851
            ],
            [
              122.4908437,
              -3.8248098
            ],
            [
              122.4908222,
              -3.8248433
            ],
            [
              122.4908202,
              -3.8248834
            ],
            [
              122.490837,
              -3.8249242
            ],
            [
              122.4908444,
              -3.8249764
            ],
            [
              122.4909107,
              -3.8250835
            ],
            [
              122.4909825,
              -3.8251725
            ],
            [
              122.4910495,
              -3.8252387
            ],
            [
              122.4910891,
              -3.8252875
            ],
            [
              122.491134,
              -3.825325
            ],
            [
              122.4912232,
              -3.8254341
            ],
            [
              122.4912816,
              -3.825519
            ],
            [
              122.4913372,
              -3.8255792
            ],
            [
              122.4913691,
              -3.8256164
            ],
            [
              122.4913764,
              -3.8256398
            ],
            [
              122.4913748,
              -3.8256615
            ],
            [
              122.4913664,
              -3.8256759
            ],
            [
              122.4913536,
              -3.8256913
            ],
            [
              122.491309,
              -3.8257552
            ],
            [
              122.4912762,
              -3.825786
            ],
            [
              122.491242,
              -3.8258141
            ],
            [
              122.4912199,
              -3.8258529
            ],
            [
              122.4911897,
              -3.8258823
            ],
            [
              122.4911394,
              -3.8259051
            ],
            [
              122.4911012,
              -3.8259392
            ],
            [
              122.4910851,
              -3.825976
            ],
            [
              122.4910643,
              -3.8260228
            ],
            [
              122.4910402,
              -3.8260543
            ],
            [
              122.4910039,
              -3.8260857
            ],
            [
              122.490959,
              -3.8261145
            ],
            [
              122.4909087,
              -3.8261352
            ],
            [
              122.4908806,
              -3.826174
            ],
            [
              122.4908792,
              -3.8262142
            ],
            [
              122.4909014,
              -3.826251
            ],
            [
              122.4909074,
              -3.8262818
            ],
            [
              122.490894,
              -3.8263112
            ],
            [
              122.4908524,
              -3.826336
            ],
            [
              122.4908169,
              -3.8263701
            ],
            [
              122.490782,
              -3.8263888
            ],
            [
              122.4907297,
              -3.8264002
            ],
            [
              122.4907129,
              -3.8264229
            ],
            [
              122.4906955,
              -3.8264557
            ],
            [
              122.490674,
              -3.8265059
            ],
            [
              122.4906412,
              -3.8265327
            ],
            [
              122.4905889,
              -3.8265407
            ],
            [
              122.490546,
              -3.82654
            ],
            [
              122.4905513,
              -3.8265735
            ],
            [
              122.4905413,
              -3.8266404
            ],
            [
              122.4905004,
              -3.8266772
            ],
            [
              122.4904387,
              -3.8266899
            ],
            [
              122.4903817,
              -3.8266839
            ],
            [
              122.4903428,
              -3.8266645
            ],
            [
              122.4903253,
              -3.8266685
            ],
            [
              122.4903193,
              -3.8266946
            ],
            [
              122.4902972,
              -3.826736
            ],
            [
              122.4902342,
              -3.8267889
            ],
            [
              122.4901973,
              -3.826805
            ],
            [
              122.4901597,
              -3.826803
            ],
            [
              122.4901617,
              -3.8268257
            ],
            [
              122.490148,
              -3.8268451
            ],
            [
              122.4901336,
              -3.8268538
            ],
            [
              122.4901443,
              -3.8268886
            ],
            [
              122.490143,
              -3.8269247
            ],
            [
              122.4901262,
              -3.8269562
            ],
            [
              122.4900853,
              -3.8270084
            ],
            [
              122.4900571,
              -3.8270452
            ],
            [
              122.4900176,
              -3.8270545
            ],
            [
              122.489982,
              -3.8270411
            ],
            [
              122.4899351,
              -3.8270411
            ],
            [
              122.4898962,
              -3.8270572
            ],
            [
              122.4898774,
              -3.8271014
            ],
            [
              122.4898479,
              -3.8271535
            ],
            [
              122.4898063,
              -3.8272064
            ],
            [
              122.4898083,
              -3.8272693
            ],
            [
              122.4898278,
              -3.8273295
            ],
            [
              122.4898754,
              -3.8273904
            ],
            [
              122.4899545,
              -3.8274934
            ],
            [
              122.4900377,
              -3.8275998
            ],
            [
              122.4901316,
              -3.8277062
            ],
            [
              122.4902174,
              -3.8278199
            ],
            [
              122.4902663,
              -3.8278895
            ],
            [
              122.4903227,
              -3.8279531
            ],
            [
              122.4903776,
              -3.828026
            ],
            [
              122.4904239,
              -3.8280889
            ],
            [
              122.4904588,
              -3.8281478
            ],
            [
              122.4905024,
              -3.8281846
            ],
            [
              122.4905399,
              -3.828222
            ],
            [
              122.4905681,
              -3.8282695
            ],
            [
              122.4906043,
              -3.8283057
            ],
            [
              122.4906325,
              -3.8283445
            ],
            [
              122.4906479,
              -3.8283766
            ],
            [
              122.4906921,
              -3.8284301
            ],
            [
              122.4907451,
              -3.8284636
            ],
            [
              122.4907941,
              -3.828507
            ],
            [
              122.490843,
              -3.8285639
            ],
            [
              122.4908913,
              -3.8286201
            ],
            [
              122.490963,
              -3.8286375
            ],
            [
              122.4910254,
              -3.8286422
            ],
            [
              122.4910891,
              -3.8286308
            ],
            [
              122.4911421,
              -3.8286
            ],
            [
              122.4911722,
              -3.8285532
            ],
            [
              122.4912225,
              -3.8284903
            ],
            [
              122.4912728,
              -3.8284569
            ],
            [
              122.4913332,
              -3.8284482
            ],
            [
              122.4913996,
              -3.8284221
            ],
            [
              122.4914324,
              -3.8283639
            ],
            [
              122.4914411,
              -3.8283184
            ],
            [
              122.4914713,
              -3.8282762
            ],
            [
              122.4915223,
              -3.8282481
            ],
            [
              122.4915867,
              -3.8282495
            ],
            [
              122.4915853,
              -3.8281986
            ],
            [
              122.491596,
              -3.8281371
            ],
            [
              122.4916336,
              -3.8280849
            ],
            [
              122.491698,
              -3.8280661
            ],
            [
              122.4917597,
              -3.8280835
            ],
            [
              122.4917597,
              -3.8280273
            ],
            [
              122.4917717,
              -3.8279711
            ],
            [
              122.4918173,
              -3.8279296
            ],
            [
              122.4919152,
              -3.8279123
            ],
            [
              122.4919474,
              -3.8278534
            ],
            [
              122.4919997,
              -3.8278106
            ],
            [
              122.4920614,
              -3.8277945
            ],
            [
              122.4920547,
              -3.8277396
            ],
            [
              122.4920627,
              -3.8276861
            ],
            [
              122.492103,
              -3.827646
            ],
            [
              122.4921499,
              -3.8276219
            ],
            [
              122.4922103,
              -3.8276339
            ],
            [
              122.492225,
              -3.8275844
            ],
            [
              122.4922599,
              -3.8275403
            ],
            [
              122.4923055,
              -3.8275135
            ],
            [
              122.4923779,
              -3.827472
            ],
            [
              122.4924114,
              -3.8274212
            ],
            [
              122.4924611,
              -3.8273837
            ],
            [
              122.492512,
              -3.8273676
            ],
            [
              122.4925683,
              -3.827381
            ],
            [
              122.492563,
              -3.8273181
            ],
            [
              122.492571,
              -3.8272619
            ],
            [
              122.4925978,
              -3.8272151
            ],
            [
              122.4926488,
              -3.8271964
            ],
            [
              122.4927025,
              -3.8272071
            ],
            [
              122.4927266,
              -3.8271442
            ],
            [
              122.4927615,
              -3.827088
            ],
            [
              122.4928285,
              -3.8270518
            ],
            [
              122.4928915,
              -3.8270425
            ],
            [
              122.4929318,
              -3.826989
            ],
            [
              122.4929412,
              -3.8269287
            ],
            [
              122.492976,
              -3.8268685
            ],
            [
              122.4930283,
              -3.8268471
            ],
            [
              122.4930954,
              -3.8268578
            ],
            [
              122.4931329,
              -3.8268685
            ],
            [
              122.4931195,
              -3.8268137
            ],
            [
              122.4931289,
              -3.8267655
            ],
            [
              122.4931839,
              -3.826728
            ],
            [
              122.493259,
              -3.8267146
            ],
            [
              122.4933113,
              -3.8267173
            ],
            [
              122.493322,
              -3.8266678
            ],
            [
              122.4933596,
              -3.826625
            ],
            [
              122.4934186,
              -3.8266143
            ],
            [
              122.4934655,
              -3.826621
            ],
            [
              122.4935071,
              -3.826637
            ],
            [
              122.4934977,
              -3.8265782
            ],
            [
              122.4935004,
              -3.8265072
            ],
            [
              122.4935339,
              -3.8264617
            ],
            [
              122.4935836,
              -3.8264417
            ],
            [
              122.4936439,
              -3.8264497
            ],
            [
              122.4936707,
              -3.8263881
            ],
            [
              122.4937069,
              -3.8263453
            ],
            [
              122.4937673,
              -3.8263132
            ],
            [
              122.493829,
              -3.8263092
            ],
            [
              122.4938223,
              -3.8262597
            ],
            [
              122.4938303,
              -3.8261995
            ],
            [
              122.4938598,
              -3.8261486
            ],
            [
              122.4939027,
              -3.8261272
            ],
            [
              122.4939644,
              -3.8261299
            ],
            [
              122.4940114,
              -3.8261178
            ],
            [
              122.4940087,
              -3.826067
            ],
            [
              122.4940194,
              -3.8260188
            ],
            [
              122.4940583,
              -3.8259934
            ],
            [
              122.4941227,
              -3.8259733
            ],
            [
              122.4941643,
              -3.8260028
            ],
            [
              122.4941897,
              -3.8260536
            ],
            [
              122.4942112,
              -3.8260188
            ],
            [
              122.4942259,
              -3.8259479
            ],
            [
              122.4942407,
              -3.8259051
            ],
            [
              122.4942769,
              -3.8258703
            ],
            [
              122.494352,
              -3.8258475
            ],
            [
              122.4943936,
              -3.8258194
            ],
            [
              122.4944204,
              -3.8257632
            ],
            [
              122.49447,
              -3.8257191
            ],
            [
              122.494521,
              -3.8257164
            ],
            [
              122.4945606,
              -3.8257358
            ],
            [
              122.4945948,
              -3.8257606
            ],
            [
              122.494629,
              -3.8257438
            ],
            [
              122.4946457,
              -3.8257111
            ],
            [
              122.4946383,
              -3.8256763
            ],
            [
              122.4946437,
              -3.8256314
            ],
            [
              122.4946625,
              -3.8255987
            ],
            [
              122.494694,
              -3.8255705
            ],
            [
              122.4947557,
              -3.8255518
            ],
            [
              122.494816,
              -3.8255652
            ],
            [
              122.4948254,
              -3.8255023
            ],
            [
              122.494863,
              -3.8254448
            ],
            [
              122.4949005,
              -3.825422
            ],
            [
              122.4949542,
              -3.825426
            ],
            [
              122.4949837,
              -3.8254488
            ],
            [
              122.4950306,
              -3.8254234
            ],
            [
              122.4950387,
              -3.8253779
            ],
            [
              122.4950628,
              -3.8253417
            ],
            [
              122.4951084,
              -3.8253163
            ],
            [
              122.4951768,
              -3.8252989
            ],
            [
              122.4952412,
              -3.8252561
            ],
            [
              122.4953243,
              -3.8251664
            ],
            [
              122.4953592,
              -3.8251035
            ],
            [
              122.4954075,
              -3.825054
            ],
            [
              122.4955054,
              -3.8250072
            ],
            [
              122.4955644,
              -3.8249671
            ],
            [
              122.4955684,
              -3.8249269
            ],
            [
              122.4955885,
              -3.8248935
            ],
            [
              122.4956247,
              -3.8248707
            ],
            [
              122.495669,
              -3.8248613
            ],
            [
              122.495783,
              -3.824753
            ],
            [
              122.4958648,
              -3.8246927
            ],
            [
              122.4959131,
              -3.8246392
            ],
            [
              122.4959292,
              -3.824587
            ],
            [
              122.4959627,
              -3.8245442
            ],
            [
              122.4960244,
              -3.8245255
            ],
            [
              122.4960726,
              -3.8245161
            ],
            [
              122.4960807,
              -3.8244693
            ],
            [
              122.4961115,
              -3.8244278
            ],
            [
              122.4961947,
              -3.8243769
            ],
            [
              122.4962872,
              -3.8243515
            ],
            [
              122.4963449,
              -3.8242793
            ],
            [
              122.4964146,
              -3.8242284
            ],
            [
              122.4964844,
              -3.8242257
            ],
            [
              122.4965622,
              -3.8241575
            ],
            [
              122.4966332,
              -3.8240986
            ],
            [
              122.4967016,
              -3.8240558
            ],
            [
              122.4968116,
              -3.8239514
            ],
            [
              122.4969035,
              -3.8238511
            ],
            [
              122.4969383,
              -3.8238002
            ],
            [
              122.4969517,
              -3.8237306
            ],
            [
              122.4969464,
              -3.8236269
            ],
            [
              122.4969464,
              -3.8235627
            ],
            [
              122.4969377,
              -3.8234925
            ],
            [
              122.4969162,
              -3.8233613
            ],
            [
              122.4968733,
              -3.8232355
            ],
            [
              122.4968398,
              -3.8231205
            ],
            [
              122.4968082,
              -3.8230121
            ],
            [
              122.4968176,
              -3.8229626
            ],
            [
              122.4968512,
              -3.8229244
            ],
            [
              122.4969008,
              -3.8228977
            ],
            [
              122.4969531,
              -3.8228883
            ],
            [
              122.4969879,
              -3.822903
            ],
            [
              122.4970342,
              -3.8229719
            ],
            [
              122.4970637,
              -3.8230937
            ],
            [
              122.4970932,
              -3.8232596
            ],
            [
              122.4971395,
              -3.8233914
            ],
            [
              122.4971972,
              -3.8235246
            ],
            [
              122.4972408,
              -3.8236336
            ],
            [
              122.4972823,
              -3.8237066
            ],
            [
              122.4973118,
              -3.8237735
            ],
            [
              122.4973326,
              -3.823841
            ],
            [
              122.4973387,
              -3.8239113
            ],
            [
              122.4973286,
              -3.8239755
            ],
            [
              122.4973045,
              -3.8240364
            ],
            [
              122.4972636,
              -3.8241091
            ],
            [
              122.4971965,
              -3.8241843
            ],
            [
              122.4971482,
              -3.8242324
            ],
            [
              122.4970838,
              -3.8242819
            ],
            [
              122.4968907,
              -3.8244224
            ],
            [
              122.4968183,
              -3.8244786
            ],
            [
              122.4967606,
              -3.8245389
            ],
            [
              122.496656,
              -3.8246245
            ],
            [
              122.496589,
              -3.8246753
            ],
            [
              122.4965072,
              -3.8247262
            ],
            [
              122.4964334,
              -3.8247891
            ],
            [
              122.4963288,
              -3.824864
            ],
            [
              122.4962094,
              -3.8249724
            ],
            [
              122.4961531,
              -3.825042
            ],
            [
              122.4960968,
              -3.8250915
            ],
            [
              122.4960445,
              -3.825125
            ],
            [
              122.4959493,
              -3.8251812
            ],
            [
              122.4958661,
              -3.8252454
            ],
            [
              122.4958125,
              -3.8253003
            ],
            [
              122.4957602,
              -3.8253591
            ],
            [
              122.4956958,
              -3.8253953
            ],
            [
              122.4956435,
              -3.8254408
            ],
            [
              122.4955469,
              -3.8255237
            ],
            [
              122.495492,
              -3.8255612
            ],
            [
              122.4954396,
              -3.8256174
            ],
            [
              122.4953391,
              -3.8257124
            ],
            [
              122.4952358,
              -3.82579
            ],
            [
              122.4951366,
              -3.8258556
            ],
            [
              122.4950628,
              -3.8259305
            ],
            [
              122.4949864,
              -3.8259934
            ],
            [
              122.4942648,
              -3.8266129
            ],
            [
              122.4941938,
              -3.8266745
            ],
            [
              122.4941146,
              -3.826724
            ],
            [
              122.4940409,
              -3.8267949
            ],
            [
              122.4939765,
              -3.8268538
            ],
            [
              122.4938303,
              -3.8269568
            ],
            [
              122.493719,
              -3.8270692
            ],
            [
              122.4935152,
              -3.8272218
            ],
            [
              122.4934494,
              -3.8272579
            ],
            [
              122.4933891,
              -3.8272967
            ],
            [
              122.4933033,
              -3.8273783
            ],
            [
              122.4932389,
              -3.8274452
            ],
            [
              122.4931745,
              -3.8275362
            ],
            [
              122.4930485,
              -3.8276379
            ],
            [
              122.4929425,
              -3.8277169
            ],
            [
              122.49285,
              -3.8277945
            ],
            [
              122.4927641,
              -3.8278949
            ],
            [
              122.4926515,
              -3.8279765
            ],
            [
              122.4925522,
              -3.8280661
            ],
            [
              122.4925026,
              -3.8280929
            ],
            [
              122.4924356,
              -3.8281116
            ],
            [
              122.492339,
              -3.8281879
            ],
            [
              122.4921606,
              -3.8283418
            ],
            [
              122.4919327,
              -3.8285505
            ],
            [
              122.4917496,
              -3.8287151
            ],
            [
              122.491596,
              -3.8288549
            ],
            [
              122.4915612,
              -3.8288851
            ],
            [
              122.4915464,
              -3.8289198
            ],
            [
              122.4915431,
              -3.8289479
            ],
            [
              122.4915417,
              -3.8290015
            ],
            [
              122.4915357,
              -3.8290503
            ],
            [
              122.491531,
              -3.8290911
            ],
            [
              122.4915384,
              -3.8291319
            ],
            [
              122.4915525,
              -3.8291661
            ],
            [
              122.4915558,
              -3.8292156
            ],
            [
              122.4915437,
              -3.8292617
            ],
            [
              122.4915102,
              -3.8293126
            ],
            [
              122.4914592,
              -3.8293654
            ],
            [
              122.4914056,
              -3.8293915
            ],
            [
              122.4913506,
              -3.8294049
            ],
            [
              122.4912889,
              -3.8294009
            ],
            [
              122.4912447,
              -3.8293768
            ],
            [
              122.4912078,
              -3.8293721
            ],
            [
              122.4911669,
              -3.8293855
            ],
            [
              122.4911287,
              -3.8293782
            ],
            [
              122.4910784,
              -3.8293654
            ],
            [
              122.4910522,
              -3.8293293
            ],
            [
              122.4910428,
              -3.8292918
            ],
            [
              122.4910241,
              -3.8292597
            ],
            [
              122.4909845,
              -3.8292484
            ],
            [
              122.4909329,
              -3.829247
            ],
            [
              122.4909114,
              -3.8292196
            ],
            [
              122.4909007,
              -3.8291748
            ],
            [
              122.490906,
              -3.8291025
            ],
            [
              122.4908859,
              -3.8290617
            ],
            [
              122.4908477,
              -3.8290175
            ],
            [
              122.4908034,
              -3.8289827
            ],
            [
              122.4907431,
              -3.8289473
            ],
            [
              122.4906781,
              -3.8289312
            ],
            [
              122.4906633,
              -3.8289112
            ],
            [
              122.4906526,
              -3.828873
            ],
            [
              122.4906331,
              -3.8288429
            ],
            [
              122.4905721,
              -3.8287901
            ],
            [
              122.4905372,
              -3.8287265
            ],
            [
              122.4904856,
              -3.8286696
            ],
            [
              122.4904501,
              -3.8286301
            ],
            [
              122.4904206,
              -3.8285913
            ],
            [
              122.490389,
              -3.8285579
            ],
            [
              122.4903435,
              -3.8285218
            ],
            [
              122.4902898,
              -3.8284381
            ],
            [
              122.4902207,
              -3.8283679
            ],
            [
              122.4901879,
              -3.8283324
            ],
            [
              122.4901517,
              -3.828295
            ],
            [
              122.4901021,
              -3.8282414
            ],
            [
              122.4900337,
              -3.828133
            ],
            [
              122.4899679,
              -3.8280501
            ],
            [
              122.4898942,
              -3.8279738
            ],
            [
              122.4898285,
              -3.8278828
            ],
            [
              122.4897788,
              -3.8278253
            ],
            [
              122.4897252,
              -3.8277958
            ],
            [
              122.4896635,
              -3.8277664
            ],
            [
              122.4895911,
              -3.8277343
            ],
            [
              122.4895442,
              -3.8276901
            ],
            [
              122.489516,
              -3.8276353
            ],
            [
              122.489469,
              -3.8276072
            ],
            [
              122.4894248,
              -3.8275991
            ],
            [
              122.4893631,
              -3.8276125
            ],
            [
              122.4893188,
              -3.8276366
            ],
            [
              122.4892639,
              -3.8276808
            ],
            [
              122.4891794,
              -3.8277517
            ],
            [
              122.4890976,
              -3.8278266
            ],
            [
              122.4890131,
              -3.8279123
            ],
            [
              122.4889152,
              -3.8279939
            ],
            [
              122.4888092,
              -3.8280849
            ],
            [
              122.4887006,
              -3.8281692
            ],
            [
              122.4885437,
              -3.8282749
            ],
            [
              122.4884203,
              -3.8283458
            ],
            [
              122.4883237,
              -3.8284234
            ],
            [
              122.4881977,
              -3.8285385
            ],
            [
              122.4881253,
              -3.8286188
            ],
            [
              122.4880649,
              -3.8286683
            ],
            [
              122.488018,
              -3.8287151
            ],
            [
              122.4879885,
              -3.8287606
            ],
            [
              122.4879362,
              -3.8288235
            ],
            [
              122.4878691,
              -3.8288717
            ],
            [
              122.4878182,
              -3.8289252
            ],
            [
              122.4877337,
              -3.8290189
            ],
            [
              122.4876612,
              -3.8290818
            ],
            [
              122.4875942,
              -3.829146
            ],
            [
              122.4875405,
              -3.8291888
            ],
            [
              122.4874869,
              -3.829253
            ],
            [
              122.4874641,
              -3.8292945
            ],
            [
              122.487452,
              -3.8293414
            ],
            [
              122.4874413,
              -3.8294283
            ],
            [
              122.4874346,
              -3.8294993
            ],
            [
              122.4874306,
              -3.8295835
            ],
            [
              122.4874252,
              -3.829621
            ],
            [
              122.487444,
              -3.8296946
            ],
            [
              122.4874856,
              -3.8297348
            ],
            [
              122.4875526,
              -3.8297722
            ],
            [
              122.4876277,
              -3.8298164
            ],
            [
              122.4876975,
              -3.8298659
            ],
            [
              122.4877806,
              -3.8299221
            ],
            [
              122.4878396,
              -3.8299716
            ],
            [
              122.4878933,
              -3.8300519
            ],
            [
              122.4879456,
              -3.8301456
            ],
            [
              122.4881534,
              -3.8304212
            ],
            [
              122.4881776,
              -3.8304614
            ],
            [
              122.4881843,
              -3.8305028
            ],
            [
              122.4882499,
              -3.83071
            ],
            [
              122.4882955,
              -3.8308931
            ],
            [
              122.4883539,
              -3.8309337
            ],
            [
              122.4883774,
              -3.8309605
            ],
            [
              122.4883915,
              -3.8310086
            ],
            [
              122.4883854,
              -3.8310568
            ],
            [
              122.4883479,
              -3.8311103
            ],
            [
              122.4882996,
              -3.8311358
            ],
            [
              122.4882554,
              -3.8311746
            ],
            [
              122.4882433,
              -3.8312214
            ],
            [
              122.4882607,
              -3.8312749
            ],
            [
              122.4883023,
              -3.8313699
            ],
            [
              122.4883787,
              -3.8315091
            ],
            [
              122.4884958,
              -3.8318624
            ],
            [
              122.4886228,
              -3.8321848
            ],
            [
              122.4887381,
              -3.8324779
            ],
            [
              122.4888669,
              -3.8327656
            ],
            [
              122.4889621,
              -3.8329957
            ],
            [
              122.4889152,
              -3.8329703
            ],
            [
              122.4888441,
              -3.832898
            ],
            [
              122.4887502,
              -3.8327977
            ],
            [
              122.4886684,
              -3.8326773
            ],
            [
              122.4886067,
              -3.8325956
            ],
            [
              122.4885517,
              -3.8325033
            ],
            [
              122.4885035,
              -3.8324123
            ],
            [
              122.4884579,
              -3.8323079
            ],
            [
              122.4883854,
              -3.8322196
            ],
            [
              122.4883144,
              -3.8321728
            ],
            [
              122.4882272,
              -3.8321527
            ],
            [
              122.4881078,
              -3.8321848
            ],
            [
              122.4879751,
              -3.8322544
            ],
            [
              122.4877873,
              -3.8323548
            ],
            [
              122.4875566,
              -3.8324605
            ],
            [
              122.4874239,
              -3.832514
            ],
            [
              122.4873783,
              -3.8325742
            ],
            [
              122.4873783,
              -3.8326237
            ],
            [
              122.4874011,
              -3.8327401
            ],
            [
              122.4874574,
              -3.8328646
            ],
            [
              122.4875338,
              -3.8329355
            ],
            [
              122.4876022,
              -3.832981
            ],
            [
              122.487743,
              -3.8330399
            ],
            [
              122.4879,
              -3.8330854
            ],
            [
              122.4879858,
              -3.8331416
            ],
            [
              122.4880582,
              -3.8332339
            ],
            [
              122.4881011,
              -3.8332914
            ],
            [
              122.4881776,
              -3.8333088
            ],
            [
              122.488254,
              -3.8332767
            ],
            [
              122.4883358,
              -3.8332312
            ],
            [
              122.4883935,
              -3.8331737
            ],
            [
              122.4884605,
              -3.8331081
            ],
            [
              122.4885464,
              -3.8330533
            ],
            [
              122.4886215,
              -3.8330198
            ],
            [
              122.4886805,
              -3.8330278
            ],
            [
              122.4887368,
              -3.8330747
            ],
            [
              122.4888146,
              -3.8332085
            ],
            [
              122.488938,
              -3.8333115
            ],
            [
              122.4890198,
              -3.8333329
            ],
            [
              122.4890842,
              -3.8333851
            ],
            [
              122.4891163,
              -3.833452
            ],
            [
              122.4891901,
              -3.8334922
            ],
            [
              122.4892411,
              -3.8334908
            ],
            [
              122.4892665,
              -3.833456
            ],
            [
              122.4892598,
              -3.8334239
            ],
            [
              122.4893658,
              -3.8335484
            ],
            [
              122.4895924,
              -3.8337972
            ],
            [
              122.48882,
              -3.8340301
            ],
            [
              122.4881923,
              -3.8336715
            ],
            [
              122.4876237,
              -3.8344609
            ],
            [
              122.4865857,
              -3.833915
            ],
            [
              122.4863282,
              -3.8345519
            ],
            [
              122.4861136,
              -3.8347339
            ],
            [
              122.4858347,
              -3.8351327
            ],
            [
              122.4856523,
              -3.835518
            ],
            [
              122.4856871,
              -3.8357428
            ],
            [
              122.4853411,
              -3.8362139
            ],
            [
              122.484861,
              -3.8362567
            ],
            [
              122.4846196,
              -3.8360827
            ],
            [
              122.4845016,
              -3.8356251
            ],
            [
              122.484861,
              -3.8352183
            ],
            [
              122.484794,
              -3.8349882
            ],
            [
              122.4838954,
              -3.8344904
            ],
            [
              122.4836406,
              -3.8341612
            ],
            [
              122.4831283,
              -3.8343994
            ],
            [
              122.4827018,
              -3.8338053
            ],
            [
              122.4830854,
              -3.8336661
            ],
            [
              122.4833617,
              -3.8330613
            ],
            [
              122.4832946,
              -3.8323093
            ],
            [
              122.4825972,
              -3.8318516
            ],
            [
              122.482734,
              -3.8316483
            ],
            [
              122.4835548,
              -3.8319185
            ],
            [
              122.4843433,
              -3.8317901
            ],
            [
              122.4844614,
              -3.8315519
            ],
            [
              122.4843058,
              -3.8313137
            ],
            [
              122.4838391,
              -3.8312602
            ],
            [
              122.4835172,
              -3.831121
            ],
            [
              122.4830827,
              -3.8308293
            ],
            [
              122.4832061,
              -3.8304761
            ],
            [
              122.4839357,
              -3.8305778
            ],
            [
              122.483882,
              -3.8302325
            ],
            [
              122.4829057,
              -3.8298097
            ],
            [
              122.4822646,
              -3.829609
            ],
            [
              122.4821842,
              -3.8298177
            ],
            [
              122.482101,
              -3.8299408
            ],
            [
              122.4818033,
              -3.8301817
            ],
            [
              122.481736,
              -3.8302473
            ],
            [
              122.4817048,
              -3.8302939
            ],
            [
              122.4816737,
              -3.8303404
            ],
            [
              122.4815522,
              -3.8304155
            ]
          ]
        ]
      },
      "properties": {
        "site_id": "virtue-dragon-nickel-industrial-park-vdnip",
        "source_name": "OSM relation 14284935 (landuse=industrial multipolygon, Konawe)",
        "source_url": "https://www.openstreetmap.org/relation/14284935",
        "verified_date": "2026-05-03",
        "area_ha_osm": 349.2,
        "notes": "Konawe industrial multipolygon covering Delong Nickel Phase II + adjacent smelter facilities. CGSP IIA centroid was 8 km S in farmland; this polygon is the actual operational complex visible at zoom 16."
      }
    },
    {
      "type": "Feature",
      "geometry": {
        "type": "MultiPolygon",
        "coordinates": [
          [
            [
              [
                127.9941272,
                0.4739407
              ],
              [
                127.9917702,
                0.4742603
              ],
              [
                127.9913747,
                0.4745279
              ],
              [
                127.9912908,
                0.4747396
              ],
              [
                127.9941791,
                0.4746438
              ],
              [
                127.9941272,
                0.4739407
              ]
            ]
          ],
          [
            [
              [
                128.0097286,
                0.477725
              ],
              [
                128.011058,
                0.474801
              ],
              [
                128.0103245,
                0.4747701
              ],
              [
                128.0095067,
                0.4747357
              ],
              [
                127.9993581,
                0.4745995
              ],
              [
                127.9967224,
                0.4745641
              ],
              [
                127.9958011,
                0.4748587
              ],
              [
                127.9925246,
                0.474792
              ],
              [
                127.9920346,
                0.4748843
              ],
              [
                127.9917265,
                0.475088
              ],
              [
                127.9919779,
                0.4755696
              ],
              [
                127.992146,
                0.4764064
              ],
              [
                127.9918041,
                0.4776136
              ],
              [
                127.9917968,
                0.4784412
              ],
              [
                128.0091416,
                0.4784254
              ],
              [
                128.0095353,
                0.477988
              ],
              [
                128.0097286,
                0.477725
              ]
            ]
          ],
          [
            [
              [
                127.9880812,
                0.481722
              ],
              [
                127.9880476,
                0.4826693
              ],
              [
                127.9894988,
                0.482676
              ],
              [
                127.9895055,
                0.4817422
              ],
              [
                127.9880812,
                0.481722
              ]
            ]
          ],
          [
            [
              [
                127.9945381,
                0.4840356
              ],
              [
                127.9883569,
                0.4840356
              ],
              [
                127.9882225,
                0.4879592
              ],
              [
                127.992845,
                0.4878651
              ],
              [
                127.9942425,
                0.4869783
              ],
              [
                127.9945381,
                0.4840356
              ]
            ]
          ]
        ]
      },
      "properties": {
        "site_id": "industrial-weda-bay-industrial-park-iwip",
        "source_name": "OSM ways union (PLTU Weda Bay + \u954d\u94c1KJH + \u7535\u5382 sub-facilities)",
        "source_url": "https://www.openstreetmap.org/way/1152758557",
        "verified_date": "2026-05-03",
        "area_ha_osm": 116.6,
        "notes": "Union of 7 IWIP sub-facility ways (Chinese-named smelters and power plants). No comprehensive single relation exists; this approximates the operational footprint. Some buildings are post-2023 and may not appear in GoB/MS imagery yet."
      }
    },
    {
      "type": "Feature",
      "geometry": {
        "type": "Polygon",
        "coordinates": [
          [
            [
              120.0600904,
              -5.5823672
            ],
            [
              120.0613242,
              -5.5822658
            ],
            [
              120.062145,
              -5.5822711
            ],
            [
              120.0629872,
              -5.5823672
            ],
            [
              120.0642049,
              -5.5825808
            ],
            [
              120.0647896,
              -5.5827677
            ],
            [
              120.0645959,
              -5.5833503
            ],
            [
              120.0646991,
              -5.5833583
            ],
            [
              120.0648218,
              -5.5833776
            ],
            [
              120.0650579,
              -5.5828211
            ],
            [
              120.0658196,
              -5.5832589
            ],
            [
              120.0664633,
              -5.5836433
            ],
            [
              120.0671446,
              -5.580851
            ],
            [
              120.0674611,
              -5.5809311
            ],
            [
              120.0676811,
              -5.5799594
            ],
            [
              120.0691402,
              -5.5800661
            ],
            [
              120.0692743,
              -5.5781761
            ],
            [
              120.0686359,
              -5.5782375
            ],
            [
              120.0683972,
              -5.5781922
            ],
            [
              120.0683543,
              -5.5781414
            ],
            [
              120.0683731,
              -5.578088
            ],
            [
              120.0685072,
              -5.5779933
            ],
            [
              120.068475,
              -5.5777383
            ],
            [
              120.0685447,
              -5.5777063
            ],
            [
              120.0688961,
              -5.5777063
            ],
            [
              120.0687781,
              -5.5773272
            ],
            [
              120.0686601,
              -5.5773272
            ],
            [
              120.0685689,
              -5.5772391
            ],
            [
              120.0682658,
              -5.5772792
            ],
            [
              120.0682417,
              -5.5771697
            ],
            [
              120.0683838,
              -5.5769802
            ],
            [
              120.0682121,
              -5.5768707
            ],
            [
              120.0681531,
              -5.5767399
            ],
            [
              120.0682148,
              -5.576529
            ],
            [
              120.0682256,
              -5.5761713
            ],
            [
              120.0701648,
              -5.5761446
            ],
            [
              120.0701943,
              -5.575819
            ],
            [
              120.0698939,
              -5.5758163
            ],
            [
              120.069859,
              -5.5754265
            ],
            [
              120.0704169,
              -5.5754292
            ],
            [
              120.0704545,
              -5.5750688
            ],
            [
              120.0698322,
              -5.5750501
            ],
            [
              120.0698054,
              -5.5747164
            ],
            [
              120.0702158,
              -5.5747672
            ],
            [
              120.0702614,
              -5.5743454
            ],
            [
              120.069792,
              -5.5743294
            ],
            [
              120.0697812,
              -5.5741932
            ],
            [
              120.0703633,
              -5.5741905
            ],
            [
              120.0703981,
              -5.5738222
            ],
            [
              120.0704981,
              -5.5738248
            ],
            [
              120.0705303,
              -5.5736633
            ],
            [
              120.0704726,
              -5.573658
            ],
            [
              120.070488,
              -5.5735672
            ],
            [
              120.0705028,
              -5.5732215
            ],
            [
              120.0704572,
              -5.5728731
            ],
            [
              120.0705349,
              -5.5728037
            ],
            [
              120.0706342,
              -5.5722605
            ],
            [
              120.0707173,
              -5.5722565
            ],
            [
              120.0707589,
              -5.5719708
            ],
            [
              120.0706905,
              -5.5719602
            ],
            [
              120.0707012,
              -5.5718227
            ],
            [
              120.0703056,
              -5.571792
            ],
            [
              120.0703391,
              -5.5716545
            ],
            [
              120.0707723,
              -5.5717146
            ],
            [
              120.0707804,
              -5.5712954
            ],
            [
              120.0693789,
              -5.5711499
            ],
            [
              120.0693994,
              -5.5710038
            ],
            [
              120.0693689,
              -5.5709768
            ],
            [
              120.0690812,
              -5.5709604
            ],
            [
              120.0691818,
              -5.5703624
            ],
            [
              120.0689672,
              -5.5701115
            ],
            [
              120.0688612,
              -5.5698512
            ],
            [
              120.0687218,
              -5.569643
            ],
            [
              120.0687164,
              -5.5694441
            ],
            [
              120.0693199,
              -5.5694281
            ],
            [
              120.0693226,
              -5.569348
            ],
            [
              120.0705913,
              -5.5693827
            ],
            [
              120.0704974,
              -5.5688862
            ],
            [
              120.0704464,
              -5.5688875
            ],
            [
              120.0704437,
              -5.5689382
            ],
            [
              120.0703526,
              -5.5689422
            ],
            [
              120.0703324,
              -5.5688982
            ],
            [
              120.0697665,
              -5.5688915
            ],
            [
              120.0697678,
              -5.5685738
            ],
            [
              120.0701728,
              -5.5686166
            ],
            [
              120.0701688,
              -5.5685071
            ],
            [
              120.0704411,
              -5.5684884
            ],
            [
              120.0704116,
              -5.5682762
            ],
            [
              120.0701661,
              -5.5682935
            ],
            [
              120.0701702,
              -5.5681747
            ],
            [
              120.0703941,
              -5.5681828
            ],
            [
              120.0703418,
              -5.5677303
            ],
            [
              120.0700696,
              -5.5676916
            ],
            [
              120.0700682,
              -5.5675621
            ],
            [
              120.0699475,
              -5.5675461
            ],
            [
              120.0699918,
              -5.5672764
            ],
            [
              120.0699931,
              -5.5670949
            ],
            [
              120.0696646,
              -5.5670589
            ],
            [
              120.0696713,
              -5.566884
            ],
            [
              120.0697397,
              -5.5668947
            ],
            [
              120.0696887,
              -5.5666197
            ],
            [
              120.0697263,
              -5.5661512
            ],
            [
              120.0697263,
              -5.5659483
            ],
            [
              120.0696444,
              -5.5659336
            ],
            [
              120.0696713,
              -5.5658335
            ],
            [
              120.0697155,
              -5.5658389
            ],
            [
              120.0697356,
              -5.5657601
            ],
            [
              120.0697732,
              -5.565684
            ],
            [
              120.0691938,
              -5.5653744
            ],
            [
              120.0693293,
              -5.5649819
            ],
            [
              120.0688452,
              -5.5646629
            ],
            [
              120.0688465,
              -5.5643306
            ],
            [
              120.0689615,
              -5.5642852
            ],
            [
              120.0687137,
              -5.5639515
            ],
            [
              120.0686453,
              -5.5639074
            ],
            [
              120.0684106,
              -5.5638687
            ],
            [
              120.0683838,
              -5.5642131
            ],
            [
              120.0680945,
              -5.5641984
            ],
            [
              120.0680056,
              -5.5646576
            ],
            [
              120.0666082,
              -5.5643292
            ],
            [
              120.0664942,
              -5.5648511
            ],
            [
              120.0661764,
              -5.5647177
            ],
            [
              120.0661603,
              -5.5647577
            ],
            [
              120.0661267,
              -5.5647484
            ],
            [
              120.0661066,
              -5.5648244
            ],
            [
              120.0658518,
              -5.5647484
            ],
            [
              120.0658263,
              -5.5651288
            ],
            [
              120.0658759,
              -5.5657388
            ],
            [
              120.0661764,
              -5.5657388
            ],
            [
              120.0666833,
              -5.5658722
            ],
            [
              120.0666377,
              -5.5663955
            ],
            [
              120.0660503,
              -5.5661312
            ],
            [
              120.0660476,
              -5.5665023
            ],
            [
              120.0658599,
              -5.5664782
            ],
            [
              120.0658156,
              -5.5669494
            ],
            [
              120.0657687,
              -5.5676715
            ],
            [
              120.0656721,
              -5.5680292
            ],
            [
              120.0653645,
              -5.5688997
            ],
            [
              120.0652852,
              -5.5692275
            ],
            [
              120.0652429,
              -5.5695202
            ],
            [
              120.0652047,
              -5.5698833
            ],
            [
              120.0650686,
              -5.5712567
            ],
            [
              120.0650364,
              -5.5714423
            ],
            [
              120.0649868,
              -5.5715864
            ],
            [
              120.0644825,
              -5.5726809
            ],
            [
              120.0643082,
              -5.5730827
            ],
            [
              120.0641701,
              -5.5732896
            ],
            [
              120.0636873,
              -5.5737714
            ],
            [
              120.0638831,
              -5.5739209
            ],
            [
              120.0635786,
              -5.5744054
            ],
            [
              120.0637181,
              -5.5744869
            ],
            [
              120.0636725,
              -5.5745736
            ],
            [
              120.0635223,
              -5.5744922
            ],
            [
              120.06347,
              -5.5745856
            ],
            [
              120.0634378,
              -5.574571
            ],
            [
              120.0633909,
              -5.5746417
            ],
            [
              120.0633533,
              -5.5747498
            ],
            [
              120.0635505,
              -5.5748272
            ],
            [
              120.0635076,
              -5.5750608
            ],
            [
              120.0639407,
              -5.5751663
            ],
            [
              120.0638978,
              -5.5753798
            ],
            [
              120.0634365,
              -5.5753104
            ],
            [
              120.0634231,
              -5.5755387
            ],
            [
              120.0635263,
              -5.5756041
            ],
            [
              120.0635236,
              -5.5757055
            ],
            [
              120.0633506,
              -5.5757589
            ],
            [
              120.0632474,
              -5.5767453
            ],
            [
              120.0631481,
              -5.5772338
            ],
            [
              120.0624092,
              -5.5771484
            ],
            [
              120.0623542,
              -5.5774527
            ],
            [
              120.0635397,
              -5.5775928
            ],
            [
              120.0634311,
              -5.5781975
            ],
            [
              120.0627337,
              -5.5781201
            ],
            [
              120.062723,
              -5.5783416
            ],
            [
              120.0627041,
              -5.578485
            ],
            [
              120.0633305,
              -5.5785312
            ],
            [
              120.0633185,
              -5.5787581
            ],
            [
              120.0621249,
              -5.5786206
            ],
            [
              120.0619908,
              -5.5790691
            ],
            [
              120.0619251,
              -5.5792399
            ],
            [
              120.0617588,
              -5.5795589
            ],
            [
              120.0615764,
              -5.57989
            ],
            [
              120.0612438,
              -5.5803892
            ],
            [
              120.0610265,
              -5.5806428
            ],
            [
              120.0606108,
              -5.5810966
            ],
            [
              120.0601736,
              -5.5815183
            ],
            [
              120.0595553,
              -5.5820616
            ],
            [
              120.0592576,
              -5.5822645
            ],
            [
              120.0594413,
              -5.5823432
            ],
            [
              120.059664,
              -5.5823846
            ],
            [
              120.0600904,
              -5.5823672
            ]
          ]
        ]
      },
      "properties": {
        "site_id": "bantaeng-industrial-park-bip",
        "source_name": "OSM way/592275190 (Huadi Nickel-Alloy Indonesia, landuse=industrial)",
        "source_url": "https://www.openstreetmap.org/way/592275190",
        "verified_date": "2026-05-03",
        "area_ha_osm": 121.8,
        "notes": "BIP main smelter (Huadi Nickel-Alloy Indonesia). Current dim_sites coord is 1 km W of polygon; coord override moves to polygon centroid."
      }
    }
  ]
}